cluster_id,group_name,rule_id,dimension,reason,authority,sku_count,sample_names,status,decided_by,decided_at,note
Party & Festive Needs|DEFAULT-REVIEW,Party & Festive Needs,DEFAULT-REVIEW,,No rule matched this SKU. Unknown items are held for review rather than listed.,Policy: conservative default,834,"""Ladaku Bhai"" Mug (White) - Quace | '67' Trendy Rakhi by Ttyohar | 0-9 Number Foil Balloons Set (Golden) Party Propz | 1 - 12 Months Birthday Photo Frame Banner (Brown) by Party Propz | 100% Natural Fruit Gulal (Pink) by Standard",PENDING,,,
Jewellery|KW-JEWELLERY-081,Jewellery,KW-JEWELLERY-081,US_IMPORT,"Imitation jewellery faces CPSC lead and cadmium limits, and precious-metal items attract higher duty plus FTC marking rules.",16 CFR 1500.91 (lead in children's jewelry); FTC Jewelry Guides 16 CFR 23,829,925 Siller Pure Silver Evil Eye Anklet (Silver) | 925 Siller Pure Silver Evil Eye Nazariya Anklet (Black) | 925 Siller Triple Evil Eye Nazariya Anklet 26 cm (Black) | 925 Siller Triple Evil Eye Nazariya Link Bracelet (Black) | Aarunya Creations Glass Bangle Set (Red),PENDING,,,
Jewellery|GROUP:Jewellery,Jewellery,GROUP:Jewellery,US_IMPORT,CPSC lead/cadmium limits and FTC marking rules.,16 CFR 1500.91; 16 CFR 23,775,925 SILLER Pure Silver Evil Eye Baby Nazariya Bracelets | 925 Siller Evil Eye Nazariya Anklets 26 cm (Black) | 925 Siller Pure Silver Evil Eye Anklets (Silver) | Aarunya Creations Jewellery Organizer (Transparent) | Aatmana American Diamond Studded Traditional Nose Ring (Golden),PENDING,,,
Home Needs|DEFAULT-REVIEW,Home Needs,DEFAULT-REVIEW,,No rule matched this SKU. Unknown items are held for review rather than listed.,Policy: conservative default,693,7Stars 20 W Glue Gun with Sticks | 7Stars Artificial Rose Flower Bouquet | 7Stars Crochet Flower Bouquet | 7Stars Daisy Crochet Flower Bouquet | 7Stars Handmade Daisy & Sunflower Crochet Flower Bouquet,PENDING,,,
Pooja Needs|GROUP:Pooja Needs,Pooja Needs,GROUP:Pooja Needs,HAZMAT,"Shelf mixes inert items with camphor, incense and oil lamps that are flammable solids.",IATA DGR Class 4.1,617,"14 Essentials for Pooja - Navratri Pooja Kit by ServDharm | 18"" Pooja Mala - Aksharveda | 2' Natural Shaligram Stone for Vishnu Puja & Tulsi Vivah by ServDharm | 4"" Red Aasan with Border by Shubhika | 5"" Panchmukhi Hanuman Idol by Habere India",PENDING,,,
Home Appliances|GROUP:Home Appliances,Home Appliances,GROUP:Home Appliances,FUNCTIONAL,220-240V Indian mains will not run on US 120V supply.,Operational constraint,575,"AC Remote for Daikin AC with Dew Clean Function (White) | ANT Flora Mountain Blue Personal Digital Weighing Machine | Acer EK240Y P6 Monitor (24"", LED) | Acer Panel Monitor (22"", LED) | Activa Apsra 48"" Ceiling Fan",PENDING,,,
Fragrance & Talc|KW-PERFUME-052,Fragrance & Talc,KW-PERFUME-052,HAZMAT,Alcohol-based fragrance is a limited-quantity dangerous good. Shippable only in small volumes with DG paperwork and a carrier that accepts LQ.,"IATA DGR UN1266 (perfumery products), Limited Quantity provisions",535,AND Ajmal Love Muse Eau de Parfum (White Floral) | AND Ethereal Dreamer EDP & Pretty Vogue Body Mist Crafted by Ajmal | Abu Haami Ameer Al Oud Attar | Abu Haami Attar (Jannatul Firdaus) | Abu Haami Attar (Kesar Chandan),PENDING,,,
Beauty Accessories|DEFAULT-REVIEW,Beauty Accessories,DEFAULT-REVIEW,,No rule matched this SKU. Unknown items are held for review rather than listed.,Policy: conservative default,517,7Stars Makeup Cosmetic Travel Pouch Set (Sky Blue) | Adify Back Body Scrubber with Long Handle | Adtala Invisible Earlobe Patches | Aegon Ice Facial Roller | Airluxe Electric Foot Callus Remover,PENDING,,,
Books & Magazines|PK-UNKNOWN-002,Books & Magazines,PK-UNKNOWN-002,DUTY,"Pack size could not be parsed, so shipping weight cannot be computed. Quoting this SKU risks under-charging freight.",Operational constraint,480,1000+ Sticker Book For Kids | 101 Copy Coloring: Fun Coloring Book for Kids | 101 Maze Activity Book for Kids | 101 Pencil Control Activity Book For Kids | 108 Akbar & Birbal Stories,PENDING,,,
Hair Accessories|DEFAULT-REVIEW,Hair Accessories,DEFAULT-REVIEW,,No rule matched this SKU. Unknown items are held for review rather than listed.,Policy: conservative default,478,Aarunya Creations Hair Extension Paranda / Parandi (Black) | Aarunya Creations Rose Juda Hair Pin (Red) | Aarunya Creations Traditional Hair Extension Paranda / Parandi (Black) | Adify Titanium Micro Needles Derma Roller (Black) | Allure Pure Neem Wooden Hair Comb Set (Light Brown),PENDING,,,
Dry Fruits|GROUP:Dry Fruits,Dry Fruits,GROUP:Dry Fruits,US_IMPORT,Tree nuts and dried fruit need FDA prior notice and face aflatoxin sampling.,21 CFR 1.280; FDA Import Alert 21-01,425,24 Mantra Organic Peanuts | AMAYU Cashew Almonds Combo | AMAYU Dry Fruit Mix | AMAYU Dry Fruits & Seeds Trail Mix | AMAYU Healthy Seeds & Dry Fruits Trail Mix,PENDING,,,
Decorative Lights|GROUP:Decorative Lights,Decorative Lights,GROUP:Decorative Lights,FUNCTIONAL,220V mains lighting; UL/ETL listing expected by US retail.,Operational constraint,323,3D Moon 5 W Lamp (White) - One94Store | 3D Saturn Crystal Ball Night 5 W Lamp (Transparent) - One94Store | 5 W Table Lamp (Golden) - Storescent | Absolute Vodka Bottle 3 W Table Lamp (Yellow) - Kavi The Poetry-Art Project | Astronaut Alarm Clock 5 W Decorative Lamp (Warm White) - HashWOW,PENDING,,,
Kitchen Accessories|DEFAULT-REVIEW,Kitchen Accessories,DEFAULT-REVIEW,,No rule matched this SKU. Unknown items are held for review rather than listed.,Policy: conservative default,290,"ADTALA Natural Coffee Filter Paper (Beige, 100 pcs) | Am Safe-X Check Design Cotton Kitchen Cloth | Am Safe-X Cotton Kitchen Cloth | Am Safe-X Cotton Kitchen Towel | Am Safe-X Cotton Kitchen Towel Set",PENDING,,,
Sports & Gym|CATEGORY:Stationery & Games,Sports & Gym,CATEGORY:Stationery & Games,US_IMPORT,Mixed shelf; games/toys hit CPSIA while pure stationery is clear.,CPSIA 15 U.S.C. 2063,281,7Stars Stretchable Quick Dry Swim Shorts (Black) | 7Stars UV Protection Arm Sleeves | Aegon Sit Up Bar for Abs & Crunches | BeastLife Resistance Tube with Handles & Door Anchor | BeastLife Support Wrist Strap with Finger Loops,PENDING,,,
Chocolates|KW-CHOCOLATE-062,Chocolates,KW-CHOCOLATE-062,TEMPERATURE,"Chocolate melts above ~30C. Listable with a seasonal hold (block May-September) and insulated packing, not year-round.",Operational constraint; commodity melting point,278,7 Bazaari Choco & Nuts Dates Assorted Chocolate Pack | 7 Bazaari Dubai Pistachio Kunafa Chocolate | 7 Bazaari Mango Butterscotch Bombay Chocolate Bar | Amul 55% Cocoa Dark Chocolate Bar | Amul 90% Bitter Dark Chocolate Bar,PENDING,,,
Earphones & Headsets|GROUP:Earphones & Headsets,Earphones & Headsets,GROUP:Earphones & Headsets,HAZMAT,Contains lithium cells; FCC authorization also applies.,IATA PI 970; 47 CFR Part 15,264,ACwO DwOTS BOLD TWS Earbuds (Cream) | ACwO DwOTS Fire TWS Earbuds (White) | Ambrane EP-83 3.5mm Wired Earphones (Green) | Ambrane EP-83 3.5mm Wired Earphones (Orange) | Ambrane Stringz 38 Lite Wired Earphones (Green),PENDING,,,
Soda & Mixers|DEFAULT-REVIEW,Soda & Mixers,DEFAULT-REVIEW,,No rule matched this SKU. Unknown items are held for review rather than listed.,Policy: conservative default,252,&Stirred Cocktail Mix Cocktail Mix | Absolut Mixers (Lime & Mint Mojito Flavoured) | Absolut Mixers (Raspberry & Lemon Flavoured) | Absolut Mixers Carbonated Cocktail Mix (Raspberry & Lemon Flavoured) + Xclamation Apple Harmony (Toddy) Mocktail & Cocktail Mix Combo | Absolut Mixers Carbonated Cocktail Mix (Raspberry & Lemon Flavoured) + Xclamation Citrus Zing (Screwdriver) Mocktail & Cocktail Mix Combo,PENDING,,,
Toys & Games|KW-TOY-080,Toys & Games,KW-TOY-080,US_IMPORT,"Children's products need CPSIA third-party testing, a Children's Product Certificate and tracking labels; lead and phthalate limits apply.",CPSIA 15 U.S.C. 2063; 16 CFR 1303 (lead paint); ASTM F963,234,ABPY Mother & Baby Teddy Bear (Pink) | Aganta 1:36 Tesla Cyber Truck Pull Back Toy Car | Aganta 360° Rotating Bumper RC Toy Car | Aganta Crawling Horror Hand RC Toy | Aganta Drift Stunt Double Spray RC Toy with Hand Gesture,PENDING,,,
Bathroom Essentials|DEFAULT-REVIEW,Bathroom Essentials,DEFAULT-REVIEW,,No rule matched this SKU. Unknown items are held for review rather than listed.,Policy: conservative default,219,"7Stars Stainless Steel Cloth Hanger (Chrome) | 7Stars Wall-Mounted Self Adhesive Toothbrush Holder (Plastic, White) | AMRO Beautility Needs Bath Towel | Am Safe-X Microfiber Cloth Towel | Aravi 10 m Braided Twisted Cloth Rope (Multicolour)",PENDING,,,
Toys & Games|GROUP:Toys & Games,Toys & Games,GROUP:Toys & Games,US_IMPORT,CPSIA testing and certification for children's products.,CPSIA 15 U.S.C. 2063,188,400+ Colouring Book for Kids | Annie 6-in-1 Learning Activity Kit | Antson Inflatable Tummy Time Water Baby Play Mat | Apex CARBON-X Sabre Formula Racing Car Building Blocks Set (Sabre) | Apex CARBON-X Spectre Formula Racing Car Building Blocks,PENDING,,,
Mobile & Computer|KW-FCC-083,Mobile & Computer,KW-FCC-083,US_IMPORT,Radio-frequency devices require an FCC equipment authorization and Form 740 declaration at entry.,47 CFR Part 15/2.1033; FCC Form 740,185,Agaro USB Type C Female to USB Male OTG Adapter | Agaro USB Type C Female to USB Male OTG Adapter (Black) | Ambrane Twistand Mobile Stand (White) | Ambrane Type C & Micro USB to USB 3.0 OTG Converter (Black) | Amkette XS Series Flow S Ergonomic Wireless Mouse,PENDING,,,
Cleaning Tools|CATEGORY:Cleaners & Repellents,Cleaning Tools,CATEGORY:Cleaners & Repellents,HAZMAT,Mixed shelf of inert cleaners and EPA-regulated pesticides.,FIFRA; IATA DGR,175,"3 G Clean Mop Refill (Microfiber) | 3 G Clean Spin Mop with Refill (Microfiber) | 7Stars Duster with Extension Pole (Stainless Steel, Grey) | 7Stars Magic Eraser Cleaning Sponge (Foam, White) | 7Stars Multipurpose Microfiber Cloth (Grey)",PENDING,,,
Hair Oil & Cream|KW-COSMETIC-072,Hair Oil & Cream,KW-COSMETIC-072,US_IMPORT,Cosmetics require MoCRA facility registration and product listing; kajal/surma carry a lead import alert and hair colour carries PPD restrictions.,MoCRA 2022 (21 U.S.C. 364); FDA Import Alert 53-19 (kohl/kajal lead),154,&Done Success Story Rebuilding Hair Serum | Antinorm Bye Bye Blow Dry Hair Serum | Arata Damage Defence Super Hair Serum | Arata Intensive Hair Growth Serum with 3% Redensyl | Avimee Herbal Keshpallav Hair Oil,PENDING,,,
"Face Oil, Serum & Essence|KW-COSMETIC-072","Face Oil, Serum & Essence",KW-COSMETIC-072,US_IMPORT,Cosmetics require MoCRA facility registration and product listing; kajal/surma carry a lead import alert and hair colour carries PPD restrictions.,MoCRA 2022 (21 U.S.C. 364); FDA Import Alert 53-19 (kohl/kajal lead),146,4Mation Dark Spot & Pigmentation Face Serum | Anua Azelaic Acid 10 Hyaluron Face Serum | Anua Niacinamide 10 Txa 4 Face Serum | Ark Collectives Sacred Glow Kumkumadi Face Serum | Asaya 2% Kojic Acid Face Serum,PENDING,,,
Oil|DEFAULT-REVIEW,Oil,DEFAULT-REVIEW,,No rule matched this SKU. Unknown items are held for review rather than listed.,Policy: conservative default,145,7 Health Cold Pressed Virgin Coconut Oil | Amrove Cold Pressed Mustard Oil | Amrove Yellow Cold Pressed Mustard Oil | Anchal Refined Soyabean Oil | Anjali Gold 100% Pure Cold Pressed Mustard Oil,PENDING,,,
Bottles & Flasks|DEFAULT-REVIEW,Bottles & Flasks,DEFAULT-REVIEW,,No rule matched this SKU. Unknown items are held for review rather than listed.,Policy: conservative default,144,AGIS Gym Shaker (White) | AGIS Stainless Steel Gym Shaker (Black) | AGIS Stainless Steel Protein Gym Shaker (Steel) | Aquench Rush Steel Wall Bottle (Turquoise Blue) | Artarium Antique Floral Design Copper Bottle,PENDING,,,
Hair Colour|KW-COSMETIC-072,Hair Colour,KW-COSMETIC-072,US_IMPORT,Cosmetics require MoCRA facility registration and product listing; kajal/surma carry a lead import alert and hair colour carries PPD restrictions.,MoCRA 2022 (21 U.S.C. 364); FDA Import Alert 53-19 (kohl/kajal lead),143,All Man 24-Hours Instant Grey Cover Hair Colour for Beard & Short Hair (Black) | BBlunt Conditioning Hair Colour (Cherry Red 6.62) | BBlunt High Shine Conditioning Hair Colour (4.31 Coffee Natural Brown) | BBlunt Salon Secret High Shine Hair Colour (Chocolate Dark Brown) | BBlunt Salon Secret Shampoo Hair Colour (Chocolate Dark Brown),PENDING,,,
Protein Supplements|KW-SUPPLEMENT-042,Protein Supplements,KW-SUPPLEMENT-042,US_IMPORT,"Dietary supplements need FDA facility registration, DSHEA-compliant labelling and a Supplement Facts panel. Indian labels rarely comply as-is.",DSHEA 21 U.S.C. 350b; 21 CFR 101.36 (Supplement Facts),142,Ace Blend Rise Creatine Monohydrate (Unflavoured) | As-It-Is ATOM Creatine Monohydrate (Bluerazz Fusion) | As-It-Is ATOM Nitro Whey Protein with Creasure and DigeZyme (Double Rich Chocolate) | As-It-Is ATOM PWR Whey XL Protein Powder with Yeast Protein | As-It-Is Nutrition ATOM Whey Protein with DigeZyme & Probiotics (Double Rich Chocolate),PENDING,,,
Fruit Juices|DEFAULT-REVIEW,Fruit Juices,DEFAULT-REVIEW,,No rule matched this SKU. Unknown items are held for review rather than listed.,Policy: conservative default,141,7UP Nimbooz with Lemon Juice | Alo Frut Mango Juice with Aloevera Chunks | B Natural Cranberry Juice | B Natural Cranberry Juice (No Added Sugar) | B Natural Guava Fruit Juice (No Added Sugar),PENDING,,,
Face Masks & Packs|DEFAULT-REVIEW,Face Masks & Packs,DEFAULT-REVIEW,,No rule matched this SKU. Unknown items are held for review rather than listed.,Policy: conservative default,137,Alps Goodness Beetroot Powder | Be Neude De-Tanning & Brightening Face Mask | Be Neude Instant Brightening Face Mask | Beardhood Charcoal Peel-off Mask | Biodance Hydro Cera-Nol Real Deep Face Mask,PENDING,,,
Indian Sweets|KW-FRESHSWEET-064,Indian Sweets,KW-FRESHSWEET-064,PERISHABLE,Indian sweets are usually milk-based with a 3-7 day shelf life. Only retort-packed or wholly non-dairy variants with 90+ day shelf life are listable.,Operational constraint; APHIS dairy restrictions where milk-based,135,Almond Cashew Laddu By Laddoo Legacy | Angoori Gulab Jamun Danaram | Badam Coconut Jaggery Barfi by GO DESi | Badam Pista Sohan Halwa by Kanwarjis Confectioners | Badam Rose Laddu by Shree Anandhaas,PENDING,,,
Fragrance & Talc|GROUP:Fragrance & Talc,Fragrance & Talc,GROUP:Fragrance & Talc,HAZMAT,Alcohol-based fragrance is a limited-quantity DG; talc carries an asbestos testing expectation.,IATA UN1266; FDA talc guidance,132,5enses Co Women's Beauty Gift Set | AND Dainty Glam Body Mist (Fruity Floral) | Ajmal Wisal Dhabab Deodorant | Axe Signature Intense Men's Deodorant | Bare Necessities Round The Clock Solid Deodorant,PENDING,,,
Soft Drinks|DEFAULT-REVIEW,Soft Drinks,DEFAULT-REVIEW,,No rule matched this SKU. Unknown items are held for review rather than listed.,Policy: conservative default,130,7UP Lime Soft Drink | 7UP Pink Lemonade Soft Drink | Anothr Plant Based Prebiotic Soda (Litchi Mango) | Appy Fizz Sparkling Drink | Appy Fizz Sparkling Drink (Apple Flavoured),PENDING,,,
Bath & Beauty Gifts|DEFAULT-REVIEW,Bath & Beauty Gifts,DEFAULT-REVIEW,,No rule matched this SKU. Unknown items are held for review rather than listed.,Policy: conservative default,129,Biotique Bath & Body Travel Kit | Carlton London Eternal Men's Gift Box (Woody) | Forest Essentials For Him - Mini Selection Gift Box | Forest Essentials Mallika - Delights Gift Set | Foxtale On-the-Glow Skin Care Kit + Pouch,PENDING,,,
Clothes & Accessories|DEFAULT-REVIEW,Clothes & Accessories,DEFAULT-REVIEW,,No rule matched this SKU. Unknown items are held for review rather than listed.,Policy: conservative default,125,Baby Go Baby Onesies Set with Bow (Navy Blue) | Baby Go Cotton Baby Trackpants (Multicolour) | Baby Go Printed & Striped Baby Baby Onesies (Beige) | Baby Go Printed Baby Tshirts (Multicolour) | Baby Go Printed Baby Tshirts (Multicolour),PENDING,,,
Files & Office Needs|CATEGORY:Stationery & Games,Files & Office Needs,CATEGORY:Stationery & Games,US_IMPORT,Mixed shelf; games/toys hit CPSIA while pure stationery is clear.,CPSIA 15 U.S.C. 2063,124,3 Lines Acrylic LED Daily Planner (Transparent) | 3 Lines Mini Desk Organizer (Black) | Brustro Copytina Bright A4 Sheets (Bright Colour) | Casio FX-82MS 2nd Gen Calculator (Black) | Casio FX-991CW Scientific Calculator (Pink),PENDING,,,
Lip & Eye Care|DEFAULT-REVIEW,Lip & Eye Care,DEFAULT-REVIEW,,No rule matched this SKU. Unknown items are held for review rather than listed.,Policy: conservative default,123,Beyond Rice Kissu Lip Mask with Capuacu & Rice Bran | Biotique Fruit Whitening Lip Balm | Blue Heaven Jelly & Butter Tinted Lip Balm (Dusty Rose) | Cerrito Aloe Vera Hydro-Gel Under Eye Patches | Cerrito Hydro-Gel Under Eye Patches,PENDING,,,
Chargers & Cables|GROUP:Chargers & Cables,Chargers & Cables,GROUP:Chargers & Cables,US_IMPORT,Indian plug type and FCC authorization.,47 CFR Part 15,121,"APFEN Super Fast GaN Charging Adapter with Cable (45 W) | APFEN Type C Fast Charging Adapter (20 W) | APFEN Type C Fast Charging Adapter With Cable For Samsung (25 W) | APFEN Type-C PD Super Fast Charging Adapter (for Google Pixel, 30W) | APFEN iPhone Fast Charging Type C to Lightning Cable (27 W)",PENDING,,,
Shampoo|KW-COSMETIC-072,Shampoo,KW-COSMETIC-072,US_IMPORT,Cosmetics require MoCRA facility registration and product listing; kajal/surma carry a lead import alert and hair colour carries PPD restrictions.,MoCRA 2022 (21 U.S.C. 364); FDA Import Alert 53-19 (kohl/kajal lead),114,&Done Take Control Hydrating Shampoo | BBlunt Intense Moisture Shampoo & Conditioner Combo | Bare Anatomy Anti Frizz Shampoo | Bare Anatomy Anti-Hairfall Shampoo - Pack of 2 | Beotkkot Hair Keratin Shampoo,PENDING,,,
Chutney & Pickle |DEFAULT-REVIEW,Chutney & Pickle ,DEFAULT-REVIEW,,No rule matched this SKU. Unknown items are held for review rather than listed.,Policy: conservative default,113,Aazol Solapuri Peanut / Shengdana Chutney | Amma's Special Coconut Chutney | Austere Store Classic Amla Pickle | Being Bania Stuffed Red Chilli Pickle | Bombucha Fire Kimchi Spicy Made with Bhut Jolokia,PENDING,,,
Glue & Tape|CATEGORY:Stationery & Games,Glue & Tape,CATEGORY:Stationery & Games,US_IMPORT,Mixed shelf; games/toys hit CPSIA while pure stationery is clear.,CPSIA 15 U.S.C. 2063,109,"Adify Heavy Duty Double Sided Tape | Bunsak Double Sided Tape (Transparent, 3 m) | Bunsak Packaging Tape (Light Brown, 65 m) | Bunsak Tape (Transparent, 65 m) | Command 3M Small Picture Hanging Strips + Scotch 3M Double Sided Tape (1M Holds 4.5Kg) (Grey) Combo",PENDING,,,
"Salt, Sugar & Jaggery|DEFAULT-REVIEW","Salt, Sugar & Jaggery",DEFAULT-REVIEW,,No rule matched this SKU. Unknown items are held for review rather than listed.,Policy: conservative default,107,Aashirvaad Himalayan Pink Salt /Sendha Namak | Aashirvaad Iodized Natural Salt 1 kg | Agranik Desi Khand - Unrefined Sugar | Agranik Pure Jaggery Powder | Artinci DrinkSmart - Monkfruit Sweetener,PENDING,,,
Shower Gels & Scrubs|DEFAULT-REVIEW,Shower Gels & Scrubs,DEFAULT-REVIEW,,No rule matched this SKU. Unknown items are held for review rather than listed.,Policy: conservative default,105,Antinorm Shower in Seconds | Aveeno Daily Moisturizing Body Wash | Bath & Body Works Perfect in Pink Body Wash | Be Bodywise 1% Salicylic Acid Body Wash | Be Bodywise 1% Salicylic Acid Exfoliating Body Wash,PENDING,,,
Massagers|DEFAULT-REVIEW,Massagers,DEFAULT-REVIEW,,No rule matched this SKU. Unknown items are held for review rather than listed.,Policy: conservative default,105,Alovedose Rabbit Women's Personal Massager | Apjab Stroker Personal Massager (Pink) | Beyond Touch Soulmate Personal Massager | Bold Care Arouse Personal Massager | Bold Care Jackoff Stroker Personal Massager,PENDING,,,
Candies & Gum|DEFAULT-REVIEW,Candies & Gum,DEFAULT-REVIEW,,No rule matched this SKU. Unknown items are held for review rather than listed.,Policy: conservative default,102,Alpenliebe Creamfills Butter Toffee | Alpenliebe Creamfills Center Filled Toffee | Alpenliebe Eclairs Toffee Bouquet | Alpenliebe Gold Caramel Candy (90 Pieces) | Alpenliebe Gold Cream Strawberry Candy (90 Pieces),PENDING,,,
Foundation & Compact|KW-COSMETIC-072,Foundation & Compact,KW-COSMETIC-072,US_IMPORT,Cosmetics require MoCRA facility registration and product listing; kajal/surma carry a lead import alert and hair colour carries PPD restrictions.,MoCRA 2022 (21 U.S.C. 364); FDA Import Alert 53-19 (kohl/kajal lead),101,Aegte Poreless Compact (Fair Light) | Biotique Natural Makeup Magicare Foundation (Gypsum) | Biotique Natural Makeup Magicompact Compact (Sand) | Colors Queen Mask Fit Red Cushion Foundation (Natural Beige) | Daily life FOREVER52 Color Correcting Full Coverage CC Cream (Blonde 001),PENDING,,,
Diaper & Wipes|DEFAULT-REVIEW,Diaper & Wipes,DEFAULT-REVIEW,,No rule matched this SKU. Unknown items are held for review rather than listed.,Policy: conservative default,99,Babio Novel Baby Wipes with Lid | Bambo Nature Super Absorbent Baby Diaper | Beco Baby Ultra Soft Face Tissue Paper | Bumtum 99% Water Baby Wipes with Lid | Bumtum Regular Baby Diaper,PENDING,,,
Dining & Serveware|DEFAULT-REVIEW,Dining & Serveware,DEFAULT-REVIEW,,No rule matched this SKU. Unknown items are held for review rather than listed.,Policy: conservative default,98,"Cello Melamine Multipurpose Buffet Serving Platter (Black) | Cello Opalware 16 Pcs Dazzle Swirl Dinner Set (Blue, White) | Cello Opalware Dazzle Blue Swirl Dinner Set (White) | Cello Opalware Dazzle Scarlet Bliss Dinner Set (White) | Cello Steel Midas Insulated Inner Casserole (Off, White, Green)",PENDING,,,
Cold Coffee & Ice Tea|DEFAULT-REVIEW,Cold Coffee & Ice Tea,DEFAULT-REVIEW,,No rule matched this SKU. Unknown items are held for review rather than listed.,Policy: conservative default,96,Amul Kool Cafe Cinnamon Flavoured Milk | Amul Kool Cafe Hazelnut Flavoured Milk | Amul Kool Cafe Milk 'n' Coffee Flavoured Milk | Amul Kool Cafe Milk 'n' Coffee Flavoured Milk (Can) | Amul Kool Classic Latte Flavoured Milk,PENDING,,,
Face Cleaning|KW-COSMETIC-072,Face Cleaning,KW-COSMETIC-072,US_IMPORT,Cosmetics require MoCRA facility registration and product listing; kajal/surma carry a lead import alert and hair colour carries PPD restrictions.,MoCRA 2022 (21 U.S.C. 364); FDA Import Alert 53-19 (kohl/kajal lead),95,Simple Refreshing Face Wash | Adonis DS Acne Face Wash | Ahaglow Advanced Face Wash Gel | Be Neude Detanning and Brightening Gel Face Wash - Pack of 2 | Beardo De-Tan Face Wash for Men,PENDING,,,
Kitchen Appliances|GROUP:Kitchen Appliances,Kitchen Appliances,GROUP:Kitchen Appliances,FUNCTIONAL,220-240V Indian mains will not run on US 120V supply.,Operational constraint,95,"Adify Electric Rechargeable Coffee Frother | Agaro Elegant Vegetable Chopper (400 W, Black) | Agaro Elite Rechargeable Mini Electric Chopper (250 ml, 30 W) | Agaro Esteem Multi Purpose Kettle (1.2 ltr) | Agaro Royal Electric Rechargeable Frother With Whisk",PENDING,,,
Extension Cables & Accessories|CATEGORY:Electronics,Extension Cables & Accessories,CATEGORY:Electronics,US_IMPORT,FCC authorization and lithium-cell rules apply.,47 CFR Part 15,95,"Ailkin AKB75855501 Voice Magic Remote with Pointer Function (for LG Smart TV, Black) | Ailkin Fire TV Stick 2nd Gen Remote (with Voice Control) | Ailkin Fire TV Stick 3rd Gen Remote | Ailkin Mi Voice TV Remote | Ailkin Remote (for Jio Fiber Set-Top Box)",PENDING,,,
Home Appliances|KW-FCC-083,Home Appliances,KW-FCC-083,US_IMPORT,Radio-frequency devices require an FCC equipment authorization and Form 740 declaration at entry.,47 CFR Part 15/2.1033; FCC Form 740,93,"ANT Wolf Gaming Mouse Pad (Multicolour) | Agaro Breeze Desk 4"" USB Fan | Ambrane Car Charger (51 W) | Ambrane Car Charger (85 W) | Ant Esports GM40 RGB Optical Wired Gaming Mouse (Black)",PENDING,,,
Oral Care|KW-OTCDRUG-071,Oral Care,KW-OTCDRUG-071,US_IMPORT,"These are OTC drugs in the US (fluoride, antiperspirant actives, antifungals, topical analgesics), requiring monograph compliance and a Drug Facts panel.",21 CFR 355/350/333 (OTC monographs); 21 CFR 201.66 (Drug Facts),89,Clockwork Sensitive + Whitening Toothpaste (Natural Peppermint) | Closeup Everfresh+ Anti-Germ Red Hot Gel Toothpaste | Closeup Everfresh+ Gel Toothpaste (Red Hot) | Closeup Intense Cool (Blue) Gel Toothpaste | Closeup White Now - Purple Color Corrector Whitening Toothpaste,PENDING,,,
Trimmers & Hair Appliances|CATEGORY:Electronics,Trimmers & Hair Appliances,CATEGORY:Electronics,US_IMPORT,FCC authorization and lithium-cell rules apply.,47 CFR Part 15,89,"7Stars 2-In-1 Facial Trimmer | Agaro 3-in-1 Hair Styler (Multicolored, 65W) | Azah Facial Trimmer for Women | Azah Rechargeable Women's Face, Body & Bikini Trimmer | Babyliss Pro Gold FX Hair Clipper",PENDING,,,
Ready to Eat|DEFAULT-REVIEW,Ready to Eat,DEFAULT-REVIEW,,No rule matched this SKU. Unknown items are held for review rather than listed.,Policy: conservative default,88,100Rab Chana Sattu | Abbie's (in Brine) Sliced Jalapeno | Amma's Special Methi Thepla | Ansubaa Thepla with Free Pickle (Methi Masala) | Asian Grace 22 cm Round Rice Paper Sheets,PENDING,,,
Notebooks & Diaries|CATEGORY:Stationery & Games,Notebooks & Diaries,CATEGORY:Stationery & Games,US_IMPORT,Mixed shelf; games/toys hit CPSIA while pure stationery is clear.,CPSIA 15 U.S.C. 2063,86,Classmate Exercise Notebook (Design may Vary) | Classmate Graph Book (Design may Vary) | Classmate Long Notebook (Design may Vary) | Classmate Long Notebook (Design may Vary) | Classmate Notebook (Design may Vary),PENDING,,,
Bathing Soaps|KW-COSMETIC-072,Bathing Soaps,KW-COSMETIC-072,US_IMPORT,Cosmetics require MoCRA facility registration and product listing; kajal/surma carry a lead import alert and hair colour carries PPD restrictions.,MoCRA 2022 (21 U.S.C. 364); FDA Import Alert 53-19 (kohl/kajal lead),84,Bake De-Tan Coffee Soap | Bella Vita Bright Wonder Brightening Soap | Bold Man D-Tan Glycerine Soap | Cetaphil Cleansing & Moisturizing Syndet Soap - Recommended by Dermatologists | Cinthol Cool Bath Soap - Buy 4 Get 1 Free,PENDING,,,
Hair Oil & Cream|DEFAULT-REVIEW,Hair Oil & Cream,DEFAULT-REVIEW,,No rule matched this SKU. Unknown items are held for review rather than listed.,Policy: conservative default,84,Alps Goodness Rosemary 100% Pure Essential Oil for Hair Growth - Pack of 2 | Anveshan Cold Pressed Virgin Coconut Oil | Anveshan Wood Cold Pressed Coconut Oil | BBlunt 7 In 1 Repair & Revive Hair Mask | BBlunt Advanced Smoothening Heat Hair Mask,PENDING,,,
Sunscreen|KW-SUNSCREEN-070,Sunscreen,KW-SUNSCREEN-070,US_IMPORT,Sunscreen is an OTC drug in the US. Indian formulations frequently use filters not permitted under the US monograph and labelling will not comply.,21 CFR 352 (Sunscreen Monograph); FD&C Act OTC drug requirements,84,52 Sundaze Rose Water Sunscreen Spray (SPF 50 PA++++) | 52 Sundaze Sun Milk Sunscreen (SPF 50+ PA++++) | Aqualogica Glow + Dewy Sunscreen (SPF 50+ PA++++) - Pack of 2 | Aqualogica Glow+ Dewy Papaya & Vitamin C Sunscreen for UVA/B (SPF 50 PA++++) - Pack of 2 | Aqualogica Radiance+ Dewy Sunscreen (SPF 50+ PA+++) - Pack of 2,PENDING,,,
Millet & Other Flours|DEFAULT-REVIEW,Millet & Other Flours,DEFAULT-REVIEW,,No rule matched this SKU. Unknown items are held for review rather than listed.,Policy: conservative default,84,24 Mantra Organic Ragi Flour | 24 Mantra Organic Rice Flour | 24 Mantra Organic Sattu - Pack of 2 | Adya Organics 100% Pure Chana Sattu Powder | Amar International Amaranth Rajgira Flour,PENDING,,,
Floor Cleaners|CATEGORY:Cleaners & Repellents,Floor Cleaners,CATEGORY:Cleaners & Repellents,HAZMAT,Mixed shelf of inert cleaners and EPA-regulated pesticides.,FIFRA; IATA DGR,84,Am Safe-X Premium Device Cleaners | Awenest Bye Bye Doodle - Instant Wall Scribble Cleaning Stain Remover Spray | Beco Lemongrass & Basil Natural Floor Cleaner | Beco Natural Floor Cleaner | Beco Natural Surface & Floor Cleaner (Lemongrass),PENDING,,,
Mobile & Computer|GROUP:Mobile & Computer,Mobile & Computer,GROUP:Mobile & Computer,US_IMPORT,RF devices need FCC authorization and Form 740.,47 CFR Part 15,84,"Ailkin Cyber City Edition Desk Mat | Ailkin Lightning to 3.5 mm Audio Connector (White) | Ailkin Samurai Edition Desk Mat | Ailkin Warrior Edition Desk Mat | Ambrane Stylus Pen (for iPad, White)",PENDING,,,
Indian Sweets|DEFAULT-REVIEW,Indian Sweets,DEFAULT-REVIEW,,No rule matched this SKU. Unknown items are held for review rather than listed.,Policy: conservative default,83,Agra Petha by Haldiram's | Amba Modak by Chitale | Angoori Petha by Panchhi | Assorted Modak by Gulab Sweets | Baklava by Oasis Baklawa,PENDING,,,
Storage & Containers|DEFAULT-REVIEW,Storage & Containers,DEFAULT-REVIEW,,No rule matched this SKU. Unknown items are held for review rather than listed.,Policy: conservative default,80,Cello Melamine Minty Mukhwas Container Set | Cello Melamine Rococo Series Spice Box | Cello Plastic Checkers Container Set | Cpensus Reusable Zip Lock Bag for Refrigerator (Aluminium) | Crestal Industries Brown Disposable Food Container & Lid,PENDING,,,
Chargers & Cables|KW-FCC-083,Chargers & Cables,KW-FCC-083,US_IMPORT,Radio-frequency devices require an FCC equipment authorization and Form 740 declaration at entry.,47 CFR Part 15/2.1033; FCC Form 740,80,APFEN 3 Port Fast GaN charger (65 W) | APFEN Braided USB Type C to Type C Cable | APFEN Fast iPhone Charger with Type C to Lightning Cable (20 W) | APFEN SUPERVOOC Fast Charging Adapter with USB-A to Type-C Cable (80 W) | APFEN USB A to Type C Fast Charging Cable (Red),PENDING,,,
Bags & School Needs|KW-FCC-083,Bags & School Needs,KW-FCC-083,US_IMPORT,Radio-frequency devices require an FCC equipment authorization and Form 740 declaration at entry.,47 CFR Part 15/2.1033; FCC Form 740,80,"American Tourister Riley Polyester Laptop Backpack (Blue) | Assembly Float Laptop Polyester Messenger Bag (Navy Blue) | Craloft 14"" Polyester Laptop Sleeve (Grey) | Craloft 14"" Polyester Laptop Sleeve with Charger Pouch (Grey) | Craloft 14"" Polyester Laptop Sleeve with Handle (Grey)",PENDING,,,
Chocolate Gift Pack|KW-CHOCOLATE-062,Chocolate Gift Pack,KW-CHOCOLATE-062,TEMPERATURE,"Chocolate melts above ~30C. Listable with a seasonal hold (block May-September) and insulated packing, not year-round.",Operational constraint; commodity melting point,80,"4700BC Nutty Tuxedo Chocolate  Gourmet Popcorn Tin | 4700BC Nutty Tuxedo Chocolate Gift Pack, Gourmet Tin | 4700BC Popcorn Gift Pack of 2, Chocolate & Caramel | 7 Bazaari Almond Snapper Dark Chocolate Gift Pack | Amul Chocominis Chocolate Gift Pack",PENDING,,,
Kajal & Eyeliners|KW-COSMETIC-072,Kajal & Eyeliners,KW-COSMETIC-072,US_IMPORT,Cosmetics require MoCRA facility registration and product listing; kajal/surma carry a lead import alert and hair colour carries PPD restrictions.,MoCRA 2022 (21 U.S.C. 364); FDA Import Alert 53-19 (kohl/kajal lead),79,Bella Vita Intense Drama Waterproof Eyeliner (Black) | Biotique Natural Makeup Magicliner Eyeliner (Midnight Black) | Biotique Natural Makeup Starryeyes Mascara (Ebony Black) | Blue Heaven 10X Volumising Mascara (Black) | Blue Heaven Hyper Black Sketch Eyeliner (Black),PENDING,,,
Speakers|KW-FCC-083,Speakers,KW-FCC-083,US_IMPORT,Radio-frequency devices require an FCC equipment authorization and Form 740 declaration at entry.,47 CFR Part 15/2.1033; FCC Form 740,78,Amazon Echo Dot Smart Speaker with Alexa & Bluetooth (5th Gen) | Bepro Bluetooth Home Audio Speaker and Mic (5.1 Channel) | Bepro Bluetooth Speaker (Model-X-Pro) | Dubstep Bluetooth Speaker (Bassline AMP) | Dubstep Bluetooth Speaker (Bassline Cut),PENDING,,,
Protein Supplements|GROUP:Protein Supplements,Protein Supplements,GROUP:Protein Supplements,US_IMPORT,DSHEA labelling and facility registration required.,21 U.S.C. 350b,77,Ace Blend 30g Intense Plant Protein (Pink Guava) | BeastLife Pre Workout Powder (Fruit Punch) | BeastLife Protein Concentrate | BeastLife Protein Concentrate | Bigmuscles Nutrition Karnage Pre Workout (Sex On The Beach),PENDING,,,
Kitchen Appliances|KW-VOLTAGE-082,Kitchen Appliances,KW-VOLTAGE-082,FUNCTIONAL,"Indian mains appliances are 220-240V/50Hz. US mains is 120V/60Hz, so these do not work without a transformer and are a refund/complaint magnet even though they are legal to import.",Operational constraint; FCC Part 15 also applies to electronics,77,"Activa Easy Mix Nutri 4 Jar Mixer Grinder (500 W, Grey) | Activa Juicer Mixer Grinder (600 W, Black) | Activa Motor Superchef Mixer Grinder (900 W, Black) | Activa Pluto 2 Jars Mixer Grinder (500 W, White) | Bajaj GX-8 Juicer Mixer Grinder (750 W, Blue)",PENDING,,,
Mugs & Glasses|KW-FRAGILE-084,Mugs & Glasses,KW-FRAGILE-084,FRAGILITY,High breakage rate in international parcel handling. Listable only with reinforced packing and a higher damage allowance in unit economics.,Operational constraint,77,Archies Coffee Mug for Teacher's Day (Ceramic) | Archies Teacher's Day Coffee Mug (Ceramic) | Arrabi Animal Print Tea Cup Set (Ceramic) | Arrabi Blue Flow Glossy Tea Set (Ceramic) | Arrabi Blue Matte Mug Set (Ceramic),PENDING,,,
Bandaid & Wound Care|CATEGORY:Health & Pharma,Bandaid & Wound Care,CATEGORY:Health & Pharma,US_IMPORT,Pharma category requires per-SKU FDA assessment.,21 U.S.C. 355,76,Am Safe-X Cotton Roll | Amrith Noni Pain Relieving Oil Roll On | Azah Cramp Relief Roll On | BSR Living Premium Cotton Roll | Be Safe Forever 3 in 1 Pregnancy Abdominal Belt,PENDING,,,
"Rajma, Chhole & Others|DEFAULT-REVIEW","Rajma, Chhole & Others",DEFAULT-REVIEW,,No rule matched this SKU. Unknown items are held for review rather than listed.,Policy: conservative default,76,Aashirvaad Mini Soya Chunks | Aashirvaad Soya Chunks | Bambino Soya Chunks With 53% Protein | Basic Kabuli Chana (Small Size) | Basic Rajma (Desi),PENDING,,,
Seeds|DEFAULT-REVIEW,Seeds,DEFAULT-REVIEW,,No rule matched this SKU. Unknown items are held for review rather than listed.,Policy: conservative default,76,"24 Mantra Organic Flax Seeds - Pack of 2 | AMAYU Chia, Pumpkin, Sunflower & Flax Seeds | AMAYU Chia, Pumpkin, Sunflower & Flax Seeds Combo | AMAYU Flax, Sunflower & Pumpkin Seeds | AMAYU Pumpkin & Sunflower Seeds Combo",PENDING,,,
Vitamins & Supplements|GROUP:Vitamins & Supplements,Vitamins & Supplements,GROUP:Vitamins & Supplements,US_IMPORT,DSHEA labelling and facility registration required.,21 U.S.C. 350b,75,Ace Blend Max Magnesium for Muscle Recovery & Deep Sleep | Ayumcure She Care Health Drink Tonic for Women | Ayuvya Drop-it Body Detox Kit for Weight Management | Ayuvya Magical Sleep Melatonin Effervescent Tablets | Ayuvya Moringa Capsules for Immunity Support,PENDING,,,
Organic|DEFAULT-REVIEW,Organic,DEFAULT-REVIEW,,No rule matched this SKU. Unknown items are held for review rather than listed.,Policy: conservative default,74,24 Mantra Organic Besan - Pack of 2 | Aashirvaad Organic Atta | Aashirvaad Organic Atta | Natureland Organics Wheat Organic Sooji | Organic Tattva Organic Besan,PENDING,,,
Decorative Lights|KW-FRAGILE-084,Decorative Lights,KW-FRAGILE-084,FRAGILITY,High breakage rate in international parcel handling. Listable only with reinforced packing and a higher damage allowance in unit economics.,Operational constraint,74,"Cool White Cabinet Motion Sensor Bulb (4W) - Keyora | Crompton Ecoglo 40 W LED Bulb (White) | DesiDiya 5 W Motion Sensor Bulb Light (Warm White, White) | DesiDiya Dimmable 4 W LED Bulb (Warm White) | DesiDiya Edison Tungsten Filament Decorative 5 W LED Bulb E27",PENDING,,,
Kajal & Eyeliners|DEFAULT-REVIEW,Kajal & Eyeliners,DEFAULT-REVIEW,,No rule matched this SKU. Unknown items are held for review rather than listed.,Policy: conservative default,73,Antson Contouring Eyebrow Pencil (Black) | Bella Vita Organic Grow Brow Eyebrow Oil | Blue Heaven Brow Perfect Eyebrow Pencil (Black) | Blue Heaven Brow Perfect Eyebrow Pencil (Brown) | Blue Heaven Sculpt & Set Eyebrow Gel (Brown),PENDING,,,
Mouth Fresheners & Gums|DEFAULT-REVIEW,Mouth Fresheners & Gums,DEFAULT-REVIEW,,No rule matched this SKU. Unknown items are held for review rather than listed.,Policy: conservative default,73,Boomer Krunch Strawberry Chewing Gum +  Lollipop (Classic) +  Strawberry Flavoured Chewing Gum Pack Combo | Boomer Strawberry Flavoured Bubble Gum | Center Fresh Spearmint Chewing Gum | Chandan Mint Saunf Mouth Freshener | Chaska Bite Aam Chaska Mango Candy,PENDING,,,
Chocolate Packs|KW-CHOCOLATE-062,Chocolate Packs,KW-CHOCOLATE-062,TEMPERATURE,"Chocolate melts above ~30C. Listable with a seasonal hold (block May-September) and insulated packing, not year-round.",Operational constraint; commodity melting point,72,7 Bazaari Almond Snapper/ Brittle Assorted Chocolate Pack | 7 Bazaari Dubai Choco Dates (Pistachio Kunafa) | Amul Truffles Center Filled Milk & Dark Chocolate Bar | Bounty Miniatures Coconut Filled Bar Chocolate Pack | Cadbury 5 Star Filled Bar Chocolate Pack,PENDING,,,
Cookware & Sets|DEFAULT-REVIEW,Cookware & Sets,DEFAULT-REVIEW,,No rule matched this SKU. Unknown items are held for review rather than listed.,Policy: conservative default,71,CutTales Fry Pan (Stainless Steel) | CutTales Heavy Patila Tope with Lid (Stainless Steel) | CutTales Induction Bottom Kadai With Lid (Stainless Steel) | CutTales Sauce Pan (Stainless Steel) | CutTales Sauce Pan (Stainless Steel),PENDING,,,
Health & Ortho Supports|CATEGORY:Health & Pharma,Health & Ortho Supports,CATEGORY:Health & Pharma,US_IMPORT,Pharma category requires per-SKU FDA assessment.,21 U.S.C. 355,69,7Stars Velvet Hot Water Bag | 7Stars Velvet Hot Water Bag (with Pocket) | AGEasy Max Group Digital Blood Pressure Monitor | Aegon Flat Foot Arch Support with Band (Grey) | Aegon Forefoot Pad for Pain Relief,PENDING,,,
Cakes & Rolls|DEFAULT-REVIEW,Cakes & Rolls,DEFAULT-REVIEW,,No rule matched this SKU. Unknown items are held for review rather than listed.,Policy: conservative default,68,Awsum Banana Walnut Slice Cake | Awsum Better Bakes Orange Pistachio Slice Cake | Awsum Blueberry Cheesecake | Awsum Coffee Cheesecake | Awsum Handcrafted Premium Plum Cake (Eggless),PENDING,,,
Hydration Drinks|DEFAULT-REVIEW,Hydration Drinks,DEFAULT-REVIEW,,No rule matched this SKU. Unknown items are held for review rather than listed.,Policy: conservative default,68,Centrum Kids Recharge Energy Drink Mix with Nutrients | Centrum Recharge Hydration & Energy Drink Mix | Dabur Orange Instant Energy Glucose Drink Mix | Enerzal Energy & Electrolyte Drink | Fast&Up Instant Hydration Electrolyte Drink Mix,PENDING,,,
Oral Care|DEFAULT-REVIEW,Oral Care,DEFAULT-REVIEW,,No rule matched this SKU. Unknown items are held for review rather than listed.,Policy: conservative default,67,7Stars Elastic Rod Dental Floss | Athelas Copper Infused Tongue Cleaner | Athelas Dental Floss Picks - Mint Flavor | Athelas Natural Premium Bamboo Toothbrush | Ausha Electric Toothbrush (Black),PENDING,,,
Gardening|DEFAULT-REVIEW,Gardening,DEFAULT-REVIEW,,No rule matched this SKU. Unknown items are held for review rather than listed.,Policy: conservative default,67,Bombay Greens Garden Pruner & Trowel Set | Bombay Greens Organic Flower Plant Fertilizer | Casa De Amor Rose Care Organic Fertilizer | Casa De Amor UV Protected Plant Grow Bag | Coir Garden Bio Dap Organic Plant Booster,PENDING,,,
Energy Bars|DEFAULT-REVIEW,Energy Bars,DEFAULT-REVIEW,,No rule matched this SKU. Unknown items are held for review rather than listed.,Policy: conservative default,67,Chase Protein Cookies & Cream Protein Bar | Phab 10g Protein Cookies & Cream Millet Wafer Bar | SuperYou Strawberry Creme Wafer Protein Bar | The Whole Truth 20 g Protein Bar - Double Cocoa | The Whole Truth Coconut Cocoa Protein Bar,PENDING,,,
Baby Toys & Gifts|KW-TOY-080,Baby Toys & Gifts,KW-TOY-080,US_IMPORT,"Children's products need CPSIA third-party testing, a Children's Product Certificate and tracking labels; lead and phthalate limits apply.",CPSIA 15 U.S.C. 2063; 16 CFR 1303 (lead paint); ASTM F963,66,Babique Bunny Reversible Carrot Soft Toy | Babique Dog Cute Plush Soft Toy | Babique Dog Cute Plush Soft Toy | Babique Monkey Monkey's Cuddly Couple Plush Soft Toy | Babique Monkey Plush Soft Toy,PENDING,,,
Atta|DEFAULT-REVIEW,Atta,DEFAULT-REVIEW,,No rule matched this SKU. Unknown items are held for review rather than listed.,Policy: conservative default,66,"24 Mantra Organic 7 Grain Atta - Pack of 2 | 24 Mantra Organic 7 Grain Organic Atta | 24 Mantra Organic Premium Whole Wheat Atta | 24 Mantra Organic Whole Wheat Atta | Aashirvaad 0% Maida, 100 % MP Chakki Atta",PENDING,,,
Cooking Sauces|DEFAULT-REVIEW,Cooking Sauces,DEFAULT-REVIEW,,No rule matched this SKU. Unknown items are held for review rather than listed.,Policy: conservative default,65,Abbie's Dijon Mustard | Acasa By Little Italy Arrabbiata Pasta Sauce | Catch Culinary Paste (Ginger-Garlic) | Catch Garlic Paste | Catch Ginger Garlic Paste,PENDING,,,
Men's Grooming|DEFAULT-REVIEW,Men's Grooming,DEFAULT-REVIEW,,No rule matched this SKU. Unknown items are held for review rather than listed.,Policy: conservative default,64,Adulthood Hair Wax | All Man Fuzz Fixer Beard Styling Paste | Beardo XXtra Strong Hold Hair Wax | Bigen Men's Beard Colour (Brown Black - B102) | Bigen Men's Beard Colour (Natural Black B101),PENDING,,,
Vitamins & Supplements|KW-SUPPLEMENT-042,Vitamins & Supplements,KW-SUPPLEMENT-042,US_IMPORT,"Dietary supplements need FDA facility registration, DSHEA-compliant labelling and a Supplement Facts panel. Indian labels rarely comply as-is.",DSHEA 21 U.S.C. 350b; 21 CFR 101.36 (Supplement Facts),63,Ace Blend Men's Multivitamin with 19 Vitamins & Minerals | Ace Blend Women's Multivitamin with 19 Vitamins & Minerals | Auric Liver Care Supplement Tablets | Ayuvya Let's Gain & i-Gain+ Weight Supplement Combo | Be. Handsome Healthy Beard Hair Supplement,PENDING,,,
Pooja Needs|KW-FRAGILE-084,Pooja Needs,KW-FRAGILE-084,FRAGILITY,High breakage rate in international parcel handling. Listable only with reinforced packing and a higher damage allowance in unit economics.,Operational constraint,63,100 % Pure Brass Akhand Diya by GG Copper | Akhand Diya by Habere India | Arti Brass Diya by Sohum | Borosil Small Akhand Diya with Chimney | Brass Adjustable Akhand Diya with Glass Cover by Ekhasa,PENDING,,,
Pooja Needs|KW-FRESHSWEET-064,Pooja Needs,KW-FRESHSWEET-064,PERISHABLE,Indian sweets are usually milk-based with a 3-7 day shelf life. Only retort-packed or wholly non-dairy variants with 90+ day shelf life are listable.,Operational constraint; APHIS dairy restrictions where milk-based,63,Blue Stone Studded Laddu Gopal Dress (Size-0-1) by Aksharveda | Brass Laddu Gopal (Size-0) by Satvik | Brass Laddu Gopal Jhula - UAPAN | Decorated Laddu Gopal Jhula (Size-0-1) - Satvik | Designer Embroidered Laddu Gopal Dress by Satvik,PENDING,,,
Baby Toys & Gifts|DEFAULT-REVIEW,Baby Toys & Gifts,DEFAULT-REVIEW,,No rule matched this SKU. Unknown items are held for review rather than listed.,Policy: conservative default,62,Abracadabra Feeding Essentials Baby Gift Set (Unisex) | Abracadabra Feeding Essentials Baby Gift Set (for Boys) | Ameeha Real Kids Makeup Kit | Ausha Rabbit Kids Electric Toothbrush (Pink) | Aveeno Mom & Baby Gift Set,PENDING,,,
Pasta|DEFAULT-REVIEW,Pasta,DEFAULT-REVIEW,,No rule matched this SKU. Unknown items are held for review rather than listed.,Policy: conservative default,62,Bambino Durum Wheat Premium All season Fusilli Pasta | Bambino Durum Wheat Premium All season Penne Pasta | Bambino Macaroni | Bambino Macaroni Durum Wheat Elbow Pasta | Bambino Macaroni Durum Wheat Macaroni,PENDING,,,
Rusks & Wafers|DEFAULT-REVIEW,Rusks & Wafers,DEFAULT-REVIEW,,No rule matched this SKU. Unknown items are held for review rather than listed.,Policy: conservative default,61,BB Bharat Bazaar Gur Rusk | BB Bharat Bazaar Handmade Ajwain Biscuit | BB Bharat Bazaar Suji Rusk | Britannia Toastea Butter Rusk | Britannia Toastea Cake Rusk,PENDING,,,
Primer & Concealer|DEFAULT-REVIEW,Primer & Concealer,DEFAULT-REVIEW,,No rule matched this SKU. Unknown items are held for review rather than listed.,Policy: conservative default,58,Blue Heaven Flawless Liquid Concealer (Vanilla101) | Blue Heaven Flawless Primer (Transparent) | Colorbar Flawless Finish Primer (Clear) | Daily life FOREVER52 Complete Coverage Concealer (Iced Coffee - COV003) | Daily life FOREVER52 Glow & Prep Makeup Primer (Clear),PENDING,,,
Home Decor|KW-FRAGILE-084,Home Decor,KW-FRAGILE-084,FRAGILITY,High breakage rate in international parcel handling. Listable only with reinforced packing and a higher damage allowance in unit economics.,Operational constraint,58,Aarti Brass Diya with Handle by Ekhasa | Aromatic Glass Jar Candle by Habere India | Black Ceramic Aroma Oil Diffuser Set (Assorted) IRIS | Black Glass Wooden Lid Jar Candle (Oudh) by Auradecor | Brass Akhand Diya by Sehaz Artworks,PENDING,,,
Condoms|KW-DEVICE-074,Condoms,KW-DEVICE-074,US_IMPORT,"These are FDA-regulated medical devices requiring establishment registration, device listing and often 510(k) clearance.",21 CFR 807 (Establishment Registration); 21 CFR 884.5300 (condoms),57,Bold Care 2x Lubricated Delay Condom | Bold Care 404 All in One Flavoured Condom | Bold Care Extra Dots Strawberry Condom | Bold Care Extra Dotted Condom (1500 Raised Dots) | Bold Care Mutual Pleasure Climax Delay Dotted Condom,PENDING,,,
Women's Grooming|DEFAULT-REVIEW,Women's Grooming,DEFAULT-REVIEW,,No rule matched this SKU. Unknown items are held for review rather than listed.,Policy: conservative default,57,Azah Body & Bikini Hair Removal Wax Powder | Azah Reusable Face Razor for Women with German Blade | Azah Smooth Glide Disposable Women's Razor | Be Me Female Cartridge Women's Razor (Lavender) | Be Me Reusable Female Cartridge Women's Razor Mini (Lavender),PENDING,,,
Liquid Detergents|CATEGORY:Cleaners & Repellents,Liquid Detergents,CATEGORY:Cleaners & Repellents,HAZMAT,Mixed shelf of inert cleaners and EPA-regulated pesticides.,FIFRA; IATA DGR,57,Ariel Lavender Power Front Load Liquid Detergent | Ariel Lavender Power Gel Top Load Liquid Detergent | Ariel Lavender Power Gel Top Load Liquid Detergent | Ariel Power Front Load Liquid Detergent | Ariel Power Gel Front Load Liquid Detergent,PENDING,,,
Zero Sugar Drinks|DEFAULT-REVIEW,Zero Sugar Drinks,DEFAULT-REVIEW,,No rule matched this SKU. Unknown items are held for review rather than listed.,Policy: conservative default,57,7UP Lemon Soda Soft Drink | 7UP Zero Sugar Soft Drink | Atmosphere Studio Hydrating Electrolyte Drink (Zero Sugar) | Coca-Cola Cherry (Zero Sugar) Soft Drink | Coca-Cola Diet Coke Soft Drink No Caffeine,PENDING,,,
Dips & Salad Dressings|DEFAULT-REVIEW,Dips & Salad Dressings,DEFAULT-REVIEW,,No rule matched this SKU. Unknown items are held for review rather than listed.,Policy: conservative default,57,Acasa By Little Italy Aglio Olio Pasta Sauce | American Garden Apple Cider Vinegar | Amul Green Chutney Cheese Sauce | Amul Jalapeno Cheese Sauce | Amul Mexican Salsa Cheese Sauce,PENDING,,,
Earphones & Headsets|KW-FCC-083,Earphones & Headsets,KW-FCC-083,US_IMPORT,Radio-frequency devices require an FCC equipment authorization and Form 740 declaration at entry.,47 CFR Part 15/2.1033; FCC Form 740,56,"Chaebol ATOM Bluetooth TWS Earbuds (Black) | Dubstep Beat X100 Bluetooth Headphones (Black) | Dubstep Buzz X3 Bluetooth ENC TWS Earbuds (Black, Blue) | Dubstep Buzz X6 Bluetooth TWS Earbuds (Blue) | GOBOULT Fluid X Bluetooth Headphones (Black, Golden)",PENDING,,,
Energy Drinks|DEFAULT-REVIEW,Energy Drinks,DEFAULT-REVIEW,,No rule matched this SKU. Unknown items are held for review rather than listed.,Policy: conservative default,56,Adrenaline Rush Energy Drink - Ultimate Focus | Adrenaline Rush Energy Drink - Ultimate Performance | Alterati Q'ench Grape Frost Pre-Workout Energy Drink | Alterati Q'ench Litchi Rush Energy Drink | Alterati Q'ench Passion Pop Energy Drink,PENDING,,,
Home Appliances|KW-VOLTAGE-082,Home Appliances,KW-VOLTAGE-082,FUNCTIONAL,"Indian mains appliances are 220-240V/50Hz. US mains is 120V/60Hz, so these do not work without a transformer and are a refund/complaint magnet even though they are legal to import.",Operational constraint; FCC Part 15 also applies to electronics,54,"Activa Plastic Coral Light Weight Dry Iron (900 W, Blue, White) | Activa Premium Instant Water Heater (3 ltr) | Agaro Cordless Rechargeable Car Vacuum Cleaner (110 W) | Bajaj DX 15 Dry Iron (1000 W, Black, White) | Bajaj DX 4 Neo Dry Iron (1000 W, White & Lavender)",PENDING,,,
Detergent Powder & Bars|CATEGORY:Cleaners & Repellents,Detergent Powder & Bars,CATEGORY:Cleaners & Repellents,HAZMAT,Mixed shelf of inert cleaners and EPA-regulated pesticides.,FIFRA; IATA DGR,53,Ariel Complete Detergent Powder | Ariel Front Load Detergent Powder 2 kg | Ariel Matic Front Load Detergent Powder | Ariel Matic Machine Expert Front Load Detergent Powder with Free Liquid Detergent | Ariel Matic Machine Expert Top Load Detergent Powder with Free Liquid Detergent,PENDING,,,
Handwash|DEFAULT-REVIEW,Handwash,DEFAULT-REVIEW,,No rule matched this SKU. Unknown items are held for review rather than listed.,Policy: conservative default,52,Dabur Fem Floral Bouquet Hand Wash | Dabur Fem Fruity Squash Hand Wash | Derm Ease Lavender Hand Wash | Derm Ease Neem Hand Wash | Dettol Aloe Coconut Foaming Handwash,PENDING,,,
Acne & Blackhead Fixers|DEFAULT-REVIEW,Acne & Blackhead Fixers,DEFAULT-REVIEW,,No rule matched this SKU. Unknown items are held for review rather than listed.,Policy: conservative default,51,Aqualogica Don't Panic Hydrocolloid Acne Relief Patches | Bake Salicylic Acid Acne Relief Patches | Bbold Microneedle Acne Relief Patches | Beardhood Acne Relief Patches | Benzac 3-in-1 Technology Power Patch Acne Relief Patches,PENDING,,,
Cutting & Chopping|DEFAULT-REVIEW,Cutting & Chopping,DEFAULT-REVIEW,,No rule matched this SKU. Unknown items are held for review rather than listed.,Policy: conservative default,51,"7Stars 4 Stage Knife Sharpener Tool (Stainless Steel) | BSR Living Vegetable Peeler (Stainless Steel) | Beveromatic Electric Chopper | Bunsak Handy Vegetable & Fruit Chopper | Fackelmann Happy Kitchen Sharp Vegetable Knife (Stainless Steel, Plastic)",PENDING,,,
Cakes & Rolls|KW-CHOCOLATE-062,Cakes & Rolls,KW-CHOCOLATE-062,TEMPERATURE,"Chocolate melts above ~30C. Listable with a seasonal hold (block May-September) and insulated packing, not year-round.",Operational constraint; commodity melting point,49,Aikia Flavours Chocolate Truffle & Rose Gulabo Jar Cake | Artinci Sugar-Free Chocolate Cake (Eggless) | Atmosphere Studio Chocolate Almond Crunch Fudge | Atmosphere Studio Chocolate Hazelnut Fudge | Awsum Choco Lava Cake,PENDING,,,
Healthy Snacks|DEFAULT-REVIEW,Healthy Snacks,DEFAULT-REVIEW,,No rule matched this SKU. Unknown items are held for review rather than listed.,Policy: conservative default,49,AURIK Plain Jumbo Makhana /Foxnuts | Aktual Foodz Plain Makhana | Alfrezo Premium Phool Makhana | Avesha Jumbo Size Makhana | Bonvie Himalayan Pink Salt Makhana,PENDING,,,
Baking Ingredients|DEFAULT-REVIEW,Baking Ingredients,DEFAULT-REVIEW,,No rule matched this SKU. Unknown items are held for review rather than listed.,Policy: conservative default,48,24 Mantra Organic Idly Rava/Sooji | Abbie's Panko Bread Crumbs | Amul Lite Milk Fat Spread | Bake King Agar Agar Powder | Bake King Multipurpose Baking Soda,PENDING,,,
Oats & Daliya|DEFAULT-REVIEW,Oats & Daliya,DEFAULT-REVIEW,,No rule matched this SKU. Unknown items are held for review rather than listed.,Policy: conservative default,48,24 Mantra Organic Wheat Daliya | AMAYU Jumbo Rolled Oats | Bagrry's Jumbo Rolled Oats | Bagrry's White Instant Oats | Being Bania Multigrain Daliya Khichdi,PENDING,,,
Hair Colour|GROUP:Hair Colour,Hair Colour,GROUP:Hair Colour,US_IMPORT,PPD and coal-tar dye labelling requirements.,21 CFR 70.3(u); FD&C Act 601(a),47,Bare Anatomy Cover Up Hair Powder (Brown) | Bare Anatomy Cover-Up Hair Powder (Black) | Bella Vita Magic Hairline Powder (Black) | Garnier Color Naturals Hairlighter | Glamveda Cover Up Hairline Powder (Black),PENDING,,,
Toners & Mists|DEFAULT-REVIEW,Toners & Mists,DEFAULT-REVIEW,,No rule matched this SKU. Unknown items are held for review rather than listed.,Policy: conservative default,47,Ayumcure Rice Toner | Be Neude Milk Tonic Toner | Beauty of Joseon Ginseng Essence Water | Cetaphil Bright Healthy Radiance Refresh Toner | Dabur Gulabari Premium Rose Water Paraben Free Skin Toner,PENDING,,,
Face Cleaning|DEFAULT-REVIEW,Face Cleaning,DEFAULT-REVIEW,,No rule matched this SKU. Unknown items are held for review rather than listed.,Policy: conservative default,46,Aiyu Herbals De-Tan Face Cleanser | Antinorm Facial In A Flash | Baby Beauty Niacinamide Face Cleanser | Biotique Papaya Tan Removal Brightening & Revitalizing Face Scrub - 100 g | Biotique Papaya Tan Removal Brightening & Revitalizing Face Scrub - 150 g - Pack of 2,PENDING,,,
Dishwashing Accessories|CATEGORY:Cleaners & Repellents,Dishwashing Accessories,CATEGORY:Cleaners & Repellents,HAZMAT,Mixed shelf of inert cleaners and EPA-regulated pesticides.,FIFRA; IATA DGR,46,7Stars Non-Scratch Scrubber Dish Cloth | Am Safe-X Dish Wash Kitchen Gloves | Am Safe-X Reusable Hand Gloves | Awenest Bye Bye Wall Mess Sponge Eraser | Beloxy Soap Dispenser Pump with Sponge Holder,PENDING,,,
Music Instruments & Accessories|CATEGORY:Electronics,Music Instruments & Accessories,CATEGORY:Electronics,US_IMPORT,FCC authorization and lithium-cell rules apply.,47 CFR Part 15,46,Clapbox Cajon Bag | Digitek 2 in 1 Wireless Microphone with ANC Mode (Black) | Digitek DWM 010 Wireless Microphone System With Type-C Connector (Black) | Digitek DWM 014 Wireless Microphone System With Type-C Connector (Black) | HOLLYLAND Lark A1 Duo Wireless Microphone (Black),PENDING,,,
Concentrates & Syrups|DEFAULT-REVIEW,Concentrates & Syrups,DEFAULT-REVIEW,,No rule matched this SKU. Unknown items are held for review rather than listed.,Policy: conservative default,46,Aazol Pure Kokum Agal Extract Syrup | Atlantis Nimbu Paani Drink Mix Masala | Brooklane Hibiscus Herbal Infusion | Careus Karela Jamun Ras Herbal Juice | Chaman Badam Pista Elaichi Thandai Mix,PENDING,,,
"Face Oil, Serum & Essence|KW-SUPPLEMENT-042","Face Oil, Serum & Essence",KW-SUPPLEMENT-042,US_IMPORT,"Dietary supplements need FDA facility registration, DSHEA-compliant labelling and a Supplement Facts panel. Indian labels rarely comply as-is.",DSHEA 21 U.S.C. 350b; 21 CFR 101.36 (Supplement Facts),45,Bio Code Collagen & Retinol Face Serum | Buttr Vitamin C Glow & Anti Pigmentation Face Serum | Chemist At Play 10% Vitamin C Brightening Face Serum | Coco Crush Brightening Face Serum With Vitamin C | Conscious Chemist 10% Vitamin C Face Serum,PENDING,,,
Dry Fruit Gift Packs|DEFAULT-REVIEW,Dry Fruit Gift Packs,DEFAULT-REVIEW,,No rule matched this SKU. Unknown items are held for review rather than listed.,Policy: conservative default,45,AMAYU Flavoured Dry Fruits Gift Pack | AMAYU Flavoured Nuts & Seeds Dry Fruits Gift Pack | AMAYU Roasted Cashew Almond Dry Fruits Gift Pack | AMAYU Roasted Dry Fruits Gift Pack | Bazana Premium Assorted Dry Fruits Gift Pack,PENDING,,,
Dishwashing Gels & Bars|CATEGORY:Cleaners & Repellents,Dishwashing Gels & Bars,CATEGORY:Cleaners & Repellents,HAZMAT,Mixed shelf of inert cleaners and EPA-regulated pesticides.,FIFRA; IATA DGR,45,BLUUM Lemon Dishwash Gel | Beco Natural Dishwash Gel | Beco Natural Dishwash Gel Refill Pack | Dettol Dishwash Gel - Lemon Fresh | Dettol Lemon Fresh Dishwash Gel,PENDING,,,
Smart Watches|KW-FCC-083,Smart Watches,KW-FCC-083,US_IMPORT,Radio-frequency devices require an FCC equipment authorization and Form 740 declaration at entry.,47 CFR Part 15/2.1033; FCC Form 740,45,"GOBOULT Alora Amoled Smart Watch (Red Wine) | GOBOULT Alora Amoled Smart Watch (Rose Gold) | GOBOULT Brune Bluetooth Calling HD Smart Watch (Peach) | GOBOULT Brune HD Smart Watch (1.69"", Black) | GOBOULT Crown BT Calling HD Smart Watch (Orange)",PENDING,,,
Green Tea|DEFAULT-REVIEW,Green Tea,DEFAULT-REVIEW,,No rule matched this SKU. Unknown items are held for review rather than listed.,Policy: conservative default,45,1950 origins Premium Darjeeling Long Leaf Green Tea | Bagicha By Jay Shree Tea - Assam Tea | Chaayos Masala Chai Tea Bags | Flurys Envelop Green Tea Bags | Flurys Jasmine Flavoured Green Tea Bags,PENDING,,,
Cookies|KW-CHOCOLATE-062,Cookies,KW-CHOCOLATE-062,TEMPERATURE,"Chocolate melts above ~30C. Listable with a seasonal hold (block May-September) and insulated packing, not year-round.",Operational constraint; commodity melting point,44,Amul Chocolate Cookies | Britannia Good Day Choco chip Cookies | Britannia Good Day Chunkies Chocolate Chip Cookies (75 g) + Britannia Good Day Chunkies Tropical Coconut Cookies Combo | Britannia Tiger Krunch Choco chips Cookies | Hide & Seek Choco & Almonds Cookies,PENDING,,,
Cream Biscuits|DEFAULT-REVIEW,Cream Biscuits,DEFAULT-REVIEW,,No rule matched this SKU. Unknown items are held for review rather than listed.,Policy: conservative default,44,Bakemate Bourbon Biscuit | Britannia 5050 Caramel Sandwich Cream Biscuits | Britannia 5050 Cheeze Dipped Biscuit | Britannia Bourbon The Original Biscuit | Britannia Little Hearts Classic Crunch Biscuit + Britannia Pure Magic Chocolush Center Filled Cookies (75 g) Combo,PENDING,,,
Jam & Spreads|DEFAULT-REVIEW,Jam & Spreads,DEFAULT-REVIEW,,No rule matched this SKU. Unknown items are held for review rather than listed.,Policy: conservative default,44,Del Monte Eggless Mayonnaise | Dr. Oetker FunFoods Burger Mayonnaise | Dr. Oetker FunFoods Tandoori Mayonnaise | Dr. Oetker FunFoods Veg Cheese & Chilli Sandwich Spread | Dr. Oetker FunFoods Veg Cucumber & Carrot Sandwich Spread,PENDING,,,
Hair Styling|DEFAULT-REVIEW,Hair Styling,DEFAULT-REVIEW,,No rule matched this SKU. Unknown items are held for review rather than listed.,Policy: conservative default,43,"Alps Goodness Rosemary, Hibiscus & Flaxseed Hair Gel | Aroma Monk Pure & Natural Rosemary Water | Beotkkot Medium Hold Hair Wax Pomade | Berkowits Hair Fibers (Black) | Berkowits Hair Fibers (Dark Brown)",PENDING,,,
"Cough, Cold & Flu|CATEGORY:Health & Pharma","Cough, Cold & Flu",CATEGORY:Health & Pharma,US_IMPORT,Pharma category requires per-SKU FDA assessment.,21 U.S.C. 355,42,AeroFlowTape Nasal Strips | Antson Magnetic Breathing Nasal Strips | BabyOrgano 100% Natural Cold Relief Roll On | Be Safe Forever Self Defence Pepper Spray | Bibo Multi Symptom Saline Nasal Spray with Tulsi,PENDING,,,
Masks & Sanitizers|CATEGORY:Health & Pharma,Masks & Sanitizers,CATEGORY:Health & Pharma,US_IMPORT,Pharma category requires per-SKU FDA assessment.,21 U.S.C. 355,42,Am Safe-X Disposable Bouffant Caps | Am Safe-X Disposable Bouffant Caps (Black) | Am Safe-X Disposable Bouffant Caps (Blue) | Am Safe-X Medium Disposable Gloves (Blue) | Atovio Anti-Pollution Nova N99 Mask with Replaceable Filters (Grey,PENDING,,,
Cow Ghee|KW-GHEE-012,Cow Ghee,KW-GHEE-012,US_IMPORT,"Shelf-stable milk fat is generally admissible but is still a dairy product requiring APHIS clearance and FDA prior notice. Clear per-brand, then list.",9 CFR 94.16; FDA Prior Notice 21 CFR 1.280,42,AMAYU A2 Gir Cow Ghee (Bilona Churned) | Aadiras Desi Cow Ghee | Aashirvaad Svasti Cow Ghee | Aashirvaad Svasti Pure Cow Ghee | Aashirvaad Svasti Pure Cow Ghee,PENDING,,,
Energy Bars|KW-CHOCOLATE-062,Energy Bars,KW-CHOCOLATE-062,TEMPERATURE,"Chocolate melts above ~30C. Listable with a seasonal hold (block May-September) and insulated packing, not year-round.",Operational constraint; commodity melting point,41,"Avvatar Chocolate Protein Wafer Bar | RiteBite Max Protein Daily Choco Berry 10 g Protein Bar | SuperYou 20g Nutty Chocolate Multigrain Wafer Bar | SuperYou Chocolate Wafer Protein Bar | Yoga Bar 20 g Protein Bar, Choco Peanut Butter, No Added Sugar",PENDING,,,
Indian Sweets|KW-GHEE-012,Indian Sweets,KW-GHEE-012,US_IMPORT,"Shelf-stable milk fat is generally admissible but is still a dairy product requiring APHIS clearance and FDA prior notice. Clear per-brand, then list.",9 CFR 94.16; FDA Prior Notice 21 CFR 1.280,41,100% Pure Ghee Baklava by Unibic | Atta Gond Ghee Laddu by Daadi's | Badam Ghee Laddu by Daadi's | Besan Ghee Laddu by Daadi's | Coconut Ghee Burfi by Daadi's,PENDING,,,
Feeding Essentials|DEFAULT-REVIEW,Feeding Essentials,DEFAULT-REVIEW,,No rule matched this SKU. Unknown items are held for review rather than listed.,Policy: conservative default,40,Artistic  Stainless Steel Baby Feeding Bottle (304 Grade) | Babymoon Manual Breast Pump (Transparent) | BeeBaby Ease Wide Neck Baby Feeding Bottle (White) | BeeBaby Slim Neck Baby Feeding Bottle (Orange) | BeeBaby Slim Neck Baby Feeding Bottle (Orange),PENDING,,,
Stomach & Digestive Care|CATEGORY:Health & Pharma,Stomach & Digestive Care,CATEGORY:Health & Pharma,US_IMPORT,Pharma category requires per-SKU FDA assessment.,21 U.S.C. 355,40,Ayuvya Gut Hax Acidity & Digestive Tablets | B-G Telephone Brand Sat-Isabgol Psyllium Husk | B-G Telephone Brand Sat-Isabgol Psyllium Husk | Baidyanath Ayurvedant Isabgol - Psyllium Husk | Baidyanath Psyllium Husk Powder,PENDING,,,
Dates|DEFAULT-REVIEW,Dates,DEFAULT-REVIEW,,No rule matched this SKU. Unknown items are held for review rather than listed.,Policy: conservative default,40,7 Bazaari Khajoori Nuts in Dates No Added Sugar | Aafarin Kimia Gold Dates | Al asal Kimia Soft Premium Gold Dates | Aladdin Dates Premium Black Kimia Dates | BDF Kimia Dates (Khajur),PENDING,,,
Storage & Containers|KW-FRAGILE-084,Storage & Containers,KW-FRAGILE-084,FRAGILITY,High breakage rate in international parcel handling. Listable only with reinforced packing and a higher damage allowance in unit economics.,Operational constraint,40,Adify Glass 2 in 1 Oil Dispenser & Sprayer | Borosil Borosilicate Glass Klip N Store Container (Round) | Borosil Borosilicate Glass Klip N Store Container (Square) | Borosil Borosilicate Glass Rectangle Storage Container | Borosil Borosilicate Glass Rectangle Storage Container for Kitchen,PENDING,,,
Popcorn|DEFAULT-REVIEW,Popcorn,DEFAULT-REVIEW,,No rule matched this SKU. Unknown items are held for review rather than listed.,Policy: conservative default,40,"4700BC Butter Toffee Caramel Popcorn | 4700BC Cheese & Peri Peri Popcorn Jumbo Size | 4700BC Devil Popcorn - Hot N Spicy | 4700BC Hawaiian Barbeque Cheese Popcorn, Gourmet | 4700BC Himalayan Salt Caramel Gift Pack, Gourmet Tin",PENDING,,,
Nachos|DEFAULT-REVIEW,Nachos,DEFAULT-REVIEW,,No rule matched this SKU. Unknown items are held for review rather than listed.,Policy: conservative default,39,Act II Jalapeno Nachos Crispy & Crunch | Bingo Cheese Nachos with Free Dip | Bingo Cheese Nachos with Free Dip | Bingo Chilli Limon Nachos with Free Dip | Bingo Mad Angles Pizza-aaaah Chips,PENDING,,,
Water & Ice Cubes|DEFAULT-REVIEW,Water & Ice Cubes,DEFAULT-REVIEW,,No rule matched this SKU. Unknown items are held for review rather than listed.,Policy: conservative default,39,AUM premium Natural Alkaline Water | Aava Alkaline Natural Mineral Water | Aava Alkaline Natural Mineral Water | Aava Alkaline Natural Mineral Water | Aava Sparkling Water,PENDING,,,
Health &  Hygiene|DEFAULT-REVIEW,Health &  Hygiene,DEFAULT-REVIEW,,No rule matched this SKU. Unknown items are held for review rather than listed.,Policy: conservative default,38,BabyPro Sharp Corner Baby Safety Guard | Chicco Baby Comb Set - Pink | Creeva Hooded Baby Towel Wrap (White) | Haus & Kinder Baby Quick Dry Sheet (Blue) | Haus & Kinder Muslin Floral Baby Swaddle Set (Multicolour),PENDING,,,
Bath & Beauty Gifts|KW-COSMETIC-072,Bath & Beauty Gifts,KW-COSMETIC-072,US_IMPORT,Cosmetics require MoCRA facility registration and product listing; kajal/surma carry a lead import alert and hair colour carries PPD restrictions.,MoCRA 2022 (21 U.S.C. 364); FDA Import Alert 53-19 (kohl/kajal lead),38,"Cetaphil Moisturising Lotion & Skin Cleanser Travel Kit | ENN Semi Matte Liquid Lipstick Kit | LoveChild Masaba Long Stay Ultra Matte Lipstick Kit (Buzzkill 2.0, Soul Curry, Crack A Cookie) | LoveChild Masaba Long Stay Ultra Matte Lipstick Kit (Nimbu Pani 2.0, Soul Curry, Moody Modak) | MARS Cosmetics Matte Box Lipstick Kit (Reds and Maroons 01)",PENDING,,,
Face Masks & Packs|KW-SUPPLEMENT-042,Face Masks & Packs,KW-SUPPLEMENT-042,US_IMPORT,"Dietary supplements need FDA facility registration, DSHEA-compliant labelling and a Supplement Facts panel. Indian labels rarely comply as-is.",DSHEA 21 U.S.C. 350b; 21 CFR 101.36 (Supplement Facts),37,Abeers Vitamin C & E Glow Face Mask | Adtala Bio Collagen Overnight Face Mask | Bee & Beauty Bio-Collagen Deep Face Mask | Biodance Bio-Collagen Real Deep Mask | ClayCo. Brightening Rice & Sake Sleep Mask with Vitamin C,PENDING,,,
Dry Fruits Snacks|DEFAULT-REVIEW,Dry Fruits Snacks,DEFAULT-REVIEW,,No rule matched this SKU. Unknown items are held for review rather than listed.,Policy: conservative default,37,7 Bazaari Chatpata Dried Cranberries | Agranik Premium Roasted Tandoori Flavoured Cashew | Farm Elements Jumbo Roasted & Salted Cashew | Farmley Classic Salted & Flavoured Cashew Roasted | Farmley Minty Pudina Flavoured Makhana,PENDING,,,
Herbs & Seasoning|DEFAULT-REVIEW,Herbs & Seasoning,DEFAULT-REVIEW,,No rule matched this SKU. Unknown items are held for review rather than listed.,Policy: conservative default,37,Carpe Victus Crushed Chilli Flakes | Carpe Victus Oregano Flakes | Desire Birista Fried Onion Flakes | Dr Arya Dried Rosemary Leaves | Keya Garlic Powder,PENDING,,,
Rolling Needs|DEFAULT-REVIEW,Rolling Needs,DEFAULT-REVIEW,,No rule matched this SKU. Unknown items are held for review rather than listed.,Policy: conservative default,37,3 Layer Metal Herb Crusher - Blaze Up | Black Slim Rolling Paper (King Size) - Raw | Booklet of 32 Brown Leaves and Tips Rolling Paper - Original Gangster | Brown Classic Slim Rolling Paper (King Size) - Raw | Brown Pre Rolled Cones - Cannapro,PENDING,,,
Blush & Highlighter|KW-COSMETIC-072,Blush & Highlighter,KW-COSMETIC-072,US_IMPORT,Cosmetics require MoCRA facility registration and product listing; kajal/surma carry a lead import alert and hair colour carries PPD restrictions.,MoCRA 2022 (21 U.S.C. 364); FDA Import Alert 53-19 (kohl/kajal lead),36,Blue Heaven Kiss & Blush Lip & Cheek Tint | Daily life FOREVER52 Flourish Cream Contour (Brown FCC001) | Dream Beauty Nebula Cream Blush (Lagoon Pink) | Elle 18 Blush Bomb Blush (Pink 02) | Elle 18 Bubblegum Blush (Pink),PENDING,,,
Healthy & Digestive|DEFAULT-REVIEW,Healthy & Digestive,DEFAULT-REVIEW,,No rule matched this SKU. Unknown items are held for review rather than listed.,Policy: conservative default,36,Britannia NutriChoice 100% Millets Cookies | Britannia NutriChoice 5 Grain Digestive Biscuit | Britannia NutriChoice Digestive High - Fibre Biscuit | Britannia NutriChoice Digestive High Fibre Biscuit | Britannia NutriChoice Digestive High-Fibre Biscuit,PENDING,,,
Asian Sauces|DEFAULT-REVIEW,Asian Sauces,DEFAULT-REVIEW,,No rule matched this SKU. Unknown items are held for review rather than listed.,Policy: conservative default,36,"Ching's Secret Chilli Oil Crunchy | Ching's Secret Chilli Oil Schezwan | Ching's Secret Chilli Sauce Bold, Fiery & Aromatic | Ching's Secret Green Chilli Sauce | Ching's Secret Green Chilli Sauce Bold & Flavourful",PENDING,,,
Conditioner|KW-COSMETIC-072,Conditioner,KW-COSMETIC-072,US_IMPORT,Cosmetics require MoCRA facility registration and product listing; kajal/surma carry a lead import alert and hair colour carries PPD restrictions.,MoCRA 2022 (21 U.S.C. 364); FDA Import Alert 53-19 (kohl/kajal lead),35,&Done Take Control Shielding Conditioner | Bare Anatomy Anti-Hair Fall Conditioner | Curl Up Curl Hydrating Conditioner | Dot & Key Frizz Control Smoothing Hair Conditioner (Moringa & Argan) - Pack of 2 | Dove Daily Shine Hair Conditioner,PENDING,,,
Adult Diapers|CATEGORY:Health & Pharma,Adult Diapers,CATEGORY:Health & Pharma,US_IMPORT,Pharma category requires per-SKU FDA assessment.,21 U.S.C. 355,35,"B-FIT Adult Diaper Pant Style (L, 30-56"") | B-FIT Adult Diaper Pant Style (M, 25-48"") | B-FIT Adult Diaper Pant Style (XL, 30-56"") | B-FIT Adult Diaper Tape Style (L, 33"" - 60"") | B-FIT Adult Diaper Tape Style (M, 28"" - 51"")",PENDING,,,
Tissues & Disposables|KW-FRAGILE-084,Tissues & Disposables,KW-FRAGILE-084,FRAGILITY,High breakage rate in international parcel handling. Listable only with reinforced packing and a higher damage allowance in unit economics.,Operational constraint,35,Corepac Doodle Print Disposable Juice Glass | Corepac Premium Disposable Party Glass for Party | Corepac Printed Disposable Juice Glass | Corepac Rippled Disposable Tea Glass | Corepac Rippled Tea Disposable Glass,PENDING,,,
Mobile & Computer|KW-BATTERY-055,Mobile & Computer,KW-BATTERY-055,HAZMAT,"Lithium cells are UN3480/UN3481 dangerous goods with state-of-charge, watt-hour and packaging rules. Shippable only when installed in equipment and within Wh limits.",IATA DGR Packing Instruction 965-970; 49 CFR 173.185,35,"Ambrane Fast Charging 20000 mAh Power Bank | Ambrane MagSafe Fast Wireless 10000 mAh Power Bank (WLP-12, 10000 mAh) | Ambrane Magsafe 10000 mAh Power Bank | Ambrane Magsafe Wireless 10000 mAh Power Bank | Ambrane PowerMini 20 20000 mAh Power Bank (Black)",PENDING,,,
Coconut Water|DEFAULT-REVIEW,Coconut Water,DEFAULT-REVIEW,,No rule matched this SKU. Unknown items are held for review rather than listed.,Policy: conservative default,35,Alo Frut Natural Tender Coconut Water | B Natural Select Tender Concentrate Coconut Water | B Natural Tender Concentrate Coconut Water | Derm Ease Coconut Water Powder | GIVMI Natural Tender Coconut Water,PENDING,,,
Lunch Boxes|DEFAULT-REVIEW,Lunch Boxes,DEFAULT-REVIEW,,No rule matched this SKU. Unknown items are held for review rather than listed.,Policy: conservative default,34,Adify Stainless Steel Lunch Box with Spoon | Basil Stainless Steel Bento Neo 3-Compartment Lunch Box | Basil Stainless Steel Bento Quad Lunch Box | Borosil Stainless Steel Carry Fresh Lunch Box | Borosil Stainless Steel Carry Fresh Lunch Box Set,PENDING,,,
Shoe Polish & Brush|CATEGORY:Stationery & Games,Shoe Polish & Brush,CATEGORY:Stationery & Games,US_IMPORT,Mixed shelf; games/toys hit CPSIA while pure stationery is clear.,CPSIA 15 U.S.C. 2063,34,"AnjaniputrA Shoe Laundry Bag | Cherry Blossom Black Handy Shoe Shiner | Cherry Blossom Black Liquid Shoe Polish | Cherry Blossom Black Wax Shoe Polish | Cherry Blossom Dark Tan Liquid Shoe Polish +  Neutral, Handy Shoe Shiner Combo",PENDING,,,
Face Moisturisers|KW-COSMETIC-072,Face Moisturisers,KW-COSMETIC-072,US_IMPORT,Cosmetics require MoCRA facility registration and product listing; kajal/surma carry a lead import alert and hair colour carries PPD restrictions.,MoCRA 2022 (21 U.S.C. 364); FDA Import Alert 53-19 (kohl/kajal lead),33,Bio Code Alpha Arbutin & Licorice Extract Moisturizing Cream | Bioderma Atoderm Creme Ultra Moisturizing Cream | Biotique Morning Nectar Nourishing & Hydrate Moisturizing Cream | Biotique Saffron Youth Anti-Ageing Skin Treatment Cream | Buttr Lavender Moisturizing Cream (Spray),PENDING,,,
Desi Ghee|KW-GHEE-012,Desi Ghee,KW-GHEE-012,US_IMPORT,"Shelf-stable milk fat is generally admissible but is still a dairy product requiring APHIS clearance and FDA prior notice. Clear per-brand, then list.",9 CFR 94.16; FDA Prior Notice 21 CFR 1.280,33,Amul Buffalo Ghee | Amul Pure Ghee | Amul Pure Ghee | Amul Pure Ghee | Amul Pure Ghee,PENDING,,,
Trimmers & Hair Appliances|KW-VOLTAGE-082,Trimmers & Hair Appliances,KW-VOLTAGE-082,FUNCTIONAL,"Indian mains appliances are 220-240V/50Hz. US mains is 120V/60Hz, so these do not work without a transformer and are a refund/complaint magnet even though they are legal to import.",Operational constraint; FCC Part 15 also applies to electronics,33,"Agaro 4 in 1 Hair Straightener (Black, Pink, 65 W) | Babyliss High Speed Digital Hair Dryer (Pink, 1800W) | Bombae 5x Faster Ionic Hair Dryer - Headstart (Light Purple, 1600 W) | Bombae Hairess Ionic 3-in-1 Hot Air Brush Volumizer and Hair Straightener (Lavender, 1200 W) | Caresmith 3-In-1 Volumizer Hair Dryer & Straightener (Purple, 1200 W)",PENDING,,,
Pooja Needs|KW-GHEE-012,Pooja Needs,KW-GHEE-012,US_IMPORT,"Shelf-stable milk fat is generally admissible but is still a dairy product requiring APHIS clearance and FDA prior notice. Clear per-brand, then list.",9 CFR 94.16; FDA Prior Notice 21 CFR 1.280,33,Anupam Pooja Ghee (Non-Edible) by Hari Darshan | Aromatic Pooja Ghee (Non-Edible) by Samsara | Cow Ghee Diya Batti by Chandar | Cow Ghee Diya Batti by Divya Sutra | Cow Ghee Diya Batti by ServDharm,PENDING,,,
"Poha, Daliya & Other Grains|DEFAULT-REVIEW","Poha, Daliya & Other Grains",DEFAULT-REVIEW,,No rule matched this SKU. Unknown items are held for review rather than listed.,Policy: conservative default,32,"24 Mantra Organic Foxtail Millet - Pack of 2 | Farmley Natural Quinoa High Protein, Dietary Fiber & Gluten-Free Superfood | Farmley Natural Quinoa High Protein, Dietary Fiber & Gluten-Free Superfood | Health Fields Rajgira/Amaranth (Chaulai) | India Gate Natural Quinoa",PENDING,,,
Mobile & Computer|KW-FRAGILE-084,Mobile & Computer,KW-FRAGILE-084,FRAGILITY,High breakage rate in international parcel handling. Listable only with reinforced packing and a higher damage allowance in unit economics.,Operational constraint,32,Artistque iPhone 13 / 14 / 16e / 17e Tempered Glass (Transparent) | Artistque iPhone 15 / iPhone 16 Tempered Glass (Transparent) | DailyObjects iPhone 17 Pro Max Tempered Glass (Transparent) | DailyObjects iPhone 17 Tempered Glass (Transparent) | KLJP iPhone 13/ 13 Pro/14/ 16e/17e Tempered Glass (Transparent),PENDING,,,
Bath & Beauty Gifts|KW-PERFUME-052,Bath & Beauty Gifts,KW-PERFUME-052,HAZMAT,Alcohol-based fragrance is a limited-quantity dangerous good. Shippable only in small volumes with DG paperwork and a carrier that accepts LQ.,"IATA DGR UN1266 (perfumery products), Limited Quantity provisions",31,Azzaro Eau de Toilette (Chrome) | Bombay Shaving Company Perfume Gift Set | Carlton London Limited Edition Women's Eau de Parfum (Blush) | Carlton London Men Explorer Perfume Gift Set | Carlton London Veronica Body Mist & Blush Perfume Gift Set,PENDING,,,
Chyawanprash & Honey|KW-HONEY-090,Chyawanprash & Honey,KW-HONEY-090,DUTY,Raw honey from India is covered by a US antidumping duty order with punitive per-exporter rates. Landed cost can exceed the retail price.,US DOC Antidumping Order A-533-903 (Raw Honey from India),31,Amul Honey | Apibee Natural Farm Honey (Buy 1 Get 1 Free) | Apis Multifloral Honey | Apis Multifloral Honey Squeezy | Cropicon Ginger Honey Sticks,PENDING,,,
Papad & Fryums|DEFAULT-REVIEW,Papad & Fryums,DEFAULT-REVIEW,,No rule matched this SKU. Unknown items are held for review rather than listed.,Policy: conservative default,30,Being Bania Assorted Papad | Being Bania Handmade & Sundried Potato Papad | Bikaji Baat Cheet Moong and Urad Dal Papad | Bikano Amritsari Masala Papad | DNV Appalam Papad,PENDING,,,
Tomato Ketchup|DEFAULT-REVIEW,Tomato Ketchup,DEFAULT-REVIEW,,No rule matched this SKU. Unknown items are held for review rather than listed.,Policy: conservative default,30,Del Monte Sweet & Spicy Chilli Ketchup | Del Monte Tomato Ketchup | Del Monte Tomato Ketchup | Heinz Classic Tomato Ketchup | Heinz Tomato Ketchup,PENDING,,,
Premium|DEFAULT-REVIEW,Premium,DEFAULT-REVIEW,,No rule matched this SKU. Unknown items are held for review rather than listed.,Policy: conservative default,29,Bombucha Radish Kimchi | Kepps Cream and Onion Flavoured Makhana | Kettle Studio Mature Cheddar & Red Onions Potato Chips | Kettle Studio Potato Chips - Himalyan Pink Salt | Kettle Studio Rock Sea Salt & English Vinegar Potato Chips,PENDING,,,
Sweet & Salty|DEFAULT-REVIEW,Sweet & Salty,DEFAULT-REVIEW,,No rule matched this SKU. Unknown items are held for review rather than listed.,Policy: conservative default,27,Bisk Farm The Top Sweet & Salty Biscuits | Britannia 50-50 Maska Chaska Biscuits | Britannia 5050 Maska Chaska Biscuit | Britannia Little Hearts Classic Crunch Biscuit | Britannia Little Hearts Classic Crunch Biscuit,PENDING,,,
Muesli & Granola|DEFAULT-REVIEW,Muesli & Granola,DEFAULT-REVIEW,,No rule matched this SKU. Unknown items are held for review rather than listed.,Policy: conservative default,27,"Bagrry's No Added Sugar Muesli (Fruits, Nuts & Seeds) | Elevate Almond & Seeds High Protein Granola | Elevate Apple & Cinnamon High Protein Granola | Elevate Cocoa & Almond High protein Granola | Fitness Friends High Protein Fruit & Nut Muesli",PENDING,,,
Vitamins & Supplements|KW-AYURVEDA-041,Vitamins & Supplements,KW-AYURVEDA-041,US_IMPORT,"Ayurvedic preparations are treated as unapproved drugs when they carry therapeutic claims, and some carry heavy-metal (lead/mercury) import alerts. Clear per-brand with a label review.",21 U.S.C. 321(g) (drug definition); FDA Import Alert 66-41; DSHEA 21 U.S.C. 350b,26,Aafarin 10x Ultrastrong Pure Afghan Shilajit | Ayuvya Giloy Capsules for Liver Support | Ayuvya Shilajit Gold Resin With 70% Fulvic Acid | Ayuvya Triphala for Digestion Support | BeastLife Natural Himalayan Shilajit Resin,PENDING,,,
Vermicelli & Poha|DEFAULT-REVIEW,Vermicelli & Poha,DEFAULT-REVIEW,,No rule matched this SKU. Unknown items are held for review rather than listed.,Policy: conservative default,26,"Aazol Red Rice Poha | Bambino 100% Suji, No Maida Regular Vermicelli | Bambino 100% Suji, No Maida Roasted Vermicelli | Bambino Khapli Wheat Vermicelli | Bambino Regular Vermicelli",PENDING,,,
Laundry Additives|CATEGORY:Cleaners & Repellents,Laundry Additives,CATEGORY:Cleaners & Repellents,HAZMAT,Mixed shelf of inert cleaners and EPA-regulated pesticides.,FIFRA; IATA DGR,26,Awenest Bye Bye Fabric Stain Remover Spray | Comfort After Wash Anti Bacterial Fabric Conditioner | Comfort After Wash Fabric Conditioner (Lily Fresh) | Comfort After Wash Fabric Conditioner (Lily Fresh) | Comfort After Wash Fabric Conditioner (Lily Fresh),PENDING,,,
"Bindi, Bangles & Others|DEFAULT-REVIEW","Bindi, Bangles & Others",DEFAULT-REVIEW,,No rule matched this SKU. Unknown items are held for review rather than listed.,Policy: conservative default,25,Blue Heaven Makeup Shringar Gift Set | ENN Beauty Shringar Set (Red) | Eyetex Bindi (Black) | Fine Touch 6 mm Multicolor Pearl Bindi | Fine Touch 7 mm Multicolor Stone Bindi,PENDING,,,
Lip & Eye Care|KW-COSMETIC-072,Lip & Eye Care,KW-COSMETIC-072,US_IMPORT,Cosmetics require MoCRA facility registration and product listing; kajal/surma carry a lead import alert and hair colour carries PPD restrictions.,MoCRA 2022 (21 U.S.C. 364); FDA Import Alert 53-19 (kohl/kajal lead),25,Bare Glow Peptide Under Eye Cream | Beauty of Joseon Ginseng & Retinal Revive Under Eye Serum | Bella Vita Organic Eyelift Gel Under Eye Cream | Chemist At Play Hydrating & Anti-Aging Under Eye Cream | ClayCo. Ginseng Cica Brightening Under Eye Cream,PENDING,,,
Cream Biscuits|KW-CHOCOLATE-062,Cream Biscuits,KW-CHOCOLATE-062,TEMPERATURE,"Chocolate melts above ~30C. Listable with a seasonal hold (block May-September) and insulated packing, not year-round.",Operational constraint; commodity melting point,25,Beanly Choco Hazelnut Spread with Breadsticks | Britannia Little Hearts Classic Crunch Biscuit + Britannia The Original Bourbon Creme Biscuit With Chocolate Combo | Britannia Pure Magic Choco Frames Harry Potter Biscuit | Britannia Pure Magic Choco Stars Biscuit | Britannia Pure Magic Choco Stars Chunky Chocolate Topped Cookies,PENDING,,,
Home Needs|KW-FCC-083,Home Needs,KW-FCC-083,US_IMPORT,Radio-frequency devices require an FCC equipment authorization and Form 740 declaration at entry.,47 CFR Part 15/2.1033; FCC Form 740,25,Adify Foldable Laptop Bed Table (Black) | Adify Foldable Laptop Bed Table (Wooden) | Adify Smart Multipurpose Foldable Laptop Bed Table (Black) | Besque Wooden Foldable Laptop Table (Black) | Elowen Multipurpose Foldable Laptop Table (Black),PENDING,,,
Hair Accessories|KW-COSMETIC-072,Hair Accessories,KW-COSMETIC-072,US_IMPORT,Cosmetics require MoCRA facility registration and product listing; kajal/surma carry a lead import alert and hair colour carries PPD restrictions.,MoCRA 2022 (21 U.S.C. 364); FDA Import Alert 53-19 (kohl/kajal lead),24,"Bronson Professional Hair Oil Applicator (Black) | Cerrito Strong Hold Hair Claw Clip (Brown, Black, Cream) | Cerrito Zig-Zag Claw Clip (Black, Brown, Cream) | Edel Scrunchie with Ribbon (Maroon, Cream & Black) | GUBB Mini Detangling Compact Hair Brush (Pink)",PENDING,,,
Health & Wellness E-Cards|CATEGORY:Health & Pharma,Health & Wellness E-Cards,CATEGORY:Health & Pharma,US_IMPORT,Pharma category requires per-SKU FDA assessment.,21 U.S.C. 355,24,Apollo Diagnostics Instant Voucher | Apollo Pharmacy Instant Voucher | Auric Instant Voucher | Bare Anatomy Instant Voucher | Chemist At Play Instant Voucher,PENDING,,,
Body Lotions & Oils|KW-COSMETIC-072,Body Lotions & Oils,KW-COSMETIC-072,US_IMPORT,Cosmetics require MoCRA facility registration and product listing; kajal/surma carry a lead import alert and hair colour carries PPD restrictions.,MoCRA 2022 (21 U.S.C. 364); FDA Import Alert 53-19 (kohl/kajal lead),24,Aveeno Daily Body Lotion (354 ml) | CeraVe Moisturizing Body Lotion (For Dry Skin with Ceramides) | Cetaphil Body Lotion | Cetaphil Moisturizing Lotion | Derm Ease Moist Ease Body Lotion,PENDING,,,
Corn Flakes & Kids Cereals|DEFAULT-REVIEW,Corn Flakes & Kids Cereals,DEFAULT-REVIEW,,No rule matched this SKU. Unknown items are held for review rather than listed.,Policy: conservative default,24,8AM Corn Flakes Family Pack | Bagrry's Corn Flakes Plus Original & Healthier (with Fibre Power) | Bagrry's Corn Flakes Plus Original & Healthier (with Fibre Power) | Kellogg's All Bran Wheat Flakes | Kellogg's Chocos Fills Double Chocolaty Cereal,PENDING,,,
Milk Drinks|DEFAULT-REVIEW,Milk Drinks,DEFAULT-REVIEW,,No rule matched this SKU. Unknown items are held for review rather than listed.,Policy: conservative default,23,Ayuvya Green Apple Clean Protein Drink | Boost 3x Stamina Drink Mix | Bournvita 5 Star Magic Nutrition Drink Mix (Pouch (500 g)) | Bournvita 5 Star Magic Nutrition Drink Mix (Pouch) | Bournvita Nutrition Drink Mix,PENDING,,,
Adult Games|DEFAULT-REVIEW,Adult Games,DEFAULT-REVIEW,,No rule matched this SKU. Unknown items are held for review rather than listed.,Policy: conservative default,22,Bold Care Lockdown Soft Fur Handcuff | Durex Play Things - Hands Off Handcuff | Exciting Lives Date Night Fun Adult Game for Couples | Exciting Lives Steamy Couple Adult Card Game | Leezu's Extremely Naughty Cards Adult Game,PENDING,,,
"Besan, Sooji & Maida|DEFAULT-REVIEW","Besan, Sooji & Maida",DEFAULT-REVIEW,,No rule matched this SKU. Unknown items are held for review rather than listed.,Policy: conservative default,22,Aashirvaad Besan (100% Chana Dal) | Fortune 100% Chana Dal Besan (1 kg) | Fortune 100% Chana Dal Besan (500 kg) | Fortune Maida | Fortune Sooji,PENDING,,,
Mugs & Glasses|DEFAULT-REVIEW,Mugs & Glasses,DEFAULT-REVIEW,,No rule matched this SKU. Unknown items are held for review rather than listed.,Policy: conservative default,22,"Chumbak Palace Memoirs Mugs Gift Set (330 ml) | Cpensus Coffee Mug with Lid & Spoon Gift Set | Earth Chakra Moscow Mule Mug (Copper) | Gluman Mini Reusable Glasses (Polycarbonate) | Home Lane Coffee Mug (Plastic, Stainless Steel)",PENDING,,,
Toilet Cleaners|CATEGORY:Cleaners & Repellents,Toilet Cleaners,CATEGORY:Cleaners & Repellents,HAZMAT,Mixed shelf of inert cleaners and EPA-regulated pesticides.,FIFRA; IATA DGR,22,Domex Fresh Guard Disinfectant Toilet Cleaner (Lime Fresh) | Domex Fresh Guard Disinfectant Toilet Cleaner (Ocean Fresh) | Domex Sparkling Fresh Disinfectant Toilet Cleaner Liquid | Feel Fresh Flush Matic Toilet Cleaner - Twin Pack | Feel Fresh Sani Urinal Cubes,PENDING,,,
Peanut Butter|DEFAULT-REVIEW,Peanut Butter,DEFAULT-REVIEW,,No rule matched this SKU. Unknown items are held for review rather than listed.,Policy: conservative default,22,Agranik High Protein Crunchy Peanut Butter | Alpino Crunchy Peanut Butter | Amul Creamy Spread Peanut Butter | Amul Crunchy Peanut Spread | BeastLife Crunchy Coffee Peanut Butter,PENDING,,,
Baby Shampoo & Soaps|KW-COSMETIC-072,Baby Shampoo & Soaps,KW-COSMETIC-072,US_IMPORT,Cosmetics require MoCRA facility registration and product listing; kajal/surma carry a lead import alert and hair colour carries PPD restrictions.,MoCRA 2022 (21 U.S.C. 364); FDA Import Alert 53-19 (kohl/kajal lead),21,Aveeno Daily Moisture Baby Soap | Aveeno Daily Moisture Baby Wash & Shampoo | Aveeno Daily Moisturise Baby Wash & Shampoo | Baby Dove Rich Moisture Baby Shampoo | Cetaphil Mild Bar Baby Soap,PENDING,,,
Beauty Accessories|KW-COSMETIC-072,Beauty Accessories,KW-COSMETIC-072,US_IMPORT,Cosmetics require MoCRA facility registration and product listing; kajal/surma carry a lead import alert and hair colour carries PPD restrictions.,MoCRA 2022 (21 U.S.C. 364); FDA Import Alert 53-19 (kohl/kajal lead),21,Antson Body Scrubber with Soap Dispenser | Ausha Reusable False Eyelashes with Magnetic Eyeliner (Black) | Bronson Professional Diamond Magic Foundation Makeup Brush | Bronson Professional Fat Makeup Brush for Powder & Blush | Edel Compact Travel Mirror,PENDING,,,
Dining & Serveware|KW-FRAGILE-084,Dining & Serveware,KW-FRAGILE-084,FRAGILITY,High breakage rate in international parcel handling. Listable only with reinforced packing and a higher damage allowance in unit economics.,Operational constraint,21,"Borosil Borosilicate Glass Serving/Mixing Bowl Set With Lid (Transparent) | Cello Glass Zenith Round Serving Bowl (Transparent) | Chumbak Dessert Ceramic Bowl Gift Set (Multicolour, 160 ml, 6 pcs) | Cutting EDGE Regalia Glass Mixing & Serving Bowl (1.1 L) | Cutting Edge Borosilicate Glass Bowl (800 ml)",PENDING,,,
Laptop & Mobile Phones|KW-FCC-083,Laptop & Mobile Phones,KW-FCC-083,US_IMPORT,Radio-frequency devices require an FCC equipment authorization and Form 740 declaration at entry.,47 CFR Part 15/2.1033; FCC Form 740,21,"HMD 105 DS Keypad Mobile (4 MB, 4 MB, Purple, 2"") | HMD 150 Music Dual SIM Keypad Mobile - Type C (8 MB, 8 MB, Light Blue, 2.4"") | HMD Music 150 2G Dual SIM Type-C Keypad Mobile (8 MB, 8 MB, Light Purple, 2.4"") | Lava Keypad Mobile (4 MB, 4 MB, Black, 1.8"") | Motorola A300 2026 Keypad Mobile (4 MB, 4 MB, Black, 2.0"")",PENDING,,,
Herbal Infusion|DEFAULT-REVIEW,Herbal Infusion,DEFAULT-REVIEW,,No rule matched this SKU. Unknown items are held for review rather than listed.,Policy: conservative default,21,Blendart Pure Chamomile Herbal Infusion Bags | Blendart Spearmint Herbal Infusion | Blue Tea Belly Fat Herbal Infusion | Dr. Tea Blue Butterfly Pea Flower Herbal Infusion | Flurys Pure Chamomile Herbal Infusion Bags,PENDING,,,
Beauty E-Card|DEFAULT-REVIEW,Beauty E-Card,DEFAULT-REVIEW,,No rule matched this SKU. Unknown items are held for review rather than listed.,Policy: conservative default,20,Bath & Body Works Instant Voucher | Bombay Shaving Company Instant Voucher | ClayCo. Instant Voucher | Foxtale Instant Voucher | Kiehls Instant Voucher,PENDING,,,
Glucose & Marie|DEFAULT-REVIEW,Glucose & Marie,DEFAULT-REVIEW,,No rule matched this SKU. Unknown items are held for review rather than listed.,Policy: conservative default,20,Britannia Marie Gold Marie Biscuits | Britannia Marie Gold Marie Biscuits | Britannia Marie Gold Marie Biscuits | Britannia Marie Gold Vita Marie Biscuits | Britannia Milk Bikis - Biscuit,PENDING,,,
Bottles & Flasks|KW-FRAGILE-084,Bottles & Flasks,KW-FRAGILE-084,FRAGILITY,High breakage rate in international parcel handling. Listable only with reinforced packing and a higher damage allowance in unit economics.,Operational constraint,20,Borosil Neo Glass Bottle with Husk Lid | Borosil Prime Glass Bottle (550 ml) | Borosil Prime Glass Bottle with Steel Lid (1 ltr) | Cello Aquaria Glass Bottle | Cello H2O Dual Shaded Glass Bottle,PENDING,,,
Chips & Wafers|KW-CHOCOLATE-062,Chips & Wafers,KW-CHOCOLATE-062,TEMPERATURE,"Chocolate melts above ~30C. Listable with a seasonal hold (block May-September) and insulated packing, not year-round.",Operational constraint; commodity melting point,20,4700BC Salt and Truffle Corn Chips+ | Banner & Co Hot Truffle Popped Chips | Chase Protein Black Truffle Healthy Chips | Chase Protein Black Truffle Protein Chips | Crax Choco Ring Puffs Snacks with Super Toys,PENDING,,,
Dessert & Cake Mixes|DEFAULT-REVIEW,Dessert & Cake Mixes,DEFAULT-REVIEW,,No rule matched this SKU. Unknown items are held for review rather than listed.,Policy: conservative default,20,Bambino Vermicelli Kheer Payasam Dessert Mix | Betty Crocker Classic Pancake Mix | Betty Crocker Classic Pancake Mix (Original) | Brown & Polson Vanilla Custard Powder | Double Horse Instant Sadya Palada Dessert Mix,PENDING,,,
"Bindi, Bangles & Others|KW-COSMETIC-072","Bindi, Bangles & Others",KW-COSMETIC-072,US_IMPORT,Cosmetics require MoCRA facility registration and product listing; kajal/surma carry a lead import alert and hair colour carries PPD restrictions.,MoCRA 2022 (21 U.S.C. 364); FDA Import Alert 53-19 (kohl/kajal lead),19,Craftivity Mehendi Stencil Set (Black) | Craftivity Mehendi Stencil Set (Floral) | Edel Arabic Motif Mehendi Tattoo (Maroon) | Edel Floral Mehendi Stencil | Edel Henna Mehendi Stencil,PENDING,,,
Batteries|CATEGORY:Electronics,Batteries,CATEGORY:Electronics,US_IMPORT,FCC authorization and lithium-cell rules apply.,47 CFR Part 15,19,Duracell 2X AA Alkaline Battery | Duracell AA 4 Alkaline Battery | Duracell AA Alkaline Battery | Duracell AAA Alkaline Battery | Duracell CR2032 Coin Battery,PENDING,,,
Plants & Bouquets|DEFAULT-REVIEW,Plants & Bouquets,DEFAULT-REVIEW,,No rule matched this SKU. Unknown items are held for review rather than listed.,Policy: conservative default,19,1 Stem Teacher's Day Rose Bouquet | FNP - Pink Teacher's Day Carnation Bliss Bouquet | FNP - Purple Bloom Trio Mini Bouquet | FNP - Purple Orchid Delight Teacher's Day Single Flower | FNP - Red Rose Trio Teacher's Day Mini Bouquet,PENDING,,,
Chocolates|DEFAULT-REVIEW,Chocolates,DEFAULT-REVIEW,,No rule matched this SKU. Unknown items are held for review rather than listed.,Policy: conservative default,19,Cadbury 5 Star 3D Filled Bar | Cadbury Gems Duo Chocolates Pack | Cadbury Gems Surprise Chocolates Ball | Choki Choki Chocomilk Shaped Chocolates | Choko La Almond Marbles Shaped Chocolates,PENDING,,,
Organic & Premium|DEFAULT-REVIEW,Organic & Premium,DEFAULT-REVIEW,,No rule matched this SKU. Unknown items are held for review rather than listed.,Policy: conservative default,18,24 Mantra Organic Red Poha | Alpino Natural Crunch Unsweetened Peanut Butter | Cornitos Sliced Jalapeno Peppers | Organic Soul Organic Red Poha | Organic Tattva Organic White Poha,PENDING,,,
Barware|KW-FRAGILE-084,Barware,KW-FRAGILE-084,FRAGILITY,High breakage rate in international parcel handling. Listable only with reinforced packing and a higher damage allowance in unit economics.,Operational constraint,18,"Borosil Charm Whiskey Glass Set (Borosilicate Glass) | Cello Executive Beer Mug Set (Glass) | Cello Hi-Ball Glass Tumbler Set (Glass, 275 ml) | DeliBohemi Whiskey Glass Set (Glass) | Femora Shot Glass",PENDING,,,
Shampoo|KW-OTCDRUG-071,Shampoo,KW-OTCDRUG-071,US_IMPORT,"These are OTC drugs in the US (fluoride, antiperspirant actives, antifungals, topical analgesics), requiring monograph compliance and a Drug Facts panel.",21 CFR 355/350/333 (OTC monographs); 21 CFR 201.66 (Drug Facts),17,BBlunt Anti-Dandruff Conditioner +  Anti-Dandruff Shampoo Combo | Hairshield Anti-Dandruff Shampoo | Head & Shoulders Smooth & Silky Anti Dandruff Shampoo | L'Oréal Professionnel Expert Density Advanced Shampoo +  Scalp Advanced Anti-Dandruff Dermo-Clarifier Shampoo Combo | Mamaearth Lemon Anti-Dandruff Shampoo,PENDING,,,
Milk Drinks|KW-CHOCOLATE-062,Milk Drinks,KW-CHOCOLATE-062,TEMPERATURE,"Chocolate melts above ~30C. Listable with a seasonal hold (block May-September) and insulated packing, not year-round.",Operational constraint; commodity melting point,17,Bournvita 2X Strength Chocolate Drink Mix | Bournvita Chocolate Nutrition Drink Mix | Bournvita Chocolate Nutrition Drink Mix ((500 g)) | Bournvita Chocolate Nutrition Drink Mix ((700 g)) | Bournvita Chocolate Nutrition Drink Mix (with Bagpack),PENDING,,,
Skin & Hair Care|DEFAULT-REVIEW,Skin & Hair Care,DEFAULT-REVIEW,,No rule matched this SKU. Unknown items are held for review rather than listed.,Policy: conservative default,16,Chicco Baby Moments Baby Powder | Coco Crush Cold Pressed Almond Oil (Badam Rogan) | Coco Crush Cold Pressed Baby Massage Oil | Coco Crush Cold Pressed Coconut Oil for Baby Massage | Coco Crush Virgin Cold Pressed Coconut Baby Massage Oil,PENDING,,,
Hair Styling|KW-COSMETIC-072,Hair Styling,KW-COSMETIC-072,US_IMPORT,Cosmetics require MoCRA facility registration and product listing; kajal/surma carry a lead import alert and hair colour carries PPD restrictions.,MoCRA 2022 (21 U.S.C. 364); FDA Import Alert 53-19 (kohl/kajal lead),16,Arata Curl Hair Cream (Anti-Frizz & Moisture Locking) | Curl Up Curl Defining Cream & Hair Gel | Curl Up Curl Defining Hair Cream | Dasher Cream Pomade | Dasher Hair Styling Cream,PENDING,,,
Bandaid & Wound Care|KW-DEVICE-074,Bandaid & Wound Care,KW-DEVICE-074,US_IMPORT,"These are FDA-regulated medical devices requiring establishment registration, device listing and often 510(k) clearance.",21 CFR 807 (Establishment Registration); 21 CFR 884.5300 (condoms),16,Cetaplast Adhesive Bandage (5 x 5 cm) | Cetaplast Adhesive Bandage Roll (5 cm x 2 m) | Cetaplast Cotton Crepe Bandage (8 cm x 4 m) | Cetaplast Waterproof PU Film Dressing Bandage Roll (5cm x 5m) | Cozy Nose Transparent Film Dressing Adhesive Bandage,PENDING,,,
Rusks & Wafers|KW-CHOCOLATE-062,Rusks & Wafers,KW-CHOCOLATE-062,TEMPERATURE,"Chocolate melts above ~30C. Listable with a seasonal hold (block May-September) and insulated packing, not year-round.",Operational constraint; commodity melting point,16,Beanly Dark Chocolate Spread with Breadsticks | Bingo Churros with Chocolate Dip | Britannia Treat Rich Creme Choco Flavoured Wafers | Choki Choki Choco Creme Crunchy Stix | Choki Choki Choco Filled Wafer Roll,PENDING,,,
Electronics E-Card|CATEGORY:Electronics,Electronics E-Card,CATEGORY:Electronics,US_IMPORT,FCC authorization and lithium-cell rules apply.,47 CFR Part 15,16,Aliste Instant Voucher | Amazon Shopping Voucher | Avast Instant Voucher | Blaupunkt Instant Voucher | Blinkit Gift Card,PENDING,,,
Baby Food|GROUP:Baby Food,Baby Food,GROUP:Baby Food,US_IMPORT,Infant nutrition is tightly regulated; formula is effectively barred.,21 U.S.C. 350a,15,Aptamil Gold Stage 2 Follow up Formula (6 months+) | Nestle Ceregrow Multigrain Milk & Fruits Cereal | Nestle Ceregrow No Refined Sugar Multigrain Cereal | Nestle Cerelac 5 Grains & Fruits Baby Cereal (18 to 24 months) | Nestle Cerelac Multigrain & Fruits Baby Cereal (From 12 to 24 Months),PENDING,,,
Feeding Essentials|KW-TOY-080,Feeding Essentials,KW-TOY-080,US_IMPORT,"Children's products need CPSIA third-party testing, a Children's Product Certificate and tracking labels; lead and phthalate limits apply.",CPSIA 15 U.S.C. 2063; 16 CFR 1303 (lead paint); ASTM F963,15,Bumtum Tree Shape Silicone Teether | FunBlast Remote Shaped Silicone Teether for Babies (Black) (Black) | FunBlast Remote Shaped Silicone Teether for Babies (Blue) | FunBlast Remote Teether (Black) | Kidology Baby Teether (Bright Yellow),PENDING,,,
Skin & Hair Care|KW-COSMETIC-072,Skin & Hair Care,KW-COSMETIC-072,US_IMPORT,Cosmetics require MoCRA facility registration and product listing; kajal/surma carry a lead import alert and hair colour carries PPD restrictions.,MoCRA 2022 (21 U.S.C. 364); FDA Import Alert 53-19 (kohl/kajal lead),15,Aveeno Daily Moisture Baby Lotion | Baby Dove Nourishing Baby Lotion | Baby Forest Moh Malai Baby Lotion | Coco Crush Pure & Cold Pressed Baby Hair Oil | Himalaya Baby Cream,PENDING,,,
Blush & Highlighter|DEFAULT-REVIEW,Blush & Highlighter,DEFAULT-REVIEW,,No rule matched this SKU. Unknown items are held for review rather than listed.,Policy: conservative default,15,FAE Beauty Double Dew Highlighter (Prism) | Insight Cosmetics Highlighter (Caramel 01) | Insight Cosmetics Highlighter (Coffee 02) | Insight Cosmetics Make-up Essentials Highlighter (Mermaid Scale) | Lakme Face It Highlighter (Rose Gold H3),PENDING,,,
Face Moisturisers|DEFAULT-REVIEW,Face Moisturisers,DEFAULT-REVIEW,,No rule matched this SKU. Unknown items are held for review rather than listed.,Policy: conservative default,15,CeraVe Hydrating HA Water Moisturizing Gel | Deconstruct Oil Free Moisturizer - Pack of 2 | Dot & Key CICA + Niacinamide Oil Free Moisturizer | Garnier Niacinamide Fresh & Plump Hydrating Moisturizer | Joy Hydra Refresh Ultra Light Moisturizing Gel,PENDING,,,
Men's Grooming|KW-COSMETIC-072,Men's Grooming,KW-COSMETIC-072,US_IMPORT,Cosmetics require MoCRA facility registration and product listing; kajal/surma carry a lead import alert and hair colour carries PPD restrictions.,MoCRA 2022 (21 U.S.C. 364); FDA Import Alert 53-19 (kohl/kajal lead),15,Dasher Men's Hair Cream | Dettol Fresh Shaving Cream | Gillette Lime Shaving Cream | Mancode Beard Wash & Conditioner | Mannlich Anti Chafe/Rash Intimate Cream for Men,PENDING,,,
Household Appliance Cleaners|CATEGORY:Cleaners & Repellents,Household Appliance Cleaners,CATEGORY:Cleaners & Repellents,HAZMAT,Mixed shelf of inert cleaners and EPA-regulated pesticides.,FIFRA; IATA DGR,15,7Stars Washing Machine Cleaner & Descaler | Antson Washing Machine Cleaner / Descaler | Antson Washing Machine Cleaner Tablets | Dettol 5-in-1 Washing Machine De-Scalers (Lemon) | Happi Planet Washing Machine De-Scalers Tablets,PENDING,,,
Soup|DEFAULT-REVIEW,Soup,DEFAULT-REVIEW,,No rule matched this SKU. Unknown items are held for review rather than listed.,Policy: conservative default,15,Ching's Secret Hot & Sour Veg Soup | Ching's Secret Manchow Soup | Ching's Secret Mix Veg Soup | Ching's Secret Sweet Corn Veg Soup | Ching's Secret Tomato Soup,PENDING,,,
Fragrance & Talc|KW-COSMETIC-072,Fragrance & Talc,KW-COSMETIC-072,US_IMPORT,Cosmetics require MoCRA facility registration and product listing; kajal/surma carry a lead import alert and hair colour carries PPD restrictions.,MoCRA 2022 (21 U.S.C. 364); FDA Import Alert 53-19 (kohl/kajal lead),14,Be Bodywise Flora 6% AHA BHA Under Arm Roll-On +  Pigmentation Repair Body Treatment Cream Combo | Bryan & Candy Lavender & Vanilla Cream Bath & Body Essential Gift Set | Cinthol Lime Talc | Dermicool Her Prickly Heat Talc Powder | Hair Drama Co. Blush Rush Celebration Gift Box (Floral),PENDING,,,
Lubricants|DEFAULT-REVIEW,Lubricants,DEFAULT-REVIEW,,No rule matched this SKU. Unknown items are held for review rather than listed.,Policy: conservative default,14,Adulthood Long Time Massage Oil for Men | Bold Care Vibe Natural Water-Based Lubricant & Massage Gel | Bold Care Vibe Water-based Edible Lubricant (Strawberry) | Coco Crush Natural Intimate Care Oil & Lubricant | Durex Intense Lubricant -Tingling Lube,PENDING,,,
Baking Ingredients|KW-CHOCOLATE-062,Baking Ingredients,KW-CHOCOLATE-062,TEMPERATURE,"Chocolate melts above ~30C. Listable with a seasonal hold (block May-September) and insulated packing, not year-round.",Operational constraint; commodity melting point,14,Choko La 35% Choco Chips | Harveys Dark Compound Choco Chips | Harveys Milk Compound Choco Chips | Harveys White Compound Choco Chips | Hershey's Hot Chocolate Powder,PENDING,,,
Home Needs|KW-FRAGILE-084,Home Needs,KW-FRAGILE-084,FRAGILITY,High breakage rate in international parcel handling. Listable only with reinforced packing and a higher damage allowance in unit economics.,Operational constraint,14,"Asian Aura Ceramic Round Aroma Oil Diffuser Set (Lavender & Rosy Romance) | Ecofynd Glass Terrarium Bowl Vase (5.9"" x 5.9"" x 4.3"", Transparent) | Ecofynd Tulsi Ceramic Plant Pot | Ecofynd Tulsi Ceramic Plant Pot | ExclusiveLane Designer Bathroom Accessory Set (Ceramic, White)",PENDING,,,
Jam & Spreads|KW-CHOCOLATE-062,Jam & Spreads,KW-CHOCOLATE-062,TEMPERATURE,"Chocolate melts above ~30C. Listable with a seasonal hold (block May-September) and insulated packing, not year-round.",Operational constraint; commodity melting point,14,Dr. Oetker Chocolate Spread | Gladful Hazelnut Almond Chocolate Spread | Hershey's Cocoa Chocolate Spread | Hershey's Cocoa with Almond Chocolate Spread | Little Joys Hazelnut Chocolate Spread,PENDING,,,
Organic|KW-GHEE-012,Organic,KW-GHEE-012,US_IMPORT,"Shelf-stable milk fat is generally admissible but is still a dairy product requiring APHIS clearance and FDA prior notice. Clear per-brand, then list.",9 CFR 94.16; FDA Prior Notice 21 CFR 1.280,13,Aashirvaad Svasti Organic Cow Ghee | Anveshan A2 Gir Cow Ghee (Bilona Churned) | Anveshan Desi Cow A2 Ghee (Bilona Churned) | Anveshan Desi Cow A2 Ghee - Bilona Churned | Barosi Desi Buffalo A2 Ghee,PENDING,,,
Toys & Games|KW-JEWELLERY-081,Toys & Games,KW-JEWELLERY-081,US_IMPORT,"Imitation jewellery faces CPSC lead and cadmium limits, and precious-metal items attract higher duty plus FTC marking rules.",16 CFR 1500.91 (lead in children's jewelry); FTC Jewelry Guides 16 CFR 23,13,Babique Penguin Key Chain | FunBlast 3D Rubber Key Chain | Mirada Dobby 3D Key Chain | Mirada Dumbledore 3D Key Chain | Mirada Harry Potter Deathly Hallows Metal Key Chain,PENDING,,,
Baby Oral Care|DEFAULT-REVIEW,Baby Oral Care,DEFAULT-REVIEW,,No rule matched this SKU. Unknown items are held for review rather than listed.,Policy: conservative default,12,Awenest Finger Baby Toothbrush | Chicco 3 - 8 Years Kids Toothbrush (Pink & Green) | Chicco Baby Toothbrush (6-36 months) | FunBlast Cute Kids Toothbrush | FunBlast Cute Kids Toothbrush,PENDING,,,
Bandaid & Wound Care|KW-OTCDRUG-071,Bandaid & Wound Care,KW-OTCDRUG-071,US_IMPORT,"These are OTC drugs in the US (fluoride, antiperspirant actives, antifungals, topical analgesics), requiring monograph compliance and a Drug Facts panel.",21 CFR 355/350/333 (OTC monographs); 21 CFR 201.66 (Drug Facts),12,Amrutanjan Headache Pain Relieving Roll On | Iodex Multipurpose Pain Balm | Iodex Rapid Action Pain Relief Spray | Moov Cool Therapy Pain Relief Spray | Moov Fast Pain Relieving Cream,PENDING,,,
Protein Supplements|KW-CHOCOLATE-062,Protein Supplements,KW-CHOCOLATE-062,TEMPERATURE,"Chocolate melts above ~30C. Listable with a seasonal hold (block May-September) and insulated packing, not year-round.",Operational constraint; commodity melting point,12,"Ace Blend 30 g Intense Plant Protein (Chocolate Hazelnut) | BeastLife Yeast Performance Protein with Shaker (Chocolate) | Doodhvale Farms Pro+ Farm Protein Health Drink (Belgian Chocolate) | OZiva Bioactive Plant Protein (Chocolate) | OZiva Pro Digest Plant Protein (Chocolate, Vanilla, Strawberry & Mango)",PENDING,,,
"Face Oil, Serum & Essence|DEFAULT-REVIEW","Face Oil, Serum & Essence",DEFAULT-REVIEW,,No rule matched this SKU. Unknown items are held for review rather than listed.,Policy: conservative default,12,Botanical Beauty Premium Moringa Face Oil | COSRX Advanced Snail 96 Mucin Power Skin Essence | Minimalist 32% AHA PHA BHA Exfoliating Face Peel | RAW ALCHEMY Face Massage Sesame Oil | RENEE Face Oil /Gloss with Hyaluronic Acid,PENDING,,,
Oats & Daliya|KW-CHOCOLATE-062,Oats & Daliya,KW-CHOCOLATE-062,TEMPERATURE,"Chocolate melts above ~30C. Listable with a seasonal hold (block May-September) and insulated packing, not year-round.",Operational constraint; commodity melting point,12,Alpino High Protein Dark Chocolate Oats | Alpino High Protein Oats Chocolate | Alpino High Protein Oats Chocolate 1 kg | Doctor's Choice High Protein Oats - Dark Choco Berry | GOAT Life High Protein Overnight Instant Oats Choco Hazelnut,PENDING,,,
Floor Cleaners|KW-FRAGILE-084,Floor Cleaners,KW-FRAGILE-084,FRAGILITY,High breakage rate in international parcel handling. Listable only with reinforced packing and a higher damage allowance in unit economics.,Operational constraint,12,Am Safe-X Glass Cleaner with Microfiber Cloth | Am Safe-X Glass Cleaning Microfiber Cloth | Colin Glass Cleaner | Colin Glass Cleaner | Colin Glass Cleaner (500 ml) +  Glass Cleaner (1 l) Combo,PENDING,,,
E-Gift Cards|DEFAULT-REVIEW,E-Gift Cards,DEFAULT-REVIEW,,No rule matched this SKU. Unknown items are held for review rather than listed.,Policy: conservative default,12,Amazon Prime Membership Subscription Voucher | DailyObjects Instant Voucher | Decathlon Instant Voucher | Domino's Pizza Instant Voucher | Marks & Spencer Instant Voucher,PENDING,,,
Popcorn|KW-VOLTAGE-082,Popcorn,KW-VOLTAGE-082,FUNCTIONAL,"Indian mains appliances are 220-240V/50Hz. US mains is 120V/60Hz, so these do not work without a transformer and are a refund/complaint magnet even though they are legal to import.",Operational constraint; FCC Part 15 also applies to electronics,12,"4700BC Butter Microwave Popcorn, Jumbo Size | 4700BC Caramel Microwave Popcorn with Seasoning | 4700BC Microwave Barbeque Popcorn with Seasoning | 4700BC Microwave Cheese Popcorn with Seasoning | 4700BC Microwave PopBox Butter Popcorn Jumbo Size",PENDING,,,
Mango Drinks|DEFAULT-REVIEW,Mango Drinks,DEFAULT-REVIEW,,No rule matched this SKU. Unknown items are held for review rather than listed.,Policy: conservative default,12,Fresca Mango Drink | Frooti Mango Drink | Frooti Mango Drink | Frooti Mango Drink - 2 Ltr | Frooti Mango Drink Beverage Gift Pack,PENDING,,,
Beauty Accessories|KW-FRAGILE-084,Beauty Accessories,KW-FRAGILE-084,FRAGILITY,High breakage rate in international parcel handling. Listable only with reinforced packing and a higher damage allowance in unit economics.,Operational constraint,11,Evaa Enterprises LED Makeup Vanity Mirror | FunBlast Heart Shape Makeup Vanity Mirror for Women | GUBB Vanity Mirror | MARS Cosmetics Makeup Travel Mirror | Majestique Dual Side Handheld Travel Mirror,PENDING,,,
Foundation & Compact|DEFAULT-REVIEW,Foundation & Compact,DEFAULT-REVIEW,,No rule matched this SKU. Unknown items are held for review rather than listed.,Policy: conservative default,11,Blue Heaven Flawless Finishing Loose Face Powder (Natural) | Blue Heaven HD All In One Makeup Stick (Vanilla-Very Fair) | Colors Queen Bake & Finish Loose Face Powder (Banana) | Innisfree No Sebum Mineral Loose Face Powder (Translucent) | Insight Cosmetics Banana Loose Face Powder (Yellow),PENDING,,,
Face Cleaning|KW-SUPPLEMENT-042,Face Cleaning,KW-SUPPLEMENT-042,US_IMPORT,"Dietary supplements need FDA facility registration, DSHEA-compliant labelling and a Supplement Facts panel. Indian labels rarely comply as-is.",DSHEA 21 U.S.C. 350b; 21 CFR 101.36 (Supplement Facts),11,Clean & Clear Vitamin C Face Wash | Dot & Key Vitamin C + E Super Bright Gel Face Wash | Dot & Key Vitamin C + E Super-Bright Gel Face Wash - Pack of 2 | Dr.Rashel Vitamin C Body & Face Scrub | Foxtale Vitamin C Super Glow Face Wash with Papaya Enzyme,PENDING,,,
Muesli & Granola|KW-CHOCOLATE-062,Muesli & Granola,KW-CHOCOLATE-062,TEMPERATURE,"Chocolate melts above ~30C. Listable with a seasonal hold (block May-September) and insulated packing, not year-round.",Operational constraint; commodity melting point,11,"Kellogg's Choco Millet Muesli | Kellogg's Chocolate Muesli | Kibi Kibi Chunky Chocolate Granola | Pintola 25g High Protein Muesli Dark Chocolate & Cranberry | Pintola High Protein Muesli With Dark Chocolate and Cranberry 25g Protein, No Refined Sugar",PENDING,,,
Lunch Boxes|KW-FRAGILE-084,Lunch Boxes,KW-FRAGILE-084,FRAGILITY,High breakage rate in international parcel handling. Listable only with reinforced packing and a higher damage allowance in unit economics.,Operational constraint,11,"Borosil Foodluck Glass Glass Lunch Box | Borosil Foodluck Glass Lunch Box | Borosil Foodluck Glass Lunch Box, Vertical | Borosil Klip n Store Glass Lunch Box | Cello Glassy Mix Glass Lunch Box Set",PENDING,,,
Fresheners|DEFAULT-REVIEW,Fresheners,DEFAULT-REVIEW,,No rule matched this SKU. Unknown items are held for review rather than listed.,Policy: conservative default,11,AROMAS by MERRYLAND Hanging Car Freshener (Lemon Luxe) | Auradecor Premium Reed Diffuser Set | Auradecor Reed Diffuser Set (Oudh) | Gyan Organics Aroma Oil Set | Habere India Aroma Oil Set (Moonlight Jasmine),PENDING,,,
Clothes & Accessories|KW-COSMETIC-072,Clothes & Accessories,KW-COSMETIC-072,US_IMPORT,Cosmetics require MoCRA facility registration and product listing; kajal/surma carry a lead import alert and hair colour carries PPD restrictions.,MoCRA 2022 (21 U.S.C. 364); FDA Import Alert 53-19 (kohl/kajal lead),10,BabyPro Baby Onesies (Saga Green & Mint Cream) | HashWOW Adults & Baby Nail Clipper | HashWOW Baby Nail Clipper | KMJSA Electric Baby Nail Clipper with Lights (Multicolour) | Kidology Electric Baby Nail Clipper Set (Blue),PENDING,,,
Body Treatment & Roll On|DEFAULT-REVIEW,Body Treatment & Roll On,DEFAULT-REVIEW,,No rule matched this SKU. Unknown items are held for review rather than listed.,Policy: conservative default,10,Aqueria 5.5% AHA BHA French Aqua Under Arm Roll-On | Aqueria 5.5% BHA AHA French Flora Under Arm Roll-On | Asaya Even Tone Mist Under Arm Roll-On Spray | Be Bodywise Aqua 6% AHA BHA Under Arm Roll-On | Be Bodywise Flora 4% AHA BHA Under Arm Roll-On,PENDING,,,
Hair Oil & Cream|KW-SUPPLEMENT-042,Hair Oil & Cream,KW-SUPPLEMENT-042,US_IMPORT,"Dietary supplements need FDA facility registration, DSHEA-compliant labelling and a Supplement Facts panel. Indian labels rarely comply as-is.",DSHEA 21 U.S.C. 350b; 21 CFR 101.36 (Supplement Facts),10,Bare Anatomy Argan & Vitamin E Anti-Frizz Hair Serum | Bare Anatomy Argan & Vitamin E Anti-Frizz Hair Serum +  Anti Frizz Shampoo Combo | Bare Anatomy Argan & Vitamin E Anti-Frizz Hair Serum +  Anti-Frizz Hair Mask Combo | Bare Anatomy Argan & Vitamin E Anti-Frizz Hair Serum +  Expert Anti Frizz Leave in Conditioner Combo | Be Bodywise 3% Rosemary Growth Hair Serum Roll - On +  Biotin Hair Supplement Gummies Combo,PENDING,,,
Enhancers|KW-CHOCOLATE-062,Enhancers,KW-CHOCOLATE-062,TEMPERATURE,"Chocolate melts above ~30C. Listable with a seasonal hold (block May-September) and insulated packing, not year-round.",Operational constraint; commodity melting point,10,Ignite Dark Chocolate for Couples Mood and Vitality | Lickcious Choco Indulgence Edible Intimacy Oral Spray | MBDH Wellness Ignite Aphrodisiac Chocolate For Couples | MBDH Wellness Ignite Variety Pack Aphrodisiac Chocolate for Couples | Nooky 2-in-1 Intimacy Aphrodisiac Chocolate for Couples,PENDING,,,
Lip & Eye Care|KW-SUNSCREEN-070,Lip & Eye Care,KW-SUNSCREEN-070,US_IMPORT,Sunscreen is an OTC drug in the US. Indian formulations frequently use filters not permitted under the US monograph and labelling will not comply.,21 CFR 352 (Sunscreen Monograph); FD&C Act OTC drug requirements,10,Deconstruct Brightening Lip Balm with SPF 30 & Vitamin C (Transparent) +  Tinted Lip Balm -SPF 30 + Vitamin C (Light Pink) Combo | Deconstruct Brightening Tinted Lip Balm with SPF 50 & Vitamin C (Transparent) | Deconstruct SPF 50 Brightening Lip Balm (Vitamin C) | Deconstruct Vitamin-C SPF50 Tinted Lip Balm (Pink) | HYPHEN All I Need Lipscreen (SPF 30),PENDING,,,
Pooja Needs|KW-JEWELLERY-081,Pooja Needs,KW-JEWELLERY-081,US_IMPORT,"Imitation jewellery faces CPSC lead and cadmium limits, and precious-metal items attract higher duty plus FTC marking rules.",16 CFR 1500.91 (lead in children's jewelry); FTC Jewelry Guides 16 CFR 23,10,Astrotalk Dhan Yog Bracelet for Wealth & Prosperity | Astrotalk Evil Eye Bracelet with Black Obsidian | Astrotalk Raw Pyrite Anklet | Evil Eye Key Chain by Star | Guardian Bell with Evil Eye Key Chain by ServDharm,PENDING,,,
Toys & Games|KW-FCC-083,Toys & Games,KW-FCC-083,US_IMPORT,Radio-frequency devices require an FCC equipment authorization and Form 740 declaration at entry.,47 CFR Part 15/2.1033; FCC Form 740,10,Aganta Digital Toy Camera for Kids | Caddle & Toes Digital Thermal Print Camera | Caddle & Toes Kids Toy Camera | Chigy Wooh Mini Laptop Educational Toy | Goyal's Baby Play Mat with Hanging Rattles and Music Keyboard,PENDING,,,
Stomach & Digestive Care|KW-AYURVEDA-041,Stomach & Digestive Care,KW-AYURVEDA-041,US_IMPORT,"Ayurvedic preparations are treated as unapproved drugs when they carry therapeutic claims, and some carry heavy-metal (lead/mercury) import alerts. Clear per-brand with a label review.",21 U.S.C. 321(g) (drug definition); FDA Import Alert 66-41; DSHEA 21 U.S.C. 350b,9,Ace Blend Gastro Pro Ayurvedic Digestive Tablets | Baidyanath Triphala Churna | Darshanam Organic Triphala Powder | Herb Essential Triphala Powder | Herb Essential Triphala Tablets,PENDING,,,
Lip & Eye Care|KW-SUPPLEMENT-042,Lip & Eye Care,KW-SUPPLEMENT-042,US_IMPORT,"Dietary supplements need FDA facility registration, DSHEA-compliant labelling and a Supplement Facts panel. Indian labels rarely comply as-is.",DSHEA 21 U.S.C. 350b; 21 CFR 101.36 (Supplement Facts),9,Dot & Key Lip Plumping Vitamin C + E Lip Mask | Minimalist Vitamin K + Retinal 01% Under Eye Cream | Quench 92% Snail Mucin Collagen Boost Under Eye Serum | Quench Korean Under Eye Patches / Masks With Vitamin E | Quench Matcha Tea Acne Patches With Salicylic Acid +  Korean Under Eye Patches / Masks With Vitamin E Combo,PENDING,,,
Organic|KW-HONEY-090,Organic,KW-HONEY-090,DUTY,Raw honey from India is covered by a US antidumping duty order with punitive per-exporter rates. Landed cost can exceed the retail price.,US DOC Antidumping Order A-533-903 (Raw Honey from India),9,24 Mantra Organic Honey - Pack of 2 | Earthen Story Wild Forest Certified Honey | Himalayan Natives Raw Multifloral Honey | House of Veda Wild Forest Honey | Indigenous Honey Raw Organic Honey,PENDING,,,
Laundry Additives|KW-PERFUME-052,Laundry Additives,KW-PERFUME-052,HAZMAT,Alcohol-based fragrance is a limited-quantity dangerous good. Shippable only in small volumes with DG paperwork and a carrier that accepts LQ.,"IATA DGR UN1266 (perfumery products), Limited Quantity provisions",9,Comfort Fabric Conditioner (Perfume Deluxe) | Comfort Perfume Deluxe Elixir Fabric Conditioner | Comfort Perfume Deluxe Mystique Fabric Conditioner | Comfort Perfume Deluxe Passion Fabric Conditioner | Comfort Perfume Deluxe Royale Fabric Conditioner,PENDING,,,
Speakers|CATEGORY:Electronics,Speakers,CATEGORY:Electronics,US_IMPORT,FCC authorization and lithium-cell rules apply.,47 CFR Part 15,9,Gizmore Wireless Soundbar (Gizbar 1600 Ultra) | Nu Republic Soundbar (Party Box 16) | Nu Republic Soundbar (Party Box 160) | Portronics Wireless Soundbar (Radian) | Ubon Wireless Soundbar (SP-80),PENDING,,,
Party & Festive Needs|KW-JEWELLERY-081,Party & Festive Needs,KW-JEWELLERY-081,US_IMPORT,"Imitation jewellery faces CPSC lead and cadmium limits, and precious-metal items attract higher duty plus FTC marking rules.",16 CFR 1500.91 (lead in children's jewelry); FTC Jewelry Guides 16 CFR 23,9,Avengers Superhero Key Chain Return Gift Set by Birthday Popper | Beaded & Studded Bracelet Rakhi by Avyaan Rakhi | Beaded Lumba Bracelet Rakhi by Ttyohar | Christmas Rubber Key Chain - Kidology | Elegant Bracelet Lumba Rakhi by Mitra,PENDING,,,
Peanut Butter|KW-CHOCOLATE-062,Peanut Butter,KW-CHOCOLATE-062,TEMPERATURE,"Chocolate melts above ~30C. Listable with a seasonal hold (block May-September) and insulated packing, not year-round.",Operational constraint; commodity melting point,9,BeastLife Nuttin' Chocolate Crunchy Peanut Butter | Disano Chocolate Creamy Peanut Butter | Disano Chocolate Crunchy Peanut Butter | Disano Crunchy Peanut Butter - Chocolate | MYPB Dark Chocolate Peanut Butter Powder,PENDING,,,
Lipstick & Gloss |DEFAULT-REVIEW,Lipstick & Gloss ,DEFAULT-REVIEW,,No rule matched this SKU. Unknown items are held for review rather than listed.,Policy: conservative default,8,ETUDE Dear Darling Water Lip & Cheek Tint (Orange Ade) | Faces Canada Beyond Shine Lip Gloss (AmiGurl 01) | Insight Cosmetics Long Wear Color Rich Lip Gloss (Frost) | MARS Cosmetics Candylicious Lip Gloss (02-Tutti Frooti) | MARS Cosmetics Edge Of Desire Lip Liner (08-Nude Spell),PENDING,,,
Masks & Sanitizers|KW-DEVICE-074,Masks & Sanitizers,KW-DEVICE-074,US_IMPORT,"These are FDA-regulated medical devices requiring establishment registration, device listing and often 510(k) clearance.",21 CFR 807 (Establishment Registration); 21 CFR 884.5300 (condoms),8,Am Safe-X Disposable Surgical 3 Ply Mask | Am Safe-X Disposable Surgical 3 Ply Mask (Sky Blue) | Filixtrue Disposable Surgical 3 Ply Mask (Blue) | Prelly Disposable Surgical/ Bouffant Caps (Blue) | Storescent Disposable 3-Ply Surgical Mask (Blue),PENDING,,,
Body Lotions & Oils|DEFAULT-REVIEW,Body Lotions & Oils,DEFAULT-REVIEW,,No rule matched this SKU. Unknown items are held for review rather than listed.,Policy: conservative default,8,Boroplus Vasocare Herbal Petroleum Jelly | Hesthetic Cold Pressed Castor Oil | Indulgeo Essentials Castor Oil and Navel Patches | MCaffeine Naked & Raw Coffee Body Shimmer | Plum BodyLovin' Vanilla Vibes Body Oil (100 ml),PENDING,,,
Cookware & Sets|KW-FRAGILE-084,Cookware & Sets,KW-FRAGILE-084,FRAGILITY,High breakage rate in international parcel handling. Listable only with reinforced packing and a higher damage allowance in unit economics.,Operational constraint,8,"Khaitan 2 Burners BP Nano Glass Gas Stove | Lifelong 7 Pits Paniyaram / Appe Pan with Glass Lid (Cast Iron) | Lifelong Ceramic Coating Tawa (Aluminium) | Parage Mini Kadai with Lid (Glass, Stainless Steel) | Prestige Platina Popular Kadai Glass Lid (Stainless Steel)",PENDING,,,
Machine & Car Care|CATEGORY:Cleaners & Repellents,Machine & Car Care,CATEGORY:Cleaners & Repellents,HAZMAT,Mixed shelf of inert cleaners and EPA-regulated pesticides.,FIFRA; IATA DGR,8,Am Safe-X Microfiber Car Cleaner Cloth | Hit Rat Repellent Spray | Motorwax All-In-One Bike & Car Polish | Motorwax Super Wash Bike & Car Shampoo | ShineXPro Bubble Wash Car Shampoo,PENDING,,,
Lifestyle Accessories|KW-JEWELLERY-081,Lifestyle Accessories,KW-JEWELLERY-081,US_IMPORT,"Imitation jewellery faces CPSC lead and cadmium limits, and precious-metal items attract higher duty plus FTC marking rules.",16 CFR 1500.91 (lead in children's jewelry); FTC Jewelry Guides 16 CFR 23,8,Carlton London Analogue Watch & Bracelet Jewellery Gift Box (Multicolour) | Ecoright Daisy Flower Key Chain (White) | Fastrack Bags Chain Strap Satchel Bag (Black) | Fastrack Bags Quilted Chain Sling Bag | Joker & Witch Champagne Watch & Bracelet Stack,PENDING,,,
Party & Festive Needs|KW-FRAGILE-084,Party & Festive Needs,KW-FRAGILE-084,FRAGILITY,High breakage rate in international parcel handling. Listable only with reinforced packing and a higher damage allowance in unit economics.,Operational constraint,8,Archies Rakhi Special Brother Sister Bond Coffee Mug (Ceramic) | Archies Rakhi Special War Ka Bandhan Coffee Mug (Ceramic) | Colourful Cow Dung Diya Set by Sumukhi | Dual Shaded Clay Diya Set by DiaCraft | Flicker Clay Diya Set by DiaCraft,PENDING,,,
Chocolate Packs|DEFAULT-REVIEW,Chocolate Packs,DEFAULT-REVIEW,,No rule matched this SKU. Unknown items are held for review rather than listed.,Policy: conservative default,8,Karachi Bakery Kunefe Filled Pistachio Dates | Kinder Creamy Milky & Crunchy | Kinder Schoko Bons Crispy | Nestle Milkybar Choo Strawberry Flavoured ShareBag | Nestle Munch Bites Coated Crunchy Wafer Bars,PENDING,,,
Health & Ortho Supports|KW-DEVICE-074,Health & Ortho Supports,KW-DEVICE-074,US_IMPORT,"These are FDA-regulated medical devices requiring establishment registration, device listing and often 510(k) clearance.",21 CFR 807 (Establishment Registration); 21 CFR 884.5300 (condoms),7,AGEasy Durable Nebulizer (with Compartment) | Aquacolor 0 Power Color Contact Lens (Submarine Blue) | Aquacolor 0 Power Color Contact Lens (Tricky Turquoise) | Dispovan Single Use Syringe (10 ml) | Dispovan Single Use Syringe (5 ml),PENDING,,,
Biscuit Gift Pack|DEFAULT-REVIEW,Biscuit Gift Pack,DEFAULT-REVIEW,,No rule matched this SKU. Unknown items are held for review rather than listed.,Policy: conservative default,7,Cookie Man Assorted Cookies Biscuits Gift Tin | Milatos Millet Snacks & Biscuits Gift Pack | Open Secret New Year Brownie & Cookies Gift Pack | Open Secret Zero Maida Assorted Protein Biscuits Gift Pack | The Baker's Dozen Danish Style Butter Cookies Gift Pack,PENDING,,,
Decorative Lights|KW-VOLTAGE-082,Decorative Lights,KW-VOLTAGE-082,FUNCTIONAL,"Indian mains appliances are 220-240V/50Hz. US mains is 120V/60Hz, so these do not work without a transformer and are a refund/complaint magnet even though they are legal to import.",Operational constraint; FCC Part 15 also applies to electronics,7,DesiDiya 6 W Emergency Light (White) | DesiDiya Book Emergency Light for Night Reading (Warm Yellow) | Eveready 14 W Emergency Light LED Bulb (Cool Daylight) | Eveready 4.8 W Emergency Light Lantern (White) | Gourav Sky L1 Rechargeable Emergency Light (Cool White),PENDING,,,
Extension Cables & Accessories|KW-FCC-083,Extension Cables & Accessories,KW-FCC-083,US_IMPORT,Radio-frequency devices require an FCC equipment authorization and Form 740 declaration at entry.,47 CFR Part 15/2.1033; FCC Form 740,7,"Ailkin Mini UPS for 12V Wifi Router (3 Hr Backup, Black) | Caribou CBU-28 Dual USB 4 Way Multi Plug | Case-Magic Rotating Ergonomic Laptop Stand | DesiDiya Type-C Universal Travel Adapter (for Phone, Laptop & Tablet) | Hammer Powerstrip with Type C & USB Extension Board",PENDING,,,
Home Needs|KW-JEWELLERY-081,Home Needs,KW-JEWELLERY-081,US_IMPORT,"Imitation jewellery faces CPSC lead and cadmium limits, and precious-metal items attract higher duty plus FTC marking rules.",16 CFR 1500.91 (lead in children's jewelry); FTC Jewelry Guides 16 CFR 23,7,FunBlast Cute Robot Key Chain with 2 Hooks | Homestrap Non-Woven Single Rod Bangle Box | Irida Naturals Multi-Utility Key Chain | Shanya Engraved Bronze Bell Key Chain with Evil Eye | Shanya Key Chain (Golden),PENDING,,,
Lipstick & Gloss |KW-COSMETIC-072,Lipstick & Gloss ,KW-COSMETIC-072,US_IMPORT,Cosmetics require MoCRA facility registration and product listing; kajal/surma carry a lead import alert and hair colour carries PPD restrictions.,MoCRA 2022 (21 U.S.C. 364); FDA Import Alert 53-19 (kohl/kajal lead),6,"Blue Heaven Get Matte Lipstick (202M) | Faces Canada Comfy Matte Wow Liquid Lipstick (Pink Petal, 9) | Glam21 Jelly Pop Hydrating Fruity & Refreshing Gel Lipstick (Cranberry Pink) | Love Earth Liquid Mousse Mini Lipstick Kit (Browns) | MARS Cosmetics Creamy Matte Lipstick (09-Bollywood Surprise)",PENDING,,,
Hair Oil & Cream|KW-OTCDRUG-071,Hair Oil & Cream,KW-OTCDRUG-071,US_IMPORT,"These are OTC drugs in the US (fluoride, antiperspirant actives, antifungals, topical analgesics), requiring monograph compliance and a Drug Facts panel.",21 CFR 355/350/333 (OTC monographs); 21 CFR 201.66 (Drug Facts),6,Happy Squirrel Anti Dandruff & Acne Tea Tree Oil | KORE Pre-Shampoo Anti-Dandruff Scalp Detox Hair Serum | L'Oréal Professionnel Expert Density Advanced Shampoo +  Scalp Advanced Anti-Dandruff Dermo-Clarifier Shampoo +  Serioxyl Advanced Hair Growth Serum Combo | L'Oréal Professionnel Scalp Advanced Anti-Dandruff Dermo-Clarifier Shampoo +  Serioxyl Advanced Hair Growth Serum Combo | Minimalist Anti-Dandruff Hair Serum,PENDING,,,
Hair Oil & Cream|KW-AYURVEDA-041,Hair Oil & Cream,KW-AYURVEDA-041,US_IMPORT,"Ayurvedic preparations are treated as unapproved drugs when they carry therapeutic claims, and some carry heavy-metal (lead/mercury) import alerts. Clear per-brand with a label review.",21 U.S.C. 321(g) (drug definition); FDA Import Alert 66-41; DSHEA 21 U.S.C. 350b,6,Kesh King Gold Ayurvedic Hair Oil for Hair Fall | Kesh King Gold Ayurvedic Hair Oil for Hair Fall +  Gold Anti-Hairfall Shampoo - Ayurvedic Combo | Navratna Cool Ayurvedic Hair Oil | Navratna Cool Ayurvedic Hair Oil + Dermicool Cooling Bath Soap for Instant Cooling Combo | Navratna Extra Thanda Ayurvedic Hair Oil,PENDING,,,
"Cough, Cold & Flu|KW-AYURVEDA-041","Cough, Cold & Flu",KW-AYURVEDA-041,US_IMPORT,"Ayurvedic preparations are treated as unapproved drugs when they carry therapeutic claims, and some carry heavy-metal (lead/mercury) import alerts. Clear per-brand with a label review.",21 U.S.C. 321(g) (drug definition); FDA Import Alert 66-41; DSHEA 21 U.S.C. 350b,6,BabyOrgano Sitopaladi Churna for Cough Cold & Sore Throat for Kids | Dabur Honey - World's No.1 Honey Brand (No Sugar Adulteration) + Honitus Hot Sip Ayurvedic Kaadha Combo | Dabur Sitopaladi Churna | Honitus Hot Sip Ayurvedic Kaadha | Honitus Hot Sip Ayurvedic Kaadha,PENDING,,,
"Cough, Cold & Flu|KW-OTCDRUG-071","Cough, Cold & Flu",KW-OTCDRUG-071,US_IMPORT,"These are OTC drugs in the US (fluoride, antiperspirant actives, antifungals, topical analgesics), requiring monograph compliance and a Drug Facts panel.",21 CFR 355/350/333 (OTC monographs); 21 CFR 201.66 (Drug Facts),6,"Vicks BabyRub Chest Rub & Balm | Vicks Cough Drops Double Power - Cooling Menthol | Vicks Cough Drops Double Power - Ginger | Vicks Orange Menthol Medicated Throat Lozenges | Vicks VapoRub Chest Rub & Balm (Relieve Cold, Cough & Blocked Nose)",PENDING,,,
Oral Care|CATEGORY:Health & Pharma,Oral Care,CATEGORY:Health & Pharma,US_IMPORT,Pharma category requires per-SKU FDA assessment.,21 U.S.C. 355,6,BREATH FIX Mouth Tape (Black) | PureFlowTape Premium Mouth Tape | Sensodyne Expert Slim Bristle Toothbrush - Buy 2 Get 1 Free | Sensodyne Sensitive Soft Toothbrush - Buy 2 Get 1 Free | Smyle Ulcer Mouth Gel,PENDING,,,
Enhancers|DEFAULT-REVIEW,Enhancers,DEFAULT-REVIEW,,No rule matched this SKU. Unknown items are held for review rather than listed.,Policy: conservative default,6,BEBOY Play Long Delay Spray for Men (Jasmine) | BEBOY Play Long Delay Spray for Men (Rose) | Gomytoy Silicone ED Ring | HE Kama Sutra Male Performance Enhancer Capsules | Lickcious Strawberry Bliss Edible Oral Intimacy Spray,PENDING,,,
Face Masks & Packs|KW-COSMETIC-072,Face Masks & Packs,KW-COSMETIC-072,US_IMPORT,Cosmetics require MoCRA facility registration and product listing; kajal/surma carry a lead import alert and hair colour carries PPD restrictions.,MoCRA 2022 (21 U.S.C. 364); FDA Import Alert 53-19 (kohl/kajal lead),6,Lakme Blush & Glow Lemon Fresh Sheet Mask | Lakme Blush & Glow Strawberry Blast Sheet Mask | Raaga Professional Detan Cream (with Kojic Acid & Milk) | Raaga Professional Detan Cream (with Kojic Acid & Milk) | SkinSide Avocado & Seaweed Serum Sheet Mask,PENDING,,,
Face Moisturisers|KW-SUPPLEMENT-042,Face Moisturisers,KW-SUPPLEMENT-042,US_IMPORT,"Dietary supplements need FDA facility registration, DSHEA-compliant labelling and a Supplement Facts panel. Indian labels rarely comply as-is.",DSHEA 21 U.S.C. 350b; 21 CFR 101.36 (Supplement Facts),6,"Dot & Key Vitamin C + E Super Bright Gel Moisturizing Cream | Dr. Sheth's Ceramide & Vitamin C Oil Free Moisturizer - Pack of 2 | Earth Rhythm Retinol Intense Repair Night Cream with Vitamin B, C, E | Enliwish Collagen Jelly Face Cream | Garnier Vitamin C Fresh & Bright Oil Free Moisturizer",PENDING,,,
Decorative Lights|KW-FCC-083,Decorative Lights,KW-FCC-083,US_IMPORT,Radio-frequency devices require an FCC equipment authorization and Form 740 declaration at entry.,47 CFR Part 15/2.1033; FCC Form 740,6,"Crompton 0.5 W Night Lamp with USB Charging Adapter (Warm White) | USB Star Planet Projector Lamp - Dancing Panda | 3 W USB LED Light Rechargeable 3 In 1 Desk Lamp By Wishkey | 5 W USB LED Light Reading Desk Lamp (White) - HashWOW | Kitty 5 W Decorative Lamp (with USB Charging, Warm White) - Lexton",PENDING,,,
Laptop & Mobile Phones|CATEGORY:Electronics,Laptop & Mobile Phones,CATEGORY:Electronics,US_IMPORT,FCC authorization and lithium-cell rules apply.,47 CFR Part 15,6,"Redmi 13 5G (6GB RAM, 128GB Storage,Black) | Redmi 14C 5G (4GB RAM, 64GB Storage,Black) | Redmi 14C 5G Smartphone (4 GB, 128 GB, Stargaze Black, 6.88"") | Redmi 14C 5G Smartphone (4 GB, 64 GB, Stardust Purple, 6.88"") | iPhone 16 - Black 128 GB",PENDING,,,
Lifestyle Accessories|KW-FCC-083,Lifestyle Accessories,KW-FCC-083,US_IMPORT,Radio-frequency devices require an FCC equipment authorization and Form 740 declaration at entry.,47 CFR Part 15/2.1033; FCC Form 740,6,Caprese Indiana Mobile Sling Bag | Flyngo Travel Crossbody Sling Bag with USB Charging Port | Flyngo Travel Crossbody Sling Bag with USB Charging Port | FunBlast Crossbody Mobile Phone Sling Bag | FunBlast Crossbody Mobile Phone Sling Bag,PENDING,,,
Party & Festive Needs|KW-TOY-080,Party & Festive Needs,KW-TOY-080,US_IMPORT,"Children's products need CPSIA third-party testing, a Children's Product Certificate and tracking labels; lead and phthalate limits apply.",CPSIA 15 U.S.C. 2063; 16 CFR 1303 (lead paint); ASTM F963,6,"Hamleys Teddy Bear Soft Toy | LED Crystal Teddy Night Lamp (with Heart, Multicolor) - Vivatra | Lion & Panda Design Kids Rakhi Set with Playful Puzzle by Mitra | Puzzle & Cartoon Rakhi Set by Mitra | Small Size Pumpkin Trick Toy (Orange) - Toyshine",PENDING,,,
Green Tea|KW-HONEY-090,Green Tea,KW-HONEY-090,DUTY,Raw honey from India is covered by a US antidumping duty order with punitive per-exporter rates. Landed cost can exceed the retail price.,US DOC Antidumping Order A-533-903 (Raw Honey from India),6,"Flurys Lemon And Honey Green Tea Bags | Lipton Honey Lemon Green Tea Bags | Tetley Lemon & Honey Green Tea Bags | Tetley Slim Care Green Tea Bags (With L-Carnitine, Lemon & Honey) | Twinings Flavoured Green Tea Bags (Lemon & Honey)",PENDING,,,
Milk Drinks|KW-SUPPLEMENT-042,Milk Drinks,KW-SUPPLEMENT-042,US_IMPORT,"Dietary supplements need FDA facility registration, DSHEA-compliant labelling and a Supplement Facts panel. Indian labels rarely comply as-is.",DSHEA 21 U.S.C. 350b; 21 CFR 101.36 (Supplement Facts),6,Little Joys Multivitamin Kids Supplement Gummies (4-6 years) + Nutrimix 2+ Years Chocolate Drink Mix Combo | Little Joys NutriMix 7+ Years Chocolate Drink Mix +  Brain Kids Supplement Gummies (7+ years) Combo | Little Joys NutriMix Chocolate Drink Mix (7+ years) +  Multivitamin Gummies (7-12 Years) Combo | Little Joys Nutrimix 2+ Years Chocolate Drink Mix + Brain Kids Supplement Gummies (4-6 years) Combo | The Whole Truth Whey Protein Sampler Pack (15 g Protein Per Sachet) (Coffee),PENDING,,,
Diaper & Wipes|KW-HONEY-090,Diaper & Wipes,KW-HONEY-090,DUTY,Raw honey from India is covered by a US antidumping duty order with punitive per-exporter rates. Landed cost can exceed the retail price.,US DOC Antidumping Order A-533-903 (Raw Honey from India),5,Honey Bunny Baby Diaper | Honey Bunny Baby Diaper | Honey Bunny Baby Diaper | Honey Bunny Baby Diaper | Honey Bunny Everyday Pants - Pant Style Baby Diaper,PENDING,,,
Skin & Hair Care|KW-SUNSCREEN-070,Skin & Hair Care,KW-SUNSCREEN-070,US_IMPORT,Sunscreen is an OTC drug in the US. Indian formulations frequently use filters not permitted under the US monograph and labelling will not comply.,21 CFR 352 (Sunscreen Monograph); FD&C Act OTC drug requirements,5,Cetaphil Kids Sunscreen (SPF 50+) | Little Rituals Ray Guard Mineral Baby Sunscreen | Mamaearth Ultra Light Baby Sunscreen | Tuco Kids Sunscreen + Body Lotion (UVA UVB PA++++) | Whimsy Ray Rebel Sunscreen Spray (for Kids & Teens),PENDING,,,
Handwash|KW-COSMETIC-072,Handwash,KW-COSMETIC-072,US_IMPORT,Cosmetics require MoCRA facility registration and product listing; kajal/surma carry a lead import alert and hair colour carries PPD restrictions.,MoCRA 2022 (21 U.S.C. 364); FDA Import Alert 53-19 (kohl/kajal lead),5,Bunsak Flavour Design Paper Soap | Lazer Paper Soap | Majik Paper Soap | Pee n Poo Paper Soap For Travel | Wonder Fresh Rose Paper Soap Strips,PENDING,,,
Hair Removal|KW-COSMETIC-072,Hair Removal,KW-COSMETIC-072,US_IMPORT,Cosmetics require MoCRA facility registration and product listing; kajal/surma carry a lead import alert and hair colour carries PPD restrictions.,MoCRA 2022 (21 U.S.C. 364); FDA Import Alert 53-19 (kohl/kajal lead),5,Namyaa Hair Removal Cream (for Intimate Skin) | Veet Aloe & Rose Normal Skin Hair Removal Cream | Veet Aloe Vera Sensitive Skin Hair Removal Cream (30 g) | Veet Pure Hair Removal Cream | Veet Pure Hair Removal Cream (for Normal Skin),PENDING,,,
Summer Specials|DEFAULT-REVIEW,Summer Specials,DEFAULT-REVIEW,,No rule matched this SKU. Unknown items are held for review rather than listed.,Policy: conservative default,5,24 Mantra Organic Jowar Flour | Organic Tattva - Organic Jowar Flour | Orika Jaljeera Lemonade Drink Mix | Whole Farm Premium Chana Sattu | Whole Farm Premium Jowar Flour,PENDING,,,
Cookies|KW-GHEE-012,Cookies,KW-GHEE-012,US_IMPORT,"Shelf-stable milk fat is generally admissible but is still a dairy product requiring APHIS clearance and FDA prior notice. Clear per-brand, then list.",9 CFR 94.16; FDA Prior Notice 21 CFR 1.280,5,MomsMade Desi Ghee Gud Thekua Cookie (No Maida) | Sartaj Desi Ghee Atta Biscuit | The Achaar Library Desi Ghee Gur Atta Biscuit | The Baker's Dozen Nankhatai Ghee Cookies | The Chakki Co. Desi Ghee Atta Jaggery Bakery Biscuits,PENDING,,,
Healthy & Digestive|KW-CHOCOLATE-062,Healthy & Digestive,KW-CHOCOLATE-062,TEMPERATURE,"Chocolate melts above ~30C. Listable with a seasonal hold (block May-September) and insulated packing, not year-round.",Operational constraint; commodity melting point,5,Britannia NutriChoice Oats Chocolate & Almond Biscuit | Britannia NutriChoice Oats Orange & Almond Biscuit +  Oats Chocolate & Almond Biscuit +  Almond Oats Glucose & Milk Biscuits Combo | McVitie's Dark Chocolate Digestive Biscuit | Sugar Free D'Lite Choco Chip Cookies | Sunfeast Farmlite Oats with Chocolate Cookies,PENDING,,,
Corn Flakes & Kids Cereals|KW-CHOCOLATE-062,Corn Flakes & Kids Cereals,KW-CHOCOLATE-062,TEMPERATURE,"Chocolate melts above ~30C. Listable with a seasonal hold (block May-September) and insulated packing, not year-round.",Operational constraint; commodity melting point,5,Kellogg's Choco Fills Kids Cereal (Caramel Flavour) | Kwality Multigrain Choco Flakes - No Maida | Nestle Munch Choco Fills Breakfast Cereal | Nestle Munch Choco Fills Cereal | Slurrp Farm Choco Crunch Breakfast Cereal for Kids,PENDING,,,
Dishwashing Gels & Bars|KW-FCC-083,Dishwashing Gels & Bars,KW-FCC-083,US_IMPORT,Radio-frequency devices require an FCC equipment authorization and Form 740 declaration at entry.,47 CFR Part 15/2.1033; FCC Form 740,5,Arnigo Super Charged All In One Dishwasher Tablet | Finish Powerball All In 1 Max Dishwasher Tablet | Finish Powerball Quantum All In One Max Dishwasher Tablet | Finish Powerball Ultimate Plus Dishwasher Tablet | Voiish All-in-1 Automatic Dishwasher Tablet,PENDING,,,
Party & Festive Needs|KW-FCC-083,Party & Festive Needs,KW-FCC-083,US_IMPORT,Radio-frequency devices require an FCC equipment authorization and Form 740 declaration at entry.,47 CFR Part 15/2.1033; FCC Form 740,5,Disney Mickey Mouse Kids Rakhi by Disney | Disney Mickey Mouse Kids Rakhi by Disney | Mickey Mouse Thread Rakhi by Disney | Mickey Mouse with Beads Design Magnetic Kids Rakhi by Disney | Mickey mouse Rakhi for Kids By The Gift Studio,PENDING,,,
Pooja Needs|KW-PERFUME-052,Pooja Needs,KW-PERFUME-052,HAZMAT,Alcohol-based fragrance is a limited-quantity dangerous good. Shippable only in small volumes with DG paperwork and a carrier that accepts LQ.,"IATA DGR UN1266 (perfumery products), Limited Quantity provisions",5,Kala Bhoot Alcohol Free Attar by Sohum | Khus Attar By Rumeha | Musk Attar By Rumeha | Oudh Attar by Rumeha | Ruh Gulab Alcohol Free Attar by Sohum,PENDING,,,
Books & Magazines|KW-TOY-080,Books & Magazines,KW-TOY-080,US_IMPORT,"Children's products need CPSIA third-party testing, a Children's Product Certificate and tracking labels; lead and phthalate limits apply.",CPSIA 15 U.S.C. 2063; 16 CFR 1303 (lead paint); ASTM F963,5,Doll’s House - Fold-Out + Play | Kidology Alphabet Busy Book | Montessori Learning Toy | Murdoku: 80 Murder Mystery Logic Puzzle Book | Word Search Book Part-1 – Ultimate Puzzle Book | Word Search: Crossword & Word Puzzle Book for Kids,PENDING,,,
Jam & Spreads|KW-HONEY-090,Jam & Spreads,KW-HONEY-090,DUTY,Raw honey from India is covered by a US antidumping duty order with punitive per-exporter rates. Landed cost can exceed the retail price.,US DOC Antidumping Order A-533-903 (Raw Honey from India),5,Eatopia Mixed Berry Honey Jam (No Refined Sugar) | Eatopia Mulberry Honey Jam (No Refined Sugar) | Eatopia Strawberry Honey Jam (No Refined Sugar) | Little Joys Strawberry Honey Jam | Wingreens Farms Honey Mustard Aioli Sandwich Spread,PENDING,,,
Cold Coffee & Ice Tea|KW-CHOCOLATE-062,Cold Coffee & Ice Tea,KW-CHOCOLATE-062,TEMPERATURE,"Chocolate melts above ~30C. Listable with a seasonal hold (block May-September) and insulated packing, not year-round.",Operational constraint; commodity melting point,5,"Cavin's Choco Mocha Cold Coffee | Christopher Cocoa Iced Chocolate Drink Mix | Nescafe Cafe Style Cold Coffee, Choco Latte | Nescafe Ready to Drink Choco Mocha Cold Coffee | Tata Coffee Belgian Chocolate Cold Coffee",PENDING,,,
Hot Chocolate|KW-CHOCOLATE-062,Hot Chocolate,KW-CHOCOLATE-062,TEMPERATURE,"Chocolate melts above ~30C. Listable with a seasonal hold (block May-September) and insulated packing, not year-round.",Operational constraint; commodity melting point,5,Cadbury Hot Chocolate Drink Powder Mix | Christopher Cocoa Hot Chocolate Mix | Hershey's Hot Chocolate Powder | Mevano Hot Chocolate Mix (0% Refined Sugar) | The Divine Foods Hot Chocolate Instant Milk Mix,PENDING,,,
Baby Shampoo & Soaps|DEFAULT-REVIEW,Baby Shampoo & Soaps,DEFAULT-REVIEW,,No rule matched this SKU. Unknown items are held for review rather than listed.,Policy: conservative default,4,Baby Dove Rich Moisture Baby Wash | Himalaya Gentle Baby Wash | Little Rituals Multi-Vitamin Hair & Body Baby Wash | Mamaearth Milky Soft Head To Toe Baby Wash,PENDING,,,
Oral Care|KW-AYURVEDA-041,Oral Care,KW-AYURVEDA-041,US_IMPORT,"Ayurvedic preparations are treated as unapproved drugs when they carry therapeutic claims, and some carry heavy-metal (lead/mercury) import alerts. Clear per-brand with a label review.",21 U.S.C. 321(g) (drug definition); FDA Import Alert 66-41; DSHEA 21 U.S.C. 350b,4,Coco Crush Ayurvedic Oil Pulling Oil & Copper Tongue Cleaner | Colgate Vedshakti Ayurvedic Herbal Toothpaste | Dabur Lal Dant Manjan Ayurvedic Tooth Powder | Vicco Vajradanti Ayurvedic Herbal Toothpaste for Strong Teeth & Gum,PENDING,,,
Shampoo|KW-AYURVEDA-041,Shampoo,KW-AYURVEDA-041,US_IMPORT,"Ayurvedic preparations are treated as unapproved drugs when they carry therapeutic claims, and some carry heavy-metal (lead/mercury) import alerts. Clear per-brand with a label review.",21 U.S.C. 321(g) (drug definition); FDA Import Alert 66-41; DSHEA 21 U.S.C. 350b,4,Sesa Ayurvedic Anti Hairfall Shampoo | Dabur Vatika Ayurvedic Shampoo with 2x Damage Protection | Kesh King Gold Anti-Hairfall Shampoo - Ayurvedic | Kesh King Gold Anti-Hairfall Shampoo - Ayurvedic,PENDING,,,
Hair Removal|KW-CHOCOLATE-062,Hair Removal,KW-CHOCOLATE-062,TEMPERATURE,"Chocolate melts above ~30C. Listable with a seasonal hold (block May-September) and insulated packing, not year-round.",Operational constraint; commodity melting point,4,Rica White Chocolate Liposoluble Hair Removal Wax | Sanfe Detan Chocolate Hair Removal Wax | Sleek Chocolate Hair Removal Wax | The Wellness Shop Chocolate Facial Wax Powder,PENDING,,,
Hair Accessories|KW-VOLTAGE-082,Hair Accessories,KW-VOLTAGE-082,FUNCTIONAL,"Indian mains appliances are 220-240V/50Hz. US mains is 120V/60Hz, so these do not work without a transformer and are a refund/complaint magnet even though they are legal to import.",Operational constraint; FCC Part 15 also applies to electronics,4,"Philips Everyday Hair Dryer (Black, 1200 W) | Philips HP8100/60 Compact Hair Dryer (Blue, 1000 W) | Philips HP8120/00 Thermoprotect Hair Dryer (White, Pink, 1200 W) | Philips Style On the Go Hair Straightener (Peach, 31-33 W)",PENDING,,,
Hair Oil & Cream|KW-PERFUME-052,Hair Oil & Cream,KW-PERFUME-052,HAZMAT,Alcohol-based fragrance is a limited-quantity dangerous good. Shippable only in small volumes with DG paperwork and a carrier that accepts LQ.,"IATA DGR UN1266 (perfumery products), Limited Quantity provisions",4,"Attar Ayurveda Pure & Natural Amla, Reetha, Shikakai Hair Powder | Attar Ayurveda Pure & Natural Bhringraj Powder | Attar Ayurveda Pure & Natural Hibiscus Powder | Attar Ayurveda Pure & Natural Rosemary Leaves",PENDING,,,
Lubricants|KW-DEVICE-074,Lubricants,KW-DEVICE-074,US_IMPORT,"These are FDA-regulated medical devices requiring establishment registration, device listing and often 510(k) clearance.",21 CFR 807 (Establishment Registration); 21 CFR 884.5300 (condoms),4,ForMen Pocket Lubricant Gel with Aloe Vera | My Soul Adult Store Aloe Vera Based Medicated Edible Lubricant Gel | My Soul Adult Store Chocolate Flavour Medicated Edible Lubricant Gel | My Soul Adult Store Chocolate Flavour Medicated Edible Lubricant Gel Sachets,PENDING,,,
Body Lotions & Oils|KW-PERFUME-052,Body Lotions & Oils,KW-PERFUME-052,HAZMAT,Alcohol-based fragrance is a limited-quantity dangerous good. Shippable only in small volumes with DG paperwork and a carrier that accepts LQ.,"IATA DGR UN1266 (perfumery products), Limited Quantity provisions",4,MCaffeine Summer Breeze Perfume Body Lotion | MCaffeine Sweet Escape Perfume Body Lotion | MCaffeine Sweet Escape Perfume Body Lotion +  Guava Tini De-Tan Body Wash Combo | MCaffeine Sweet Escape Perfume Body Lotion +  Summer Breeze Perfume Body Lotion Combo,PENDING,,,
Face Masks & Packs|KW-FRAGILE-084,Face Masks & Packs,KW-FRAGILE-084,FRAGILITY,High breakage rate in international parcel handling. Listable only with reinforced packing and a higher damage allowance in unit economics.,Operational constraint,4,Earthen Story Certified Organic Mulethi Powder | Glamveda Rice & Ceramide Glass Skin Peel-off Mask | O3+ Snail Mucin Instant Glass Sheet Mask | Seoulskin Niacinamide Glass Skin Overnight Sheet Mask,PENDING,,,
"Face Oil, Serum & Essence|KW-SUNSCREEN-070","Face Oil, Serum & Essence",KW-SUNSCREEN-070,US_IMPORT,Sunscreen is an OTC drug in the US. Indian formulations frequently use filters not permitted under the US monograph and labelling will not comply.,21 CFR 352 (Sunscreen Monograph); FD&C Act OTC drug requirements,4,Deconstruct Lightweight Sunscreen Gel (SPF 55+ PA+++) +  Oil-Free Moisturizer +  Vitamin C & Ferulic Acid Face Serum Combo | Minimalist Light Fluid Face Sunscreen (SPF 50 PA++++) +  10% Vitamin C Brightening & Illumination Face Serum Combo | Minimalist Light Fluid Face Sunscreen (SPF 50 PA++++) +  2% Salicylic Acid Face Serum for Acne Prone Skin Combo | Minimalist Light Fluid Face Sunscreen (SPF 50 PA++++) +  2% Salicylic Acid Face Serum for Acne Prone Skin Combo,PENDING,,,
Lip & Eye Care|KW-GHEE-012,Lip & Eye Care,KW-GHEE-012,US_IMPORT,"Shelf-stable milk fat is generally admissible but is still a dairy product requiring APHIS clearance and FDA prior notice. Clear per-brand, then list.",9 CFR 94.16; FDA Prior Notice 21 CFR 1.280,4,ENN Ghee Brightening Lip Balm | Nat Habit Ghee Whipped Tinted Lip Balm (Beetroot Crush) | Nat Habit Ghee Whipped Tinted Lip Balm (Beetroot Crush) | The Granules Ghee Lip Balm (Natural),PENDING,,,
Dry Fruits Snacks|KW-CHOCOLATE-062,Dry Fruits Snacks,KW-CHOCOLATE-062,TEMPERATURE,"Chocolate melts above ~30C. Listable with a seasonal hold (block May-September) and insulated packing, not year-round.",Operational constraint; commodity melting point,4,Happilo Choco Nuts Cranberries | Happilo Choco Nuts Flavoured Almonds | Happilo Choco Nuts Flavoured Cashew | Happilo Choco Nuts Hazelnuts,PENDING,,,
Organic & Premium|KW-CHOCOLATE-062,Organic & Premium,KW-CHOCOLATE-062,TEMPERATURE,"Chocolate melts above ~30C. Listable with a seasonal hold (block May-September) and insulated packing, not year-round.",Operational constraint; commodity melting point,4,MyFitness High Protein Chocolate Crunchy Peanut Butter Spread (227 g) | MyFitness High Protein Chocolate Peanut Butter Crispy Spread | MyFitness High Protein Chocolate Peanut Butter Smooth Spread | The Whole Truth Almond Choco Fudge Energy Bar,PENDING,,,
Desi Ghee|DEFAULT-REVIEW,Desi Ghee,DEFAULT-REVIEW,,No rule matched this SKU. Unknown items are held for review rather than listed.,Policy: conservative default,4,Dalda Vanaspati | Preet Lite Cooking Medium | Preet Lite Cooking Medium | Rath Vanaspati,PENDING,,,
Smart Watches|CATEGORY:Electronics,Smart Watches,CATEGORY:Electronics,US_IMPORT,FCC authorization and lithium-cell rules apply.,47 CFR Part 15,4,Pebble Qore 2 Fitness Tracker (Cosmic Black) | Qorfit H59 Pulse Health Tracker Fitness Tracker (Black) | Ultrahuman Air Smart Ring (Raw Titanium) | Ultrahuman Air Smart Ring (Raw Titanium),PENDING,,,
Trimmers & Hair Appliances|KW-FCC-083,Trimmers & Hair Appliances,KW-FCC-083,US_IMPORT,Radio-frequency devices require an FCC equipment authorization and Form 740 declaration at entry.,47 CFR Part 15/2.1033; FCC Form 740,4,"Ausha Smart Wireless Ear Cleaner Camera | Cpensus Ear Cleaner Tool Kit with 1080p Camera | Vega P1 Battery Powered Beard Trimmer USB Type C, 160 mins Runtime, (VHTH-25) | Vega SmartOne Series S1 Beard Trimmer 120 Min Runtime, USB Type C, (VHTH-30)",PENDING,,,
Home Decor|KW-TOY-080,Home Decor,KW-TOY-080,US_IMPORT,"Children's products need CPSIA third-party testing, a Children's Product Certificate and tracking labels; lead and phthalate limits apply.",CPSIA 15 U.S.C. 2063; 16 CFR 1303 (lead paint); ASTM F963,4,"Flower & Teddy Designer Candle (Floral, White & Pink) by Agni Tattva Candles | Stuffed Soft Toy Hammock (Off White) - Ecofynd | Stuffed Toy Hammock (Off White) - Ecofynd | Teddy Bear with Preserved Rose (Red) - Vivatra",PENDING,,,
Jewellery|KW-FRAGILE-084,Jewellery,KW-FRAGILE-084,FRAGILITY,High breakage rate in international parcel handling. Listable only with reinforced packing and a higher damage allowance in unit economics.,Operational constraint,4,Aarunya Creations Glass Bangles (Green) | Aarunya Creations Glass Bangles (Maroon) | Aarunya Creations Glass Bangles (Red) | trueBrowns Mirror And Pearl Chandbalis (Golden),PENDING,,,
Lifestyle Accessories|KW-PERFUME-052,Lifestyle Accessories,KW-PERFUME-052,HAZMAT,Alcohol-based fragrance is a limited-quantity dangerous good. Shippable only in small volumes with DG paperwork and a carrier that accepts LQ.,"IATA DGR UN1266 (perfumery products), Limited Quantity provisions",4,Aaphra 4-in-1 Gift for Women with Perfume & TWS Earbuds | Carlton London Women Gift Set - Blush Perfume & Watch | Lavie Scarlet Women Wallet & Perfume Gift Set | Lavie Women's Walllet & Love edP Perfume Gift set,PENDING,,,
Party & Festive Needs|KW-CHOCOLATE-062,Party & Festive Needs,KW-CHOCOLATE-062,TEMPERATURE,"Chocolate melts above ~30C. Listable with a seasonal hold (block May-September) and insulated packing, not year-round.",Operational constraint; commodity melting point,4,Fabelle Intense 84% Dark Chocolate Centre Filled Bar | Sweets & Chocolate Rakhi Gift Pack by RawFruit | Sweets Chocolate & Dry Fruits Rakhi Gift Pack by RawFruit | Theobroma Rochers Chocolate Gift Pack for Rakhi,PENDING,,,
Gift Wraps & Bags|KW-FRAGILE-084,Gift Wraps & Bags,KW-FRAGILE-084,FRAGILITY,High breakage rate in international parcel handling. Listable only with reinforced packing and a higher damage allowance in unit economics.,Operational constraint,4,Beyond Gifts Birthday Special Mirror Greeting Card | Beyond Gifts Romantic Mirror Card with Crochet Flower | Beyond Gifts Sorry Mirror Greeting Card | Beyond Gifts ‘My Favorite Human' Mirror Greeting Card,PENDING,,,
Beverages Gift Packs|DEFAULT-REVIEW,Beverages Gift Packs,DEFAULT-REVIEW,,No rule matched this SKU. Unknown items are held for review rather than listed.,Policy: conservative default,4,Jimmy's Sparkling Celebration Beverage Gift Pack Pack | Real Beverage Gift Pack | Real Beverage Gift Pack | Real Greetings Handle Beverage Gift Pack (Small),PENDING,,,
Chocolate Gift Pack|DEFAULT-REVIEW,Chocolate Gift Pack,DEFAULT-REVIEW,,No rule matched this SKU. Unknown items are held for review rather than listed.,Policy: conservative default,4,"4700BC Popcorn Gift Box of 4, Sweet & Savoury | 4700BC Popcorn Gift Pack of 3, Sweet & Savoury | Entisi Chocolatier Bertie Bott's Jelly Bean Shaped Chocolates Box | Open Secret Brownie, Dry Fruits & Biscuits Gift Pack",PENDING,,,
Green Tea|KW-SUPPLEMENT-042,Green Tea,KW-SUPPLEMENT-042,US_IMPORT,"Dietary supplements need FDA facility registration, DSHEA-compliant labelling and a Supplement Facts panel. Indian labels rarely comply as-is.",DSHEA 21 U.S.C. 350b; 21 CFR 101.36 (Supplement Facts),4,"Tetley Classic Green Tea Bags (With Added Vitamin C) | Tetley Ginger, Mint & Lemon Green Tea Bags (Immune with Added Vitamin C) | Tetley Immune with Added Vitamin C Green Tea ((100 g)) | Tetley Lemon & Honey Green Tea Bags (with added Vitamin C)",PENDING,,,
Baby Oral Care|KW-OTCDRUG-071,Baby Oral Care,KW-OTCDRUG-071,US_IMPORT,"These are OTC drugs in the US (fluoride, antiperspirant actives, antifungals, topical analgesics), requiring monograph compliance and a Drug Facts panel.",21 CFR 355/350/333 (OTC monographs); 21 CFR 201.66 (Drug Facts),3,"Chicco Kids Toothpaste (Strawberry Flavor, 12M+) | Colgate Harry Potter Kids Toothpaste | Sensodyne Pronamel Strawberry Kids Toothpaste (2 yrs+)",PENDING,,,
Mom Care Needs|DEFAULT-REVIEW,Mom Care Needs,DEFAULT-REVIEW,,No rule matched this SKU. Unknown items are held for review rather than listed.,Policy: conservative default,3,Neodocs 3 in 1 Postpartum Maternity Belt | Nua Disposable Maternity Period Panty | Upyogaa 3 in 1 Belly Binder Postpartum Recovery Belt,PENDING,,,
Shower Gels & Scrubs|KW-SUPPLEMENT-042,Shower Gels & Scrubs,KW-SUPPLEMENT-042,US_IMPORT,"Dietary supplements need FDA facility registration, DSHEA-compliant labelling and a Supplement Facts panel. Indian labels rarely comply as-is.",DSHEA 21 U.S.C. 350b; 21 CFR 101.36 (Supplement Facts),3,Dove 3% Vitamin C Brightening Body Wash | Lux Lavender & Vitamin C Brightening Body Wash | St. D'Vence Citrus Burst Vitamin C Brightening Body Wash,PENDING,,,
Beauty Accessories|KW-DEVICE-074,Beauty Accessories,KW-DEVICE-074,US_IMPORT,"These are FDA-regulated medical devices requiring establishment registration, device listing and often 510(k) clearance.",21 CFR 807 (Establishment Registration); 21 CFR 884.5300 (condoms),3,Aegon Contact Lens Case (Rose Gold) | Aquacolor Dusky Brown Daily Contact Lens (0 Power) | Edel Contact Lens Case (Pastel Blue),PENDING,,,
Primer & Concealer|KW-COSMETIC-072,Primer & Concealer,KW-COSMETIC-072,US_IMPORT,Cosmetics require MoCRA facility registration and product listing; kajal/surma carry a lead import alert and hair colour carries PPD restrictions.,MoCRA 2022 (21 U.S.C. 364); FDA Import Alert 53-19 (kohl/kajal lead),3,Flicka Silk Touch 3 in 1 Milk Moisturizing Cream (& Primer) | Maybelline New York Shine Stopper Serum Primer | RENEE Lumi Glow Highlighting Primer + Serum,PENDING,,,
Hair Colour|KW-PERFUME-052,Hair Colour,KW-PERFUME-052,HAZMAT,Alcohol-based fragrance is a limited-quantity dangerous good. Shippable only in small volumes with DG paperwork and a carrier that accepts LQ.,"IATA DGR UN1266 (perfumery products), Limited Quantity provisions",3,Attar Ayurveda Pure & Natural Henna for Hair and Hands (Reddish Brown) | Attar Ayurveda Pure & Natural Indigo + Henna (Black) | Attar Ayurveda Pure Indigo Powder (Black),PENDING,,,
Shampoo|KW-SUPPLEMENT-042,Shampoo,KW-SUPPLEMENT-042,US_IMPORT,"Dietary supplements need FDA facility registration, DSHEA-compliant labelling and a Supplement Facts panel. Indian labels rarely comply as-is.",DSHEA 21 U.S.C. 350b; 21 CFR 101.36 (Supplement Facts),3,L'Oreal Paris Collagen Lifter Volumising Shampoo | L'Oreal Paris Collagen Lifter Volumising Shampoo | Pantene Hair Science Hairfall Control Shampoo with Vitamin B,PENDING,,,
Eye & Ear Care|CATEGORY:Health & Pharma,Eye & Ear Care,CATEGORY:Health & Pharma,US_IMPORT,Pharma category requires per-SKU FDA assessment.,21 U.S.C. 355,3,Aqualens Spectacle Lens Cleaner | Himalaya Ophtha Care Eye Drops | Jagat Pharma Isotine Eye Drops (Lubricant),PENDING,,,
Massagers|KW-TOY-080,Massagers,KW-TOY-080,US_IMPORT,"Children's products need CPSIA third-party testing, a Children's Product Certificate and tracking labels; lead and phthalate limits apply.",CPSIA 15 U.S.C. 2063; 16 CFR 1303 (lead paint); ASTM F963,3,BoldEdge Rattle Dense Men Personal Massager with Water Based Slide Lubricant | BoldEdge Rattle Men's Stroker Personal Massager with Strawberry Lubricant | BoldEdge Rattle Stroker Personal Massager,PENDING,,,
Corn Flakes & Kids Cereals|KW-HONEY-090,Corn Flakes & Kids Cereals,KW-HONEY-090,DUTY,Raw honey from India is covered by a US antidumping duty order with punitive per-exporter rates. Landed cost can exceed the retail price.,US DOC Antidumping Order A-533-903 (Raw Honey from India),3,Kellogg's Almonds & Honey Corn Flakes | Kellogg's Almonds & Honey Corn Flakes | Kellogg's Real Honey Corn Flakes,PENDING,,,
Kitchen Accessories|KW-FRAGILE-084,Kitchen Accessories,KW-FRAGILE-084,FRAGILITY,High breakage rate in international parcel handling. Listable only with reinforced packing and a higher damage allowance in unit economics.,Operational constraint,3,HomeEssentials Multipurpose Grater Plate (Ceramic) | HomeEssentials Rectangular Baking Dish (Borosilicate Glass) | Urbanfix Glass Shape Ice Shot Ice Tray (Silicone),PENDING,,,
Kitchen Appliances|KW-FCC-083,Kitchen Appliances,KW-FCC-083,US_IMPORT,Radio-frequency devices require an FCC equipment authorization and Form 740 declaration at entry.,47 CFR Part 15/2.1033; FCC Form 740,3,"NEV USB Electric Mini Chopper with 350 ml Bowl (30 W, Dark Blue) | NEV USB Rechargeable Electric Milk Frother (PMF-01) | ReeQ USB Rechargeable Handheld Milk Frother",PENDING,,,
Cleaning Tools|KW-FRAGILE-084,Cleaning Tools,KW-FRAGILE-084,FRAGILITY,High breakage rate in international parcel handling. Listable only with reinforced packing and a higher damage allowance in unit economics.,Operational constraint,3,"Home Lane 360° Rotatable Window Glass Wiper | HomeEssentials Extendable Glass Cleaner Tool (Stainless Steel, White) | RUSH Double Side Glass & Kitchen Wiper",PENDING,,,
Home Appliances|KW-FRAGILE-084,Home Appliances,KW-FRAGILE-084,FRAGILITY,High breakage rate in international parcel handling. Listable only with reinforced packing and a higher damage allowance in unit economics.,Operational constraint,3,Fablue LED Mirror Digital Alarm Clock (White) | Lifelong Glass Weighing Machine | Rose Star LED Makeup Mirror with Storage Box,PENDING,,,
Music Instruments & Accessories|KW-FCC-083,Music Instruments & Accessories,KW-FCC-083,US_IMPORT,Radio-frequency devices require an FCC equipment authorization and Form 740 declaration at entry.,47 CFR Part 15/2.1033; FCC Form 740,3,King Toyz 37 Keys Keyboard Piano for Kids | King Toyz 37 Keys Keyboard Piano for Kids (Black) | King Toyz 37 Keys Keyboard Piano for Kids (Purple),PENDING,,,
Home Decor|KW-FCC-083,Home Decor,KW-FCC-083,US_IMPORT,Radio-frequency devices require an FCC equipment authorization and Form 740 declaration at entry.,47 CFR Part 15/2.1033; FCC Form 740,3,Kacool Colour Changing USB Digital Table Clock (White) | The Better Home Aesthetic Mouse Shaped Table Clock (Grey) | Xech Digital Table Clock with Speaker (White),PENDING,,,
Gift Packs|DEFAULT-REVIEW,Gift Packs,DEFAULT-REVIEW,,No rule matched this SKU. Unknown items are held for review rather than listed.,Policy: conservative default,3,Bandhan Rakhi Gift Hamper for Brother | Two Brothers Bachpan Ka Bandhan Bhaiya Box Rakhi Gift Pack | Two Brothers Rishton ka Bandhan Bhaiya - Bhabhi Box Rakhi Gift Pack,PENDING,,,
Concentrates & Syrups|KW-AYURVEDA-041,Concentrates & Syrups,KW-AYURVEDA-041,US_IMPORT,"Ayurvedic preparations are treated as unapproved drugs when they carry therapeutic claims, and some carry heavy-metal (lead/mercury) import alerts. Clear per-brand with a label review.",21 U.S.C. 321(g) (drug definition); FDA Import Alert 66-41; DSHEA 21 U.S.C. 350b,3,Kapiva Ayurveda Triphala Laxative Herbal Juice | Kapiva Ayurveda Tulsi Giloy Herbal Juice (Natural Healer) | Namhya Ayurvedic Fat Loss Tea,PENDING,,,
Hookah Needs|DEFAULT-REVIEW,Hookah Needs,DEFAULT-REVIEW,,No rule matched this SKU. Unknown items are held for review rather than listed.,Policy: conservative default,3,Instant Ignite Magic Coal by Bongchie | Premium Magic Coal By Stash Pro | Premuim Instant Ignite Magic Coal by Quick Click Goods,PENDING,,,
Mouth Fresheners & Gums|KW-FRESHSWEET-064,Mouth Fresheners & Gums,KW-FRESHSWEET-064,PERISHABLE,Indian sweets are usually milk-based with a 3-7 day shelf life. Only retort-packed or wholly non-dairy variants with 90+ day shelf life are listable.,Operational constraint; APHIS dairy restrictions where milk-based,3,Mr. Merchant Pachak Hing Peda Mouth Freshener | SURILI Imli Ladoo Churan Mukhvas Candy | Shadani Hing Peda & Mouth Freshener Goli,PENDING,,,
Dips & Salad Dressings|KW-HONEY-090,Dips & Salad Dressings,KW-HONEY-090,DUTY,Raw honey from India is covered by a US antidumping duty order with punitive per-exporter rates. Landed cost can exceed the retail price.,US DOC Antidumping Order A-533-903 (Raw Honey from India),3,Del Monte Honey Mustard Dressing | Krishi Cress Honey Mustard Dip | Veeba Honey Mustard Salad Dressing,PENDING,,,
Mayonnaise|DEFAULT-REVIEW,Mayonnaise,DEFAULT-REVIEW,,No rule matched this SKU. Unknown items are held for review rather than listed.,Policy: conservative default,3,Dr. Oetker Flavoured Mayonnaise (Tandoori Masala) | Veeba Chef's Choice Eggless Mayonnaise | Wingreens Farms Tandoori Sauce,PENDING,,,
Syrups|KW-CHOCOLATE-062,Syrups,KW-CHOCOLATE-062,TEMPERATURE,"Chocolate melts above ~30C. Listable with a seasonal hold (block May-September) and insulated packing, not year-round.",Operational constraint; commodity melting point,3,Del Monte Chocolate Syrup (40% More Chocolaty) | Hershey's Chocolate Syrup | Hershey's Chocolate Syrup,PENDING,,,
Syrups|DEFAULT-REVIEW,Syrups,DEFAULT-REVIEW,,No rule matched this SKU. Unknown items are held for review rather than listed.,Policy: conservative default,3,Hershey's Caramel Syrup | Hershey's Hazelnut Syrup | Hershey's Strawberry Syrup,PENDING,,,
Chocolates|KW-FCC-083,Chocolates,KW-FCC-083,US_IMPORT,Radio-frequency devices require an FCC equipment authorization and Form 740 declaration at entry.,47 CFR Part 15/2.1033; FCC Form 740,3,Manam Chocolate Indian Origin Tablet No. 1 Milk Chocolate Bar | Manam Chocolate Indian Origin Tablet No. 6 - 66% Dark Chocolate Bar | Manam Chocolate Origin Tablet No. 5 Dark Chocolate Bar,PENDING,,,
Baby Gear|DEFAULT-REVIEW,Baby Gear,DEFAULT-REVIEW,,No rule matched this SKU. Unknown items are held for review rather than listed.,Policy: conservative default,2,Apex Piano Gym Baby Play Mat | StarAndDaisy Potty Training Seat,PENDING,,,
Feeding Essentials|KW-FRAGILE-084,Feeding Essentials,KW-FRAGILE-084,FRAGILITY,High breakage rate in international parcel handling. Listable only with reinforced packing and a higher damage allowance in unit economics.,Operational constraint,2,Dr. Brown's Anti-Colic Glass Baby Feeding Bottle (Transparent) | Dr. Brown's Glass Baby Feeding Bottle (Transparent),PENDING,,,
Bathing Soaps|DEFAULT-REVIEW,Bathing Soaps,DEFAULT-REVIEW,,No rule matched this SKU. Unknown items are held for review rather than listed.,Policy: conservative default,2,Dettol Neem Bathing Bar - Buy 3 Get 1 Free | Dettol Original Bathing Bar,PENDING,,,
Body Treatment & Roll On|KW-COSMETIC-072,Body Treatment & Roll On,KW-COSMETIC-072,US_IMPORT,Cosmetics require MoCRA facility registration and product listing; kajal/surma carry a lead import alert and hair colour carries PPD restrictions.,MoCRA 2022 (21 U.S.C. 364); FDA Import Alert 53-19 (kohl/kajal lead),2,Be Bodywise 4% AHA BHA Under Arm Roll-On - Flora +  Pigmentation Repair Body Treatment Cream Combo | Hibiscus Monkey Ingrown Hair Treatment Skin Serum,PENDING,,,
Fragrance & Talc|KW-HONEY-090,Fragrance & Talc,KW-HONEY-090,DUTY,Raw honey from India is covered by a US antidumping duty order with punitive per-exporter rates. Landed cost can exceed the retail price.,US DOC Antidumping Order A-533-903 (Raw Honey from India),2,imfresh Whole Body Women's Deodorant Cream - Honey Oudh | imfresh Women’s Deodorant Cream - Honey Oudh,PENDING,,,
Shampoo|DEFAULT-REVIEW,Shampoo,DEFAULT-REVIEW,,No rule matched this SKU. Unknown items are held for review rather than listed.,Policy: conservative default,2,"Bblunt Hairfall combo | Mancode Hydro 3-in-1 Body, Face & Hair Wash",PENDING,,,
Shower Gels & Scrubs|KW-PERFUME-052,Shower Gels & Scrubs,KW-PERFUME-052,HAZMAT,Alcohol-based fragrance is a limited-quantity dangerous good. Shippable only in small volumes with DG paperwork and a carrier that accepts LQ.,"IATA DGR UN1266 (perfumery products), Limited Quantity provisions",2,MCaffeine Sweet Escape Perfume Body Lotion +  Take A Dip Triple-Action Deo Body Wash Combo | Wild Oak Anti-Odour Perfume Body Wash,PENDING,,,
Cleansers & Toners|DEFAULT-REVIEW,Cleansers & Toners,DEFAULT-REVIEW,,No rule matched this SKU. Unknown items are held for review rather than listed.,Policy: conservative default,2,The Face Shop Rice Ceramide Moisturizing Toner | Tonymoly Ceramide Mochi Toner,PENDING,,,
Foundation & Compact|KW-HONEY-090,Foundation & Compact,KW-HONEY-090,DUTY,Raw honey from India is covered by a US antidumping duty order with punitive per-exporter rates. Landed cost can exceed the retail price.,US DOC Antidumping Order A-533-903 (Raw Honey from India),2,Glam21 Soul Matte 2-in-1 Compact Powder (Honey Beige) | LoveChild Masaba 4-in-1 Blurring Serum Skin Tint (Honest Honey),PENDING,,,
Foundation & Compact|KW-SUNSCREEN-070,Foundation & Compact,KW-SUNSCREEN-070,US_IMPORT,Sunscreen is an OTC drug in the US. Indian formulations frequently use filters not permitted under the US monograph and labelling will not comply.,21 CFR 352 (Sunscreen Monograph); FD&C Act OTC drug requirements,2,"Lakme Skin Perfect Collection Sun Expert Powder Matte Sunscreen Compact | Pond's BB+ Cream (Ivory, SPF 30 PA++)",PENDING,,,
Conditioner|KW-SUPPLEMENT-042,Conditioner,KW-SUPPLEMENT-042,US_IMPORT,"Dietary supplements need FDA facility registration, DSHEA-compliant labelling and a Supplement Facts panel. Indian labels rarely comply as-is.",DSHEA 21 U.S.C. 350b; 21 CFR 101.36 (Supplement Facts),2,L'Oreal Paris Collagen Lifter Fiber Densifying Conditioner | Pantene Miracle Rescue Collagen Repair Conditioner,PENDING,,,
Hair Accessories|KW-CHOCOLATE-062,Hair Accessories,KW-CHOCOLATE-062,TEMPERATURE,"Chocolate melts above ~30C. Listable with a seasonal hold (block May-September) and insulated packing, not year-round.",Operational constraint; commodity melting point,2,Tattvalogy Oil Soaked Neem Wide Wooden Hair Comb (Choco Brown) | Tattvalogy Oil Soaked Neem Wooden Hair Comb (Choco Brown),PENDING,,,
Hair Serums|KW-COSMETIC-072,Hair Serums,KW-COSMETIC-072,US_IMPORT,Cosmetics require MoCRA facility registration and product listing; kajal/surma carry a lead import alert and hair colour carries PPD restrictions.,MoCRA 2022 (21 U.S.C. 364); FDA Import Alert 53-19 (kohl/kajal lead),2,Soulflower Rosemary Hair Growth Serum | Ustraa Hair Growth Vitalizer Hair Serum - Pack of 2,PENDING,,,
Hair Styling|KW-PERFUME-052,Hair Styling,KW-PERFUME-052,HAZMAT,Alcohol-based fragrance is a limited-quantity dangerous good. Shippable only in small volumes with DG paperwork and a carrier that accepts LQ.,"IATA DGR UN1266 (perfumery products), Limited Quantity provisions",2,RENEE Caramel Crush Perfume Hair Mist | RENEE Hazel Rush Hair Perfume,PENDING,,,
Bandaid & Wound Care|KW-COSMETIC-072,Bandaid & Wound Care,KW-COSMETIC-072,US_IMPORT,Cosmetics require MoCRA facility registration and product listing; kajal/surma carry a lead import alert and hair colour carries PPD restrictions.,MoCRA 2022 (21 U.S.C. 364); FDA Import Alert 53-19 (kohl/kajal lead),2,Zanskar Advanced Pain Healing Cream | Zanskar Rapid Nerve Pain Relieving Cream,PENDING,,,
"Cough, Cold & Flu|KW-DEVICE-074","Cough, Cold & Flu",KW-DEVICE-074,US_IMPORT,"These are FDA-regulated medical devices requiring establishment registration, device listing and often 510(k) clearance.",21 CFR 807 (Establishment Registration); 21 CFR 884.5300 (condoms),2,Ayurescue Pocket Pharmacy Herbal First Aid Kit | Hansaplast First Aid Kit,PENDING,,,
Stomach & Digestive Care|KW-SUPPLEMENT-042,Stomach & Digestive Care,KW-SUPPLEMENT-042,US_IMPORT,"Dietary supplements need FDA facility registration, DSHEA-compliant labelling and a Supplement Facts panel. Indian labels rarely comply as-is.",DSHEA 21 U.S.C. 350b; 21 CFR 101.36 (Supplement Facts),2,Moderate Probiotic Pop Mints Gut Health Supplement with 20 Strains | Nutrazen Prebiotic & Probiotic Gut Health Supplement,PENDING,,,
Vitamins & Supplements|KW-PERFUME-052,Vitamins & Supplements,KW-PERFUME-052,HAZMAT,Alcohol-based fragrance is a limited-quantity dangerous good. Shippable only in small volumes with DG paperwork and a carrier that accepts LQ.,"IATA DGR UN1266 (perfumery products), Limited Quantity provisions",2,Attar Ayurveda Edible Quality Amla Powder | Attar Ayurveda Pure & Natural Moringa Powder,PENDING,,,
Lubricants|KW-CHOCOLATE-062,Lubricants,KW-CHOCOLATE-062,TEMPERATURE,"Chocolate melts above ~30C. Listable with a seasonal hold (block May-September) and insulated packing, not year-round.",Operational constraint; commodity melting point,2,Bold Care Vibe Edible Chocolate Lubricant | Svish On The Go Water Based Chocolate Lubricant,PENDING,,,
Massagers|KW-CHOCOLATE-062,Massagers,KW-CHOCOLATE-062,TEMPERATURE,"Chocolate melts above ~30C. Listable with a seasonal hold (block May-September) and insulated packing, not year-round.",Operational constraint; commodity melting point,2,Nooky Tempt Plug Personal Massager & Intimacy Chocolate | Skore Armor Silicone Personal Massager Sleeve with Chocolate Lube,PENDING,,,
Test Kits|KW-DEVICE-074,Test Kits,KW-DEVICE-074,US_IMPORT,"These are FDA-regulated medical devices requiring establishment registration, device listing and often 510(k) clearance.",21 CFR 807 (Establishment Registration); 21 CFR 884.5300 (condoms),2,Prega News Advance Pregnancy Test Kit (1 piece) | Prega News One Step Urine HCG Pregnancy Test Kit (1 piece),PENDING,,,
Toners & Mists|KW-COSMETIC-072,Toners & Mists,KW-COSMETIC-072,US_IMPORT,Cosmetics require MoCRA facility registration and product listing; kajal/surma carry a lead import alert and hair colour carries PPD restrictions.,MoCRA 2022 (21 U.S.C. 364); FDA Import Alert 53-19 (kohl/kajal lead),2,Laneige Cream Skin Cerapeptide Toner - Moisturizer | Laneige Cream Skin Mini Face Mist,PENDING,,,
Women's Grooming|KW-SUPPLEMENT-042,Women's Grooming,KW-SUPPLEMENT-042,US_IMPORT,"Dietary supplements need FDA facility registration, DSHEA-compliant labelling and a Supplement Facts panel. Indian labels rarely comply as-is.",DSHEA 21 U.S.C. 350b; 21 CFR 101.36 (Supplement Facts),2,Bombae Vitamin E & Aloe Disposable Women's Razor - Pack of 3 | Bombae Vitamin E & Aloe Disposable Women's Razor for Women,PENDING,,,
Dry Fruits|KW-CHOCOLATE-062,Dry Fruits,KW-CHOCOLATE-062,TEMPERATURE,"Chocolate melts above ~30C. Listable with a seasonal hold (block May-September) and insulated packing, not year-round.",Operational constraint; commodity melting point,2,Farmley Dark Choco Orange Date Bites Dessert (No Added Sugar) | Happilo Choco-Almonds Healthy Dry Fruit Sweet Bar,PENDING,,,
Barware|DEFAULT-REVIEW,Barware,DEFAULT-REVIEW,,No rule matched this SKU. Unknown items are held for review rather than listed.,Policy: conservative default,2,Borosil Borosilicate Shot Glasses | Glassy Premium Reusable Glasses (Multicolour),PENDING,,,
Cookware & Sets|KW-GHEE-012,Cookware & Sets,KW-GHEE-012,US_IMPORT,"Shelf-stable milk fat is generally admissible but is still a dairy product requiring APHIS clearance and FDA prior notice. Clear per-brand, then list.",9 CFR 94.16; FDA Prior Notice 21 CFR 1.280,2,Earth Chakra Ghee Pot (Brass) | HAZEL Ghee Pot with Spoon (Stainless Steel),PENDING,,,
Kitchen Accessories|KW-CHOCOLATE-062,Kitchen Accessories,KW-CHOCOLATE-062,TEMPERATURE,"Chocolate melts above ~30C. Listable with a seasonal hold (block May-September) and insulated packing, not year-round.",Operational constraint; commodity melting point,2,"HAZEL Kunafa Chocolate Mould (Silicone) | HAZEL Silicone Ice Cube & Chocolate Mould, 250ml, Green",PENDING,,,
Storage & Containers|KW-GHEE-012,Storage & Containers,KW-GHEE-012,US_IMPORT,"Shelf-stable milk fat is generally admissible but is still a dairy product requiring APHIS clearance and FDA prior notice. Clear per-brand, then list.",9 CFR 94.16; FDA Prior Notice 21 CFR 1.280,2,"ExclusiveLane Brass Ghee Pot With Spoon | Wonderchef Stainless Steel Ghee Pot (Silver, 0.5 ltrs)",PENDING,,,
Gravy Mixes & Pastes|DEFAULT-REVIEW,Gravy Mixes & Pastes,DEFAULT-REVIEW,,No rule matched this SKU. Unknown items are held for review rather than listed.,Policy: conservative default,2,Daawat Hydrabadi Masala Biryani Paste With Raita Seasoning | Everest Eazy Chef Mutter Paneer Mix,PENDING,,,
Garbage Bags|CATEGORY:Cleaners & Repellents,Garbage Bags,CATEGORY:Cleaners & Repellents,HAZMAT,Mixed shelf of inert cleaners and EPA-regulated pesticides.,FIFRA; IATA DGR,2,Crystal Medium Garbage Bag (Black) | Imeco Compostable Garbage Bag (Green),PENDING,,,
Machine & Car Care|KW-JEWELLERY-081,Machine & Car Care,KW-JEWELLERY-081,US_IMPORT,"Imitation jewellery faces CPSC lead and cadmium limits, and precious-metal items attract higher duty plus FTC marking rules.",16 CFR 1500.91 (lead in children's jewelry); FTC Jewelry Guides 16 CFR 23,2,Be Safe Forever Chain Lubricant Spray for Motorbikes | Motorwax Chain Lubricant & Chain Cleaner Set,PENDING,,,
Machine & Car Care|KW-FRAGILE-084,Machine & Car Care,KW-FRAGILE-084,FRAGILITY,High breakage rate in international parcel handling. Listable only with reinforced packing and a higher damage allowance in unit economics.,Operational constraint,2,ShineXPro DIY Ceramic Coating Car Polish with Microfiber Cloth | Swavix Car Windshield and Glass Cleaner Tablets,PENDING,,,
Extension Cables & Accessories|KW-JEWELLERY-081,Extension Cables & Accessories,KW-JEWELLERY-081,US_IMPORT,"Imitation jewellery faces CPSC lead and cadmium limits, and precious-metal items attract higher duty plus FTC marking rules.",16 CFR 1500.91 (lead in children's jewelry); FTC Jewelry Guides 16 CFR 23,2,GM Pendant & Bulb Holder | Goldmedal Multipurpose Pendant Extended Cable Bulb Holder,PENDING,,,
Trimmers & Hair Appliances|KW-FRAGILE-084,Trimmers & Hair Appliances,KW-FRAGILE-084,FRAGILITY,High breakage rate in international parcel handling. Listable only with reinforced packing and a higher damage allowance in unit economics.,Operational constraint,2,"Havells Beach Wave Hair Styler with Ceramic Coated Barrel (Black, 60 W) | VGR Ceramic Coated Hair Curler (Pearl White, 32 W, V-596)",PENDING,,,
Home Decor|KW-GHEE-012,Home Decor,KW-GHEE-012,US_IMPORT,"Shelf-stable milk fat is generally admissible but is still a dairy product requiring APHIS clearance and FDA prior notice. Clear per-brand, then list.",9 CFR 94.16; FDA Prior Notice 21 CFR 1.280,2,Pure Ghee Clay Diya by Kritilife | Tejas Puja Ghee Tea Light Candles by Shubhkart,PENDING,,,
Home Needs|KW-TOY-080,Home Needs,KW-TOY-080,US_IMPORT,"Children's products need CPSIA third-party testing, a Children's Product Certificate and tracking labels; lead and phthalate limits apply.",CPSIA 15 U.S.C. 2063; 16 CFR 1303 (lead paint); ASTM F963,2,Chubsy Knits Crochet Flower Bouquet & Teddy | Floreal Love Teddy Bouquet,PENDING,,,
Socks & Handkerchiefs|KW-FRAGILE-084,Socks & Handkerchiefs,KW-FRAGILE-084,FRAGILITY,High breakage rate in international parcel handling. Listable only with reinforced packing and a higher damage allowance in unit economics.,Operational constraint,2,Bellofox Korean Glass Skin Stockings (Black) | Bellofox Korean Glass Skin Stockings (Nude),PENDING,,,
Arts & Crafts|KW-FRAGILE-084,Arts & Crafts,KW-FRAGILE-084,FRAGILITY,High breakage rate in international parcel handling. Listable only with reinforced packing and a higher damage allowance in unit economics.,Operational constraint,2,Camel Water Based Glass Colors (3+ years) (Multicolour) | Paperbees Round Craft Mirror,PENDING,,,
Bags & School Needs|KW-TOY-080,Bags & School Needs,KW-TOY-080,US_IMPORT,"Children's products need CPSIA third-party testing, a Children's Product Certificate and tracking labels; lead and phthalate limits apply.",CPSIA 15 U.S.C. 2063; 16 CFR 1303 (lead paint); ASTM F963,2,FunBlast Fruit Shaped Eraser Dispenser Toy (Multicolour) | Varkaus Teddy Bear Kids Bottle with Straw (Multicolour),PENDING,,,
Children's Books|CATEGORY:Stationery & Games,Children's Books,CATEGORY:Stationery & Games,US_IMPORT,Mixed shelf; games/toys hit CPSIA while pure stationery is clear.,CPSIA 15 U.S.C. 2063,2,Nursery Worksheets: Part - A | The Magic Of The Lost Story,PENDING,,,
Chips & Wafers|KW-HONEY-090,Chips & Wafers,KW-HONEY-090,DUTY,Raw honey from India is covered by a US antidumping duty order with punitive per-exporter rates. Landed cost can exceed the retail price.,US DOC Antidumping Order A-533-903 (Raw Honey from India),2,Cornitos Crusties Honey Chilli Potato Ball Puffs | Seung Toko Honey Soy Butter Korean Tapioca Chips,PENDING,,,
Healthy Snacks|KW-CHOCOLATE-062,Healthy Snacks,KW-CHOCOLATE-062,TEMPERATURE,"Chocolate melts above ~30C. Listable with a seasonal hold (block May-September) and insulated packing, not year-round.",Operational constraint; commodity melting point,2,Rooted Delights Double Truffle Makhana | Slurrp Farm Choco Ragi Puffs,PENDING,,,
Popcorn|KW-CHOCOLATE-062,Popcorn,KW-CHOCOLATE-062,TEMPERATURE,"Chocolate melts above ~30C. Listable with a seasonal hold (block May-September) and insulated packing, not year-round.",Operational constraint; commodity melting point,2,4700BC Gourmet Popcorn (Belgian Choco Caramel) | Poppacorn Gourmet Nutty Choco Delight Popcorn,PENDING,,,
Fruit Juices|KW-SUPPLEMENT-042,Fruit Juices,KW-SUPPLEMENT-042,US_IMPORT,"Dietary supplements need FDA facility registration, DSHEA-compliant labelling and a Supplement Facts panel. Indian labels rarely comply as-is.",DSHEA 21 U.S.C. 350b; 21 CFR 101.36 (Supplement Facts),2,B Natural Apple Juice Vitamin C & E | Nutrirootz Sea buckthorn Pulp Dietary Supplement Juice,PENDING,,,
Soft Drinks|KW-SUPPLEMENT-042,Soft Drinks,KW-SUPPLEMENT-042,US_IMPORT,"Dietary supplements need FDA facility registration, DSHEA-compliant labelling and a Supplement Facts panel. Indian labels rarely comply as-is.",DSHEA 21 U.S.C. 350b; 21 CFR 101.36 (Supplement Facts),2,Cool Pop Mango Pineapple Drink Prebiotic & Vitamin C | Cool Pop Strawberry Watermelon Drink Prebiotic & Vitamin C,PENDING,,,
Water & Ice Cubes|KW-FRAGILE-084,Water & Ice Cubes,KW-FRAGILE-084,FRAGILITY,High breakage rate in international parcel handling. Listable only with reinforced packing and a higher damage allowance in unit economics.,Operational constraint,2,Bisleri Vedica Mineral Water (Glass Bottle) | Evian Mineral Water Glass Bottle,PENDING,,,
Dessert & Cake Mixes|KW-FRESHSWEET-064,Dessert & Cake Mixes,KW-FRESHSWEET-064,PERISHABLE,Indian sweets are usually milk-based with a 3-7 day shelf life. Only retort-packed or wholly non-dairy variants with 90+ day shelf life are listable.,Operational constraint; APHIS dairy restrictions where milk-based,2,Gits Gulab Jamun Mix | MTR Gulab Jamun Mix (Buy 1 Get 1 Free),PENDING,,,
Dessert & Cake Mixes|KW-CHOCOLATE-062,Dessert & Cake Mixes,KW-CHOCOLATE-062,TEMPERATURE,"Chocolate melts above ~30C. Listable with a seasonal hold (block May-September) and insulated packing, not year-round.",Operational constraint; commodity melting point,2,Pillsbury Chocolate Flavour Pancake Mix | Slurrp Farm Chocolate Pancake Mix,PENDING,,,
Noodles|KW-CHOCOLATE-062,Noodles,KW-CHOCOLATE-062,TEMPERATURE,"Chocolate melts above ~30C. Listable with a seasonal hold (block May-September) and insulated packing, not year-round.",Operational constraint; commodity melting point,2,Nissin Geki Truffcarbo Korean Ramen Instant Noodles (Truffle Twister) | Slurrp Farm Chocolate Pancake Mix +  Magic Masala Millet Instant Noodles Combo,PENDING,,,
Chyawanprash & Honey|KW-AYURVEDA-041,Chyawanprash & Honey,KW-AYURVEDA-041,US_IMPORT,"Ayurvedic preparations are treated as unapproved drugs when they carry therapeutic claims, and some carry heavy-metal (lead/mercury) import alerts. Clear per-brand with a label review.",21 U.S.C. 321(g) (drug definition); FDA Import Alert 66-41; DSHEA 21 U.S.C. 350b,2,Dabur Chyawanprash | Krishna's Herbal Chyawanprash,PENDING,,,
Candies & Gum|KW-CHOCOLATE-062,Candies & Gum,KW-CHOCOLATE-062,TEMPERATURE,"Chocolate melts above ~30C. Listable with a seasonal hold (block May-September) and insulated packing, not year-round.",Operational constraint; commodity melting point,2,Alpenliebe Grande with Choco Delight Eclair | Candyman Choco Double Eclair - Celebration Pack,PENDING,,,
Indian Sweets|KW-CHOCOLATE-062,Indian Sweets,KW-CHOCOLATE-062,TEMPERATURE,"Chocolate melts above ~30C. Listable with a seasonal hold (block May-September) and insulated packing, not year-round.",Operational constraint; commodity melting point,2,Choco Kaju Katli by Unibic Swaadesi | Farmley Dark Choco Orange Date Bites Dessert,PENDING,,,
Cold Coffee & Ice Tea|KW-SUPPLEMENT-042,Cold Coffee & Ice Tea,KW-SUPPLEMENT-042,US_IMPORT,"Dietary supplements need FDA facility registration, DSHEA-compliant labelling and a Supplement Facts panel. Indian labels rarely comply as-is.",DSHEA 21 U.S.C. 350b; 21 CFR 101.36 (Supplement Facts),2,Dr. Morepen Collagen Iced Tea | Wagh Bakri Vitamin C Boost Peach Ice Tea Premix,PENDING,,,
Herbal Infusion|KW-HONEY-090,Herbal Infusion,KW-HONEY-090,DUTY,Raw honey from India is covered by a US antidumping duty order with punitive per-exporter rates. Landed cost can exceed the retail price.,US DOC Antidumping Order A-533-903 (Raw Honey from India),2,"Organic India, A TATA Product - Tulsi Honey Chamomile Organic Herbal Infusion Bags | Organic India, A TATA Product - Tulsi Honey Lemon Herbal Infusion Bags",PENDING,,,
Baby Shampoo & Soaps|KW-GHEE-012,Baby Shampoo & Soaps,KW-GHEE-012,US_IMPORT,"Shelf-stable milk fat is generally admissible but is still a dairy product requiring APHIS clearance and FDA prior notice. Clear per-brand, then list.",9 CFR 94.16; FDA Prior Notice 21 CFR 1.280,1,Himalaya Head to Toe Baby Wash with Pure Cow Ghee,PENDING,,,
Baby Toys & Gifts|KW-COSMETIC-072,Baby Toys & Gifts,KW-COSMETIC-072,US_IMPORT,Cosmetics require MoCRA facility registration and product listing; kajal/surma carry a lead import alert and hair colour carries PPD restrictions.,MoCRA 2022 (21 U.S.C. 364); FDA Import Alert 53-19 (kohl/kajal lead),1,Aveeno Lotion & Shampoo Travel Baby Gift Set,PENDING,,,
Diaper & Wipes|KW-SUPPLEMENT-042,Diaper & Wipes,KW-SUPPLEMENT-042,US_IMPORT,"Dietary supplements need FDA facility registration, DSHEA-compliant labelling and a Supplement Facts panel. Indian labels rarely comply as-is.",DSHEA 21 U.S.C. 350b; 21 CFR 101.36 (Supplement Facts),1,Oyo Baby Aloe Vera & Vitamin E Baby Wipes,PENDING,,,
Health &  Hygiene|KW-OTCDRUG-071,Health &  Hygiene,KW-OTCDRUG-071,US_IMPORT,"These are OTC drugs in the US (fluoride, antiperspirant actives, antifungals, topical analgesics), requiring monograph compliance and a Drug Facts panel.",21 CFR 355/350/333 (OTC monographs); 21 CFR 201.66 (Drug Facts),1,Vicks Baby Rub Chest Rub & Balm,PENDING,,,
Skin & Hair Care|KW-AYURVEDA-041,Skin & Hair Care,KW-AYURVEDA-041,US_IMPORT,"Ayurvedic preparations are treated as unapproved drugs when they carry therapeutic claims, and some carry heavy-metal (lead/mercury) import alerts. Clear per-brand with a label review.",21 U.S.C. 321(g) (drug definition); FDA Import Alert 66-41; DSHEA 21 U.S.C. 350b,1,Dabur Lal Tail Ayurvedic Baby Massage Oil,PENDING,,,
Skin & Hair Care|KW-SUPPLEMENT-042,Skin & Hair Care,KW-SUPPLEMENT-042,US_IMPORT,"Dietary supplements need FDA facility registration, DSHEA-compliant labelling and a Supplement Facts panel. Indian labels rarely comply as-is.",DSHEA 21 U.S.C. 350b; 21 CFR 101.36 (Supplement Facts),1,Johnson's Vitamin E Baby Massage Oil,PENDING,,,
Bath & Beauty Gifts|KW-HONEY-090,Bath & Beauty Gifts,KW-HONEY-090,DUTY,Raw honey from India is covered by a US antidumping duty order with punitive per-exporter rates. Landed cost can exceed the retail price.,US DOC Antidumping Order A-533-903 (Raw Honey from India),1,Forest Essentials Mashobra Honey & Vanilla Body Care Gift Set,PENDING,,,
Bathing Soaps|KW-SUPPLEMENT-042,Bathing Soaps,KW-SUPPLEMENT-042,US_IMPORT,"Dietary supplements need FDA facility registration, DSHEA-compliant labelling and a Supplement Facts panel. Indian labels rarely comply as-is.",DSHEA 21 U.S.C. 350b; 21 CFR 101.36 (Supplement Facts),1,Lux Jasmine & Vitamin C + E Beauty Soap,PENDING,,,
Bathing Soaps|KW-AYURVEDA-041,Bathing Soaps,KW-AYURVEDA-041,US_IMPORT,"Ayurvedic preparations are treated as unapproved drugs when they carry therapeutic claims, and some carry heavy-metal (lead/mercury) import alerts. Clear per-brand with a label review.",21 U.S.C. 321(g) (drug definition); FDA Import Alert 66-41; DSHEA 21 U.S.C. 350b,1,Medimix Ayurvedic Soap With 18 Herbs - Pack of 3,PENDING,,,
Bathing Soaps|KW-PERFUME-052,Bathing Soaps,KW-PERFUME-052,HAZMAT,Alcohol-based fragrance is a limited-quantity dangerous good. Shippable only in small volumes with DG paperwork and a carrier that accepts LQ.,"IATA DGR UN1266 (perfumery products), Limited Quantity provisions",1,Ustraa Rebel Cologne Soap - Pack of 2,PENDING,,,
Conditioner|DEFAULT-REVIEW,Conditioner,DEFAULT-REVIEW,,No rule matched this SKU. Unknown items are held for review rather than listed.,Policy: conservative default,1,L'Oréal Professionnel Hair Care Combo Travel Kit,PENDING,,,
Conditioner|KW-OTCDRUG-071,Conditioner,KW-OTCDRUG-071,US_IMPORT,"These are OTC drugs in the US (fluoride, antiperspirant actives, antifungals, topical analgesics), requiring monograph compliance and a Drug Facts panel.",21 CFR 355/350/333 (OTC monographs); 21 CFR 201.66 (Drug Facts),1,Naturali Men's Anti Dandruff Shampoo,PENDING,,,
Fragrance & Talc|KW-SUPPLEMENT-042,Fragrance & Talc,KW-SUPPLEMENT-042,US_IMPORT,"Dietary supplements need FDA facility registration, DSHEA-compliant labelling and a Supplement Facts panel. Indian labels rarely comply as-is.",DSHEA 21 U.S.C. 350b; 21 CFR 101.36 (Supplement Facts),1,Bitamin 5% Vitamin C Natural Under Arm Roll-On (Sea Salt),PENDING,,,
Fragrance & Talc|KW-OTCDRUG-071,Fragrance & Talc,KW-OTCDRUG-071,US_IMPORT,"These are OTC drugs in the US (fluoride, antiperspirant actives, antifungals, topical analgesics), requiring monograph compliance and a Drug Facts panel.",21 CFR 355/350/333 (OTC monographs); 21 CFR 201.66 (Drug Facts),1,Candid Activ Antiperspirant Talcum Powder,PENDING,,,
Fragrance & Talc|KW-TOY-080,Fragrance & Talc,KW-TOY-080,US_IMPORT,"Children's products need CPSIA third-party testing, a Children's Product Certificate and tracking labels; lead and phthalate limits apply.",CPSIA 15 U.S.C. 2063; 16 CFR 1303 (lead paint); ASTM F963,1,Eva Doll Women's Deodorant,PENDING,,,
Fragrance & Talc|KW-AYURVEDA-041,Fragrance & Talc,KW-AYURVEDA-041,US_IMPORT,"Ayurvedic preparations are treated as unapproved drugs when they carry therapeutic claims, and some carry heavy-metal (lead/mercury) import alerts. Clear per-brand with a label review.",21 U.S.C. 321(g) (drug definition); FDA Import Alert 66-41; DSHEA 21 U.S.C. 350b,1,Navratna Cool Ayurvedic Hair Oil +  Cool Talc Powder for Freshness Combo,PENDING,,,
Fragrance & Talc|KW-CHOCOLATE-062,Fragrance & Talc,KW-CHOCOLATE-062,TEMPERATURE,"Chocolate melts above ~30C. Listable with a seasonal hold (block May-September) and insulated packing, not year-round.",Operational constraint; commodity melting point,1,Spritz by Typsy Hair & Body Mist (Chocolate Fondant),PENDING,,,
Shower Gels & Scrubs|KW-COSMETIC-072,Shower Gels & Scrubs,KW-COSMETIC-072,US_IMPORT,Cosmetics require MoCRA facility registration and product listing; kajal/surma carry a lead import alert and hair colour carries PPD restrictions.,MoCRA 2022 (21 U.S.C. 364); FDA Import Alert 53-19 (kohl/kajal lead),1,Dove 6% Hydrating Serum Body Wash,PENDING,,,
Beauty Accessories|KW-AYURVEDA-041,Beauty Accessories,KW-AYURVEDA-041,US_IMPORT,"Ayurvedic preparations are treated as unapproved drugs when they carry therapeutic claims, and some carry heavy-metal (lead/mercury) import alerts. Clear per-brand with a label review.",21 U.S.C. 321(g) (drug definition); FDA Import Alert 66-41; DSHEA 21 U.S.C. 350b,1,Ayuvya Ayurvedic Kansa Wand Roller / Facial Roller,PENDING,,,
Beauty Accessories|KW-SUPPLEMENT-042,Beauty Accessories,KW-SUPPLEMENT-042,US_IMPORT,"Dietary supplements need FDA facility registration, DSHEA-compliant labelling and a Supplement Facts panel. Indian labels rarely comply as-is.",DSHEA 21 U.S.C. 350b; 21 CFR 101.36 (Supplement Facts),1,Garnier Skin Naturals Vitamin C Micellar Water,PENDING,,,
Beauty Accessories|KW-PERFUME-052,Beauty Accessories,KW-PERFUME-052,HAZMAT,Alcohol-based fragrance is a limited-quantity dangerous good. Shippable only in small volumes with DG paperwork and a carrier that accepts LQ.,"IATA DGR UN1266 (perfumery products), Limited Quantity provisions",1,"Matra Perfume Refill Travel Bottle (Purple, Blue)",PENDING,,,
Beauty Accessories|KW-SUNSCREEN-070,Beauty Accessories,KW-SUNSCREEN-070,US_IMPORT,Sunscreen is an OTC drug in the US. Indian formulations frequently use filters not permitted under the US monograph and labelling will not comply.,21 CFR 352 (Sunscreen Monograph); FD&C Act OTC drug requirements,1,Sugar Pop Makeup Setting Spray with SPF 15,PENDING,,,
Blush & Highlighter|KW-FRAGILE-084,Blush & Highlighter,KW-FRAGILE-084,FRAGILITY,High breakage rate in international parcel handling. Listable only with reinforced packing and a higher damage allowance in unit economics.,Operational constraint,1,FAE Beauty Mirror Glaze - Glass Balm Illuminator (Lunar),PENDING,,,
Blush & Highlighter|KW-SUNSCREEN-070,Blush & Highlighter,KW-SUNSCREEN-070,US_IMPORT,Sunscreen is an OTC drug in the US. Indian formulations frequently use filters not permitted under the US monograph and labelling will not comply.,21 CFR 352 (Sunscreen Monograph); FD&C Act OTC drug requirements,1,Pilgrim Glow Illuminating Moisturizer with SPF 15 (Pearl),PENDING,,,
Kajal & Eyeliners|KW-JEWELLERY-081,Kajal & Eyeliners,KW-JEWELLERY-081,US_IMPORT,"Imitation jewellery faces CPSC lead and cadmium limits, and precious-metal items attract higher duty plus FTC marking rules.",16 CFR 1500.91 (lead in children's jewelry); FTC Jewelry Guides 16 CFR 23,1,Lakme Be-Jewel Satin Eye Shadow Tint (Quartz),PENDING,,,
Primer & Concealer|KW-SUPPLEMENT-042,Primer & Concealer,KW-SUPPLEMENT-042,US_IMPORT,"Dietary supplements need FDA facility registration, DSHEA-compliant labelling and a Supplement Facts panel. Indian labels rarely comply as-is.",DSHEA 21 U.S.C. 350b; 21 CFR 101.36 (Supplement Facts),1,Lakme Makeup + Skincare Vitamin C SuperGlow Primer (Shade-0),PENDING,,,
Primer & Concealer|KW-SUNSCREEN-070,Primer & Concealer,KW-SUNSCREEN-070,US_IMPORT,Sunscreen is an OTC drug in the US. Indian formulations frequently use filters not permitted under the US monograph and labelling will not comply.,21 CFR 352 (Sunscreen Monograph); FD&C Act OTC drug requirements,1,MARS Cosmetics SPF50 PA++++ Cancel Concealer (Ivory Veil),PENDING,,,
Primer & Concealer|KW-FRAGILE-084,Primer & Concealer,KW-FRAGILE-084,FRAGILITY,High breakage rate in international parcel handling. Listable only with reinforced packing and a higher damage allowance in unit economics.,Operational constraint,1,RENEE Glass Glow Pre Make Up Oil Primer (Shade-0),PENDING,,,
Intimate Wash & Wipes|KW-COSMETIC-072,Intimate Wash & Wipes,KW-COSMETIC-072,US_IMPORT,Cosmetics require MoCRA facility registration and product listing; kajal/surma carry a lead import alert and hair colour carries PPD restrictions.,MoCRA 2022 (21 U.S.C. 364); FDA Import Alert 53-19 (kohl/kajal lead),1,Imfresh Women's Deodorant Body Cream - Wild Flower,PENDING,,,
Hair Accessories|KW-FCC-083,Hair Accessories,KW-FCC-083,US_IMPORT,Radio-frequency devices require an FCC equipment authorization and Form 740 declaration at entry.,47 CFR Part 15/2.1033; FCC Form 740,1,FunBlast Mickey & Minnie Mouse Ears Hair Band Set (Black),PENDING,,,
Hair Accessories|KW-JEWELLERY-081,Hair Accessories,KW-JEWELLERY-081,US_IMPORT,"Imitation jewellery faces CPSC lead and cadmium limits, and precious-metal items attract higher duty plus FTC marking rules.",16 CFR 1500.91 (lead in children's jewelry); FTC Jewelry Guides 16 CFR 23,1,"Hair Drama Co. Detangle Hair Brush with Removable Charm Chain & Pouch (Purple, Purple)",PENDING,,,
Hair Accessories|KW-AYURVEDA-041,Hair Accessories,KW-AYURVEDA-041,US_IMPORT,"Ayurvedic preparations are treated as unapproved drugs when they carry therapeutic claims, and some carry heavy-metal (lead/mercury) import alerts. Clear per-brand with a label review.",21 U.S.C. 321(g) (drug definition); FDA Import Alert 66-41; DSHEA 21 U.S.C. 350b,1,Maati Care Ayurvedic Oil Seasoned Neem Wood Hair Comb (Brown),PENDING,,,
Hair Accessories|KW-OTCDRUG-071,Hair Accessories,KW-OTCDRUG-071,US_IMPORT,"These are OTC drugs in the US (fluoride, antiperspirant actives, antifungals, topical analgesics), requiring monograph compliance and a Drug Facts panel.",21 CFR 355/350/333 (OTC monographs); 21 CFR 201.66 (Drug Facts),1,Sanfe Stunner Anti-Dandruff Hair Comb (Purple),PENDING,,,
Hair Colour|KW-HONEY-090,Hair Colour,KW-HONEY-090,DUTY,Raw honey from India is covered by a US antidumping duty order with punitive per-exporter rates. Landed cost can exceed the retail price.,US DOC Antidumping Order A-533-903 (Raw Honey from India),1,BBlunt Salon Secret High Shine Conditioning Hair Colour (Honey Light Golden Brown),PENDING,,,
Hair Colour|KW-CHOCOLATE-062,Hair Colour,KW-CHOCOLATE-062,TEMPERATURE,"Chocolate melts above ~30C. Listable with a seasonal hold (block May-September) and insulated packing, not year-round.",Operational constraint; commodity melting point,1,L'Oreal Paris Casting Crème Gloss 323 Dark Chocolate,PENDING,,,
Hair Oil & Cream|KW-SUNSCREEN-070,Hair Oil & Cream,KW-SUNSCREEN-070,US_IMPORT,Sunscreen is an OTC drug in the US. Indian formulations frequently use filters not permitted under the US monograph and labelling will not comply.,21 CFR 352 (Sunscreen Monograph); FD&C Act OTC drug requirements,1,Minimalist Frizz Control Complex SPF 30 Hair Serum,PENDING,,,
Hair Serums|DEFAULT-REVIEW,Hair Serums,DEFAULT-REVIEW,,No rule matched this SKU. Unknown items are held for review rather than listed.,Policy: conservative default,1,Plum Nourish-up Avocado Hair Mask,PENDING,,,
Hair Styling|KW-SUPPLEMENT-042,Hair Styling,KW-SUPPLEMENT-042,US_IMPORT,"Dietary supplements need FDA facility registration, DSHEA-compliant labelling and a Supplement Facts panel. Indian labels rarely comply as-is.",DSHEA 21 U.S.C. 350b; 21 CFR 101.36 (Supplement Facts),1,Dapr. Vitamin E Hair Styling Cream,PENDING,,,
Bandaid & Wound Care|KW-AYURVEDA-041,Bandaid & Wound Care,KW-AYURVEDA-041,US_IMPORT,"Ayurvedic preparations are treated as unapproved drugs when they carry therapeutic claims, and some carry heavy-metal (lead/mercury) import alerts. Clear per-brand with a label review.",21 U.S.C. 321(g) (drug definition); FDA Import Alert 66-41; DSHEA 21 U.S.C. 350b,1,Zandu Ultra Power Balm for Headache & Pain Relief +  Ayurvedic Pain Relief Patch Combo,PENDING,,,
"Cough, Cold & Flu|KW-COSMETIC-072","Cough, Cold & Flu",KW-COSMETIC-072,US_IMPORT,Cosmetics require MoCRA facility registration and product listing; kajal/surma carry a lead import alert and hair colour carries PPD restrictions.,MoCRA 2022 (21 U.S.C. 364); FDA Import Alert 53-19 (kohl/kajal lead),1,Jungle Formula Anti Lice Treatment Shampoo,PENDING,,,
Eye & Ear Care|KW-AYURVEDA-041,Eye & Ear Care,KW-AYURVEDA-041,US_IMPORT,"Ayurvedic preparations are treated as unapproved drugs when they carry therapeutic claims, and some carry heavy-metal (lead/mercury) import alerts. Clear per-brand with a label review.",21 U.S.C. 321(g) (drug definition); FDA Import Alert 66-41; DSHEA 21 U.S.C. 350b,1,Ayuvya Advanced Ayurvedic Eye Drops,PENDING,,,
Hangover Cure|CATEGORY:Health & Pharma,Hangover Cure,CATEGORY:Health & Pharma,US_IMPORT,Pharma category requires per-SKU FDA assessment.,21 U.S.C. 355,1,Himalaya PartySmart Hangover Solution (Pack),PENDING,,,
Health & Wellness E-Cards|KW-COSMETIC-072,Health & Wellness E-Cards,KW-COSMETIC-072,US_IMPORT,Cosmetics require MoCRA facility registration and product listing; kajal/surma carry a lead import alert and hair colour carries PPD restrictions.,MoCRA 2022 (21 U.S.C. 364); FDA Import Alert 53-19 (kohl/kajal lead),1,Smile Foundation Instant Voucher,PENDING,,,
Oral Care|KW-COSMETIC-072,Oral Care,KW-COSMETIC-072,US_IMPORT,Cosmetics require MoCRA facility registration and product listing; kajal/surma carry a lead import alert and hair colour carries PPD restrictions.,MoCRA 2022 (21 U.S.C. 364); FDA Import Alert 53-19 (kohl/kajal lead),1,Perfora Purple Magic Teeth Whitening Serum,PENDING,,,
Vitamins & Supplements|KW-COSMETIC-072,Vitamins & Supplements,KW-COSMETIC-072,US_IMPORT,Cosmetics require MoCRA facility registration and product listing; kajal/surma carry a lead import alert and hair colour carries PPD restrictions.,MoCRA 2022 (21 U.S.C. 364); FDA Import Alert 53-19 (kohl/kajal lead),1,Hoop Magnesium Sleep Body Lotion,PENDING,,,
Vitamins & Supplements|KW-HONEY-090,Vitamins & Supplements,KW-HONEY-090,DUTY,Raw honey from India is covered by a US antidumping duty order with punitive per-exporter rates. Landed cost can exceed the retail price.,US DOC Antidumping Order A-533-903 (Raw Honey from India),1,Wellbeing Nutrition Melatonin Melting Oral Strips (Honey Lemon),PENDING,,,
Enhancers|KW-DEVICE-074,Enhancers,KW-DEVICE-074,US_IMPORT,"These are FDA-regulated medical devices requiring establishment registration, device listing and often 510(k) clearance.",21 CFR 807 (Establishment Registration); 21 CFR 884.5300 (condoms),1,My Soul Adult Store Prolong X Delay Lubricant Gel for Men,PENDING,,,
Massagers|KW-COSMETIC-072,Massagers,KW-COSMETIC-072,US_IMPORT,Cosmetics require MoCRA facility registration and product listing; kajal/surma carry a lead import alert and hair colour carries PPD restrictions.,MoCRA 2022 (21 U.S.C. 364); FDA Import Alert 53-19 (kohl/kajal lead),1,Leezu's Lipstick Personal Massager,PENDING,,,
Acne & Blackhead Fixers|KW-OTCDRUG-071,Acne & Blackhead Fixers,KW-OTCDRUG-071,US_IMPORT,"These are OTC drugs in the US (fluoride, antiperspirant actives, antifungals, topical analgesics), requiring monograph compliance and a Drug Facts panel.",21 CFR 355/350/333 (OTC monographs); 21 CFR 201.66 (Drug Facts),1,California Skin+ Triple Action Scar Clear Acne Cream,PENDING,,,
Acne & Blackhead Fixers|KW-SUPPLEMENT-042,Acne & Blackhead Fixers,KW-SUPPLEMENT-042,US_IMPORT,"Dietary supplements need FDA facility registration, DSHEA-compliant labelling and a Supplement Facts panel. Indian labels rarely comply as-is.",DSHEA 21 U.S.C. 350b; 21 CFR 101.36 (Supplement Facts),1,Dr.Rashel Vitamin C Nose Pore Strips and Wet Wipes,PENDING,,,
Body Lotions & Oils|KW-SUPPLEMENT-042,Body Lotions & Oils,KW-SUPPLEMENT-042,US_IMPORT,"Dietary supplements need FDA facility registration, DSHEA-compliant labelling and a Supplement Facts panel. Indian labels rarely comply as-is.",DSHEA 21 U.S.C. 350b; 21 CFR 101.36 (Supplement Facts),1,Coco Crush Vitamin C Body & Face Oil,PENDING,,,
Body Lotions & Oils|KW-HONEY-090,Body Lotions & Oils,KW-HONEY-090,DUTY,Raw honey from India is covered by a US antidumping duty order with punitive per-exporter rates. Landed cost can exceed the retail price.,US DOC Antidumping Order A-533-903 (Raw Honey from India),1,VLCC Almond Honey Deep Nourishing Skin Brightening Body Lotion - Pack of 2,PENDING,,,
Face Cleaning|KW-CHOCOLATE-062,Face Cleaning,KW-CHOCOLATE-062,TEMPERATURE,"Chocolate melts above ~30C. Listable with a seasonal hold (block May-September) and insulated packing, not year-round.",Operational constraint; commodity melting point,1,Everyuth Naturals Chocolate and Cherry Tan Removal Face & Body Scrub,PENDING,,,
Face Masks & Packs|KW-PERFUME-052,Face Masks & Packs,KW-PERFUME-052,HAZMAT,Alcohol-based fragrance is a limited-quantity dangerous good. Shippable only in small volumes with DG paperwork and a carrier that accepts LQ.,"IATA DGR UN1266 (perfumery products), Limited Quantity provisions",1,Attar Ayurveda Mulethi Powder,PENDING,,,
Face Masks & Packs|KW-CHOCOLATE-062,Face Masks & Packs,KW-CHOCOLATE-062,TEMPERATURE,"Chocolate melts above ~30C. Listable with a seasonal hold (block May-September) and insulated packing, not year-round.",Operational constraint; commodity melting point,1,Everyuth Naturals Tan Removal Face & Body Pack Face Pack (Chocolate and Cherry),PENDING,,,
Face Masks & Packs|KW-HONEY-090,Face Masks & Packs,KW-HONEY-090,DUTY,Raw honey from India is covered by a US antidumping duty order with punitive per-exporter rates. Landed cost can exceed the retail price.,US DOC Antidumping Order A-533-903 (Raw Honey from India),1,The Face Shop Real Nature Honey Face Mask,PENDING,,,
"Face Oil, Serum & Essence|KW-AYURVEDA-041","Face Oil, Serum & Essence",KW-AYURVEDA-041,US_IMPORT,"Ayurvedic preparations are treated as unapproved drugs when they carry therapeutic claims, and some carry heavy-metal (lead/mercury) import alerts. Clear per-brand with a label review.",21 U.S.C. 321(g) (drug definition); FDA Import Alert 66-41; DSHEA 21 U.S.C. 350b,1,MAHARISHI ayurveda Kumkumadi Taila Ayurvedic Face Oil,PENDING,,,
Lip & Eye Care|KW-CHOCOLATE-062,Lip & Eye Care,KW-CHOCOLATE-062,TEMPERATURE,"Chocolate melts above ~30C. Listable with a seasonal hold (block May-September) and insulated packing, not year-round.",Operational constraint; commodity melting point,1,Typsy Beauty Pout Polish Treatment Tinted Lip Balm (Chocolate Fondant),PENDING,,,
Toners & Mists|KW-SUPPLEMENT-042,Toners & Mists,KW-SUPPLEMENT-042,US_IMPORT,"Dietary supplements need FDA facility registration, DSHEA-compliant labelling and a Supplement Facts panel. Indian labels rarely comply as-is.",DSHEA 21 U.S.C. 350b; 21 CFR 101.36 (Supplement Facts),1,Sanfe FibraLift Collagen Threads With Booster Face Mist,PENDING,,,
Toners & Mists|KW-SUNSCREEN-070,Toners & Mists,KW-SUNSCREEN-070,US_IMPORT,Sunscreen is an OTC drug in the US. Indian formulations frequently use filters not permitted under the US monograph and labelling will not comply.,21 CFR 352 (Sunscreen Monograph); FD&C Act OTC drug requirements,1,"Terrai Hydra Glow Face Mist with Hyaluronic, Collagen & Rose Water (SPF 30+ PA+++)",PENDING,,,
Women's Grooming|KW-COSMETIC-072,Women's Grooming,KW-COSMETIC-072,US_IMPORT,Cosmetics require MoCRA facility registration and product listing; kajal/surma carry a lead import alert and hair colour carries PPD restrictions.,MoCRA 2022 (21 U.S.C. 364); FDA Import Alert 53-19 (kohl/kajal lead),1,Veet Aloe Vera Sensitive Skin Hair Removal Cream,PENDING,,,
Cookies|KW-SUPPLEMENT-042,Cookies,KW-SUPPLEMENT-042,US_IMPORT,"Dietary supplements need FDA facility registration, DSHEA-compliant labelling and a Supplement Facts panel. Indian labels rarely comply as-is.",DSHEA 21 U.S.C. 350b; 21 CFR 101.36 (Supplement Facts),1,WE (Win Everyday) 10 g High Whey Protein Cookies (Cocoa Cranberry),PENDING,,,
Healthy & Digestive|KW-GHEE-012,Healthy & Digestive,KW-GHEE-012,US_IMPORT,"Shelf-stable milk fat is generally admissible but is still a dairy product requiring APHIS clearance and FDA prior notice. Clear per-brand, then list.",9 CFR 94.16; FDA Prior Notice 21 CFR 1.280,1,The Chakki Co. Cow Ghee Khapli Atta Jaggery Biscuit,PENDING,,,
Healthy & Digestive|KW-SUPPLEMENT-042,Healthy & Digestive,KW-SUPPLEMENT-042,US_IMPORT,"Dietary supplements need FDA facility registration, DSHEA-compliant labelling and a Supplement Facts panel. Indian labels rarely comply as-is.",DSHEA 21 U.S.C. 350b; 21 CFR 101.36 (Supplement Facts),1,Threptin Diskettes Whey Protein (Chocolate),PENDING,,,
Dry Fruits|KW-GHEE-012,Dry Fruits,KW-GHEE-012,US_IMPORT,"Shelf-stable milk fat is generally admissible but is still a dairy product requiring APHIS clearance and FDA prior notice. Clear per-brand, then list.",9 CFR 94.16; FDA Prior Notice 21 CFR 1.280,1,Khowal's kitchen Desi Ghee Roasted Makhana Chana Peanuts Mix,PENDING,,,
Cookware & Sets|KW-VOLTAGE-082,Cookware & Sets,KW-VOLTAGE-082,FUNCTIONAL,"Indian mains appliances are 220-240V/50Hz. US mains is 120V/60Hz, so these do not work without a transformer and are a refund/complaint magnet even though they are legal to import.",Operational constraint; FCC Part 15 also applies to electronics,1,HAZEL Hard Anodized Non Stick Sandwich Toaster (Stainless Steel),PENDING,,,
Dining & Serveware|KW-TOY-080,Dining & Serveware,KW-TOY-080,US_IMPORT,"Children's products need CPSIA third-party testing, a Children's Product Certificate and tracking labels; lead and phthalate limits apply.",CPSIA 15 U.S.C. 2063; 16 CFR 1303 (lead paint); ASTM F963,1,House of Quirk Plastic 3D Turtle Coasters & Interactive Toy (Pink & White),PENDING,,,
Dining & Serveware|KW-FCC-083,Dining & Serveware,KW-FCC-083,US_IMPORT,Radio-frequency devices require an FCC equipment authorization and Form 740 declaration at entry.,47 CFR Part 15/2.1033; FCC Form 740,1,House of Quirk Plastic Panda Coaster and Mobile Stand (Black/White),PENDING,,,
Lunch Boxes|KW-VOLTAGE-082,Lunch Boxes,KW-VOLTAGE-082,FUNCTIONAL,"Indian mains appliances are 220-240V/50Hz. US mains is 120V/60Hz, so these do not work without a transformer and are a refund/complaint magnet even though they are legal to import.",Operational constraint; FCC Part 15 also applies to electronics,1,"HomeEssentials Polypropylene, Stainless Steel Microwave-Safe, Insulated Lunch Box",PENDING,,,
Mugs & Glasses|KW-VOLTAGE-082,Mugs & Glasses,KW-VOLTAGE-082,FUNCTIONAL,"Indian mains appliances are 220-240V/50Hz. US mains is 120V/60Hz, so these do not work without a transformer and are a refund/complaint magnet even though they are legal to import.",Operational constraint; FCC Part 15 also applies to electronics,1,Borosil Drinking Glass (Microwave Safe) (Borosilicate Glass),PENDING,,,
"Salt, Sugar & Jaggery|KW-CHOCOLATE-062","Salt, Sugar & Jaggery",KW-CHOCOLATE-062,TEMPERATURE,"Chocolate melts above ~30C. Listable with a seasonal hold (block May-September) and insulated packing, not year-round.",Operational constraint; commodity melting point,1,Natures Choice Jaggery Desi Til Chocolate Jaggery Cubes,PENDING,,,
"Salt, Sugar & Jaggery|KW-HONEY-090","Salt, Sugar & Jaggery",KW-HONEY-090,DUTY,Raw honey from India is covered by a US antidumping duty order with punitive per-exporter rates. Landed cost can exceed the retail price.,US DOC Antidumping Order A-533-903 (Raw Honey from India),1,The Honey Co. Jaggery Cubes (Gur/Gud),PENDING,,,
Whole Spices|KW-PERFUME-052,Whole Spices,KW-PERFUME-052,HAZMAT,Alcohol-based fragrance is a limited-quantity dangerous good. Shippable only in small volumes with DG paperwork and a carrier that accepts LQ.,"IATA DGR UN1266 (perfumery products), Limited Quantity provisions",1,Attar Ayurveda Gond Katira,PENDING,,,
Batteries|KW-BATTERY-055,Batteries,KW-BATTERY-055,HAZMAT,"Lithium cells are UN3480/UN3481 dangerous goods with state-of-charge, watt-hour and packaging rules. Shippable only when installed in equipment and within Wh limits.",IATA DGR Packing Instruction 965-970; 49 CFR 173.185,1,Eveready CR2032 Eveready Ultima Lithium Coin Battery (3V),PENDING,,,
Decorative Lights|KW-BATTERY-055,Decorative Lights,KW-BATTERY-055,HAZMAT,"Lithium cells are UN3480/UN3481 dangerous goods with state-of-charge, watt-hour and packaging rules. Shippable only when installed in equipment and within Wh limits.",IATA DGR Packing Instruction 965-970; 49 CFR 173.185,1,Wipro Emerald Rechargeable Li-ion Battery 5 W Torch (White),PENDING,,,
Earphones & Headsets|KW-FRAGILE-084,Earphones & Headsets,KW-FRAGILE-084,FRAGILITY,High breakage rate in international parcel handling. Listable only with reinforced packing and a higher damage allowance in unit economics.,Operational constraint,1,Realme T310 TWS Earbuds (Ceramic White),PENDING,,,
Extension Cables & Accessories|KW-FRAGILE-084,Extension Cables & Accessories,KW-FRAGILE-084,FRAGILITY,High breakage rate in international parcel handling. Listable only with reinforced packing and a higher damage allowance in unit economics.,Operational constraint,1,Goldmedal Ecco Bulb Holder,PENDING,,,
Home Appliances|KW-CHOCOLATE-062,Home Appliances,KW-CHOCOLATE-062,TEMPERATURE,"Chocolate melts above ~30C. Listable with a seasonal hold (block May-September) and insulated packing, not year-round.",Operational constraint; commodity melting point,1,Havells Ventil Air DSP Exhaust Fan (Choco Brown),PENDING,,,
Mobile & Computer|KW-TOY-080,Mobile & Computer,KW-TOY-080,US_IMPORT,"Children's products need CPSIA third-party testing, a Children's Product Certificate and tracking labels; lead and phthalate limits apply.",CPSIA 15 U.S.C. 2063; 16 CFR 1303 (lead paint); ASTM F963,1,Begin Bird Nugglets Mocha Teddy Bear Phone Charm,PENDING,,,
Mobile & Computer|KW-CHOCOLATE-062,Mobile & Computer,KW-CHOCOLATE-062,TEMPERATURE,"Chocolate melts above ~30C. Listable with a seasonal hold (block May-September) and insulated packing, not year-round.",Operational constraint; commodity melting point,1,Striff Leather Finish Desk Mat (Chocolate Brown),PENDING,,,
Bathroom Essentials|KW-FRAGILE-084,Bathroom Essentials,KW-FRAGILE-084,FRAGILITY,High breakage rate in international parcel handling. Listable only with reinforced packing and a higher damage allowance in unit economics.,Operational constraint,1,"HomeEssentials Soap Dispenser (Ceramic, Black & Brown)",PENDING,,,
Bedsheets & Towels|KW-CHOCOLATE-062,Bedsheets & Towels,KW-CHOCOLATE-062,TEMPERATURE,"Chocolate melts above ~30C. Listable with a seasonal hold (block May-September) and insulated packing, not year-round.",Operational constraint; commodity melting point,1,"Bianca Platinum Cotton Double Bedsheet (Sand, Choco)",PENDING,,,
Bedsheets & Towels|KW-FRAGILE-084,Bedsheets & Towels,KW-FRAGILE-084,FRAGILITY,High breakage rate in international parcel handling. Listable only with reinforced packing and a higher damage allowance in unit economics.,Operational constraint,1,Haus & Kinder Reversible Double Bed Comforter (Peach & Terracotta),PENDING,,,
Bedsheets & Towels|KW-TOY-080,Bedsheets & Towels,KW-TOY-080,US_IMPORT,"Children's products need CPSIA third-party testing, a Children's Product Certificate and tracking labels; lead and phthalate limits apply.",CPSIA 15 U.S.C. 2063; 16 CFR 1303 (lead paint); ASTM F963,1,Klotthe Teddy Themed Cotton Fitted Bedsheet (Blue),PENDING,,,
Decorative Lights|KW-TOY-080,Decorative Lights,KW-TOY-080,US_IMPORT,"Children's products need CPSIA third-party testing, a Children's Product Certificate and tracking labels; lead and phthalate limits apply.",CPSIA 15 U.S.C. 2063; 16 CFR 1303 (lead paint); ASTM F963,1,LED Teddy Bear with Heart Holographic Decorative Lamp - DesiDiya,PENDING,,,
Decorative Lights|KW-JEWELLERY-081,Decorative Lights,KW-JEWELLERY-081,US_IMPORT,"Imitation jewellery faces CPSC lead and cadmium limits, and precious-metal items attract higher duty plus FTC marking rules.",16 CFR 1500.91 (lead in children's jewelry); FTC Jewelry Guides 16 CFR 23,1,Pendant Lampshade Bamboo 8 W Decorative Lamp (Brown) - Habere India,PENDING,,,
Home Decor|KW-PERFUME-052,Home Decor,KW-PERFUME-052,HAZMAT,Alcohol-based fragrance is a limited-quantity dangerous good. Shippable only in small volumes with DG paperwork and a carrier that accepts LQ.,"IATA DGR UN1266 (perfumery products), Limited Quantity provisions",1,Airwick Essential Automatic Fragrance Mist Diffuser Refill (Lavender),PENDING,,,
Home Decor|KW-HONEY-090,Home Decor,KW-HONEY-090,DUTY,Raw honey from India is covered by a US antidumping duty order with punitive per-exporter rates. Landed cost can exceed the retail price.,US DOC Antidumping Order A-533-903 (Raw Honey from India),1,Shot Jar Scented Jar Candle (Honey Lemon & Sage) by Ekam,PENDING,,,
Home Needs|KW-DEVICE-074,Home Needs,KW-DEVICE-074,US_IMPORT,"These are FDA-regulated medical devices requiring establishment registration, device listing and often 510(k) clearance.",21 CFR 807 (Establishment Registration); 21 CFR 884.5300 (condoms),1,Milton Plastic First Aid Medical Box (White),PENDING,,,
Jewellery|KW-PERFUME-052,Jewellery,KW-PERFUME-052,HAZMAT,Alcohol-based fragrance is a limited-quantity dangerous good. Shippable only in small volumes with DG paperwork and a carrier that accepts LQ.,"IATA DGR UN1266 (perfumery products), Limited Quantity provisions",1,Carlton London Jewellery + Perfume Gift Box for Women (Blush),PENDING,,,
Lifestyle Accessories|KW-SUNSCREEN-070,Lifestyle Accessories,KW-SUNSCREEN-070,US_IMPORT,Sunscreen is an OTC drug in the US. Indian formulations frequently use filters not permitted under the US monograph and labelling will not comply.,21 CFR 352 (Sunscreen Monograph); FD&C Act OTC drug requirements,1,Blue Tyga Sunscreen Jacket (Navy),PENDING,,,
Lifestyle Accessories|KW-CHOCOLATE-062,Lifestyle Accessories,KW-CHOCOLATE-062,TEMPERATURE,"Chocolate melts above ~30C. Listable with a seasonal hold (block May-September) and insulated packing, not year-round.",Operational constraint; commodity melting point,1,Storite RFID Blocking PU Leather Passport Cover (Choco Brown),PENDING,,,
Party & Festive Needs|KW-FRESHSWEET-064,Party & Festive Needs,KW-FRESHSWEET-064,PERISHABLE,Indian sweets are usually milk-based with a 3-7 day shelf life. Only retort-packed or wholly non-dairy variants with 90+ day shelf life are listable.,Operational constraint; APHIS dairy restrictions where milk-based,1,Laddu Gopal Idol & Evil Eye Rakhi Gift Pack by Artstreet,PENDING,,,
Party & Festive Needs|KW-GHEE-012,Party & Festive Needs,KW-GHEE-012,US_IMPORT,"Shelf-stable milk fat is generally admissible but is still a dairy product requiring APHIS clearance and FDA prior notice. Clear per-brand, then list.",9 CFR 94.16; FDA Prior Notice 21 CFR 1.280,1,Sacred Puja Diya with Ghee by Shubhkart,PENDING,,,
Party & Festive Needs|KW-PERFUME-052,Party & Festive Needs,KW-PERFUME-052,HAZMAT,Alcohol-based fragrance is a limited-quantity dangerous good. Shippable only in small volumes with DG paperwork and a carrier that accepts LQ.,"IATA DGR UN1266 (perfumery products), Limited Quantity provisions",1,The Gentleman Perfume Rakhi Gift Pack by Tyohaar,PENDING,,,
Arts & Crafts|PK-UNKNOWN-002,Arts & Crafts,PK-UNKNOWN-002,DUTY,"Pack size could not be parsed, so shipping weight cannot be computed. Quoting this SKU risks under-charging freight.",Operational constraint,1,Crayon Coloring Activity Book,PENDING,,,
Books & Magazines|KW-PERFUME-052,Books & Magazines,KW-PERFUME-052,HAZMAT,Alcohol-based fragrance is a limited-quantity dangerous good. Shippable only in small volumes with DG paperwork and a carrier that accepts LQ.,"IATA DGR UN1266 (perfumery products), Limited Quantity provisions",1,Chacha Chaudhary and Magical Perfume (English),PENDING,,,
Books & Magazines|KW-FRAGILE-084,Books & Magazines,KW-FRAGILE-084,FRAGILITY,High breakage rate in international parcel handling. Listable only with reinforced packing and a higher damage allowance in unit economics.,Operational constraint,1,Charlie & the Great Glass Elevator,PENDING,,,
Books & Magazines|KW-CHOCOLATE-062,Books & Magazines,KW-CHOCOLATE-062,TEMPERATURE,"Chocolate melts above ~30C. Listable with a seasonal hold (block May-September) and insulated packing, not year-round.",Operational constraint; commodity melting point,1,Charlie and the Chocolate Factory,PENDING,,,
Files & Office Needs|KW-FRAGILE-084,Files & Office Needs,KW-FRAGILE-084,FRAGILITY,High breakage rate in international parcel handling. Listable only with reinforced packing and a higher damage allowance in unit economics.,Operational constraint,1,Adtala 3 LED Light 3X & 45x Magnifying Glass (Black),PENDING,,,
Gift Wraps & Bags|KW-CHOCOLATE-062,Gift Wraps & Bags,KW-CHOCOLATE-062,TEMPERATURE,"Chocolate melts above ~30C. Listable with a seasonal hold (block May-September) and insulated packing, not year-round.",Operational constraint; commodity melting point,1,Aakriti Brown Kraft Extra Small Paper Gift Bag (Choco Brown),PENDING,,,
Pens & Pencils|KW-FRAGILE-084,Pens & Pencils,KW-FRAGILE-084,FRAGILITY,High breakage rate in international parcel handling. Listable only with reinforced packing and a higher damage allowance in unit economics.,Operational constraint,1,Flair Glass Gel Pen (Black),PENDING,,,
Sports & Gym|KW-TOY-080,Sports & Gym,KW-TOY-080,US_IMPORT,"Children's products need CPSIA third-party testing, a Children's Product Certificate and tracking labels; lead and phthalate limits apply.",CPSIA 15 U.S.C. 2063; 16 CFR 1303 (lead paint); ASTM F963,1,Fablue Magnetic Dart Plastic Board Game with 3 Darts (Black),PENDING,,,
Sports & Gym|KW-FCC-083,Sports & Gym,KW-FCC-083,US_IMPORT,Radio-frequency devices require an FCC equipment authorization and Form 740 declaration at entry.,47 CFR Part 15/2.1033; FCC Form 740,1,King Krab Mickey Mouse Kids Jump Rope,PENDING,,,
Sports & Gym|KW-FRAGILE-084,Sports & Gym,KW-FRAGILE-084,FRAGILITY,High breakage rate in international parcel handling. Listable only with reinforced packing and a higher damage allowance in unit economics.,Operational constraint,1,"Speedo Boys Houston Jammer Swim Shorts (Black, Arctic Glass)",PENDING,,,
Toys & Games|KW-FRAGILE-084,Toys & Games,KW-FRAGILE-084,FRAGILITY,High breakage rate in international parcel handling. Listable only with reinforced packing and a higher damage allowance in unit economics.,Operational constraint,1,Imagimake DIY Mirror Mosaic Craft Kit (Butterfly & Peacock),PENDING,,,
Bhujia & Mixtures|KW-FCC-083,Bhujia & Mixtures,KW-FCC-083,US_IMPORT,Radio-frequency devices require an FCC equipment authorization and Form 740 declaration at entry.,47 CFR Part 15/2.1033; FCC Form 740,1,Bikaji Mobile Chowpati Bhelpuri,PENDING,,,
Popcorn|KW-GHEE-012,Popcorn,KW-GHEE-012,US_IMPORT,"Shelf-stable milk fat is generally admissible but is still a dairy product requiring APHIS clearance and FDA prior notice. Clear per-brand, then list.",9 CFR 94.16; FDA Prior Notice 21 CFR 1.280,1,4700BC Jumbo Salted Popcorn (Made in Ghee),PENDING,,,
Concentrates & Syrups|KW-CHOCOLATE-062,Concentrates & Syrups,KW-CHOCOLATE-062,TEMPERATURE,"Chocolate melts above ~30C. Listable with a seasonal hold (block May-September) and insulated packing, not year-round.",Operational constraint; commodity melting point,1,Hershey's Chocolate Syrup,PENDING,,,
Soft Drinks|KW-AYURVEDA-041,Soft Drinks,KW-AYURVEDA-041,US_IMPORT,"Ayurvedic preparations are treated as unapproved drugs when they carry therapeutic claims, and some carry heavy-metal (lead/mercury) import alerts. Clear per-brand with a label review.",21 U.S.C. 321(g) (drug definition); FDA Import Alert 66-41; DSHEA 21 U.S.C. 350b,1,Denzuu Cola Soft Drink with Ashwagandha Extract,PENDING,,,
Soft Drinks|KW-CHOCOLATE-062,Soft Drinks,KW-CHOCOLATE-062,TEMPERATURE,"Chocolate melts above ~30C. Listable with a seasonal hold (block May-September) and insulated packing, not year-round.",Operational constraint; commodity melting point,1,Pepsi Dubai Chocolate Soft Drink,PENDING,,,
Zero Sugar Drinks|KW-SUPPLEMENT-042,Zero Sugar Drinks,KW-SUPPLEMENT-042,US_IMPORT,"Dietary supplements need FDA facility registration, DSHEA-compliant labelling and a Supplement Facts panel. Indian labels rarely comply as-is.",DSHEA 21 U.S.C. 350b; 21 CFR 101.36 (Supplement Facts),1,Cnergy Creatine Energy Drink,PENDING,,,
Dessert & Cake Mixes|KW-GHEE-012,Dessert & Cake Mixes,KW-GHEE-012,US_IMPORT,"Shelf-stable milk fat is generally admissible but is still a dairy product requiring APHIS clearance and FDA prior notice. Clear per-brand, then list.",9 CFR 94.16; FDA Prior Notice 21 CFR 1.280,1,Kanwarjis Confectioners Desi Ghee Gulab Jamun Tin,PENDING,,,
Ready to Eat|KW-CHOCOLATE-062,Ready to Eat,KW-CHOCOLATE-062,TEMPERATURE,"Chocolate melts above ~30C. Listable with a seasonal hold (block May-September) and insulated packing, not year-round.",Operational constraint; commodity melting point,1,Dr. Oetker Kuppies Chocolate Waffle,PENDING,,,
Ready to Eat|KW-FRESHSWEET-064,Ready to Eat,KW-FRESHSWEET-064,PERISHABLE,Indian sweets are usually milk-based with a 3-7 day shelf life. Only retort-packed or wholly non-dairy variants with 90+ day shelf life are listable.,Operational constraint; APHIS dairy restrictions where milk-based,1,Kitchential Moong Halwa With Jaggery,PENDING,,,
Ready to Eat|KW-GHEE-012,Ready to Eat,KW-GHEE-012,US_IMPORT,"Shelf-stable milk fat is generally admissible but is still a dairy product requiring APHIS clearance and FDA prior notice. Clear per-brand, then list.",9 CFR 94.16; FDA Prior Notice 21 CFR 1.280,1,MOM Ghee Rava Upma With Bhujia,PENDING,,,
Ashtrays|DEFAULT-REVIEW,Ashtrays,DEFAULT-REVIEW,,No rule matched this SKU. Unknown items are held for review rather than listed.,Policy: conservative default,1,Metal Ashtray Nostrae By Ekhasa,PENDING,,,
Mouth Fresheners & Gums|KW-FRAGILE-084,Mouth Fresheners & Gums,KW-FRAGILE-084,FRAGILITY,High breakage rate in international parcel handling. Listable only with reinforced packing and a higher damage allowance in unit economics.,Operational constraint,1,Earthen Story Gulkand,PENDING,,,
Mouth Fresheners & Gums|KW-TOY-080,Mouth Fresheners & Gums,KW-TOY-080,US_IMPORT,"Children's products need CPSIA third-party testing, a Children's Product Certificate and tracking labels; lead and phthalate limits apply.",CPSIA 15 U.S.C. 2063; 16 CFR 1303 (lead paint); ASTM F963,1,GO DESi Real Aam & Strawberry Lollipop Candy with Free Toy,PENDING,,,
Smoking Cessation|DEFAULT-REVIEW,Smoking Cessation,DEFAULT-REVIEW,,No rule matched this SKU. Unknown items are held for review rather than listed.,Policy: conservative default,1,Cigibud Nanoclean Anti Smoking Filter,PENDING,,,
Dips & Salad Dressings|KW-CHOCOLATE-062,Dips & Salad Dressings,KW-CHOCOLATE-062,TEMPERATURE,"Chocolate melts above ~30C. Listable with a seasonal hold (block May-September) and insulated packing, not year-round.",Operational constraint; commodity melting point,1,Wingreens Farms Truffle Cheese Dip,PENDING,,,
Peanut Butter|KW-HONEY-090,Peanut Butter,KW-HONEY-090,DUTY,Raw honey from India is covered by a US antidumping duty order with punitive per-exporter rates. Landed cost can exceed the retail price.,US DOC Antidumping Order A-533-903 (Raw Honey from India),1,Sundrop Crunchy Peanut Butter with Honey,PENDING,,,
Energy Bars|KW-FRESHSWEET-064,Energy Bars,KW-FRESHSWEET-064,PERISHABLE,Indian sweets are usually milk-based with a 3-7 day shelf life. Only retort-packed or wholly non-dairy variants with 90+ day shelf life are listable.,Operational constraint; APHIS dairy restrictions where milk-based,1,Dates Dry Fruit Barfi by GO DESI,PENDING,,,
Energy Bars|KW-GHEE-012,Energy Bars,KW-GHEE-012,US_IMPORT,"Shelf-stable milk fat is generally admissible but is still a dairy product requiring APHIS clearance and FDA prior notice. Clear per-brand, then list.",9 CFR 94.16; FDA Prior Notice 21 CFR 1.280,1,RiteBite Max Protein Roots Ghee Jaggery Energy Bar - Pack of 2,PENDING,,,
Indian Sweets|KW-HONEY-090,Indian Sweets,KW-HONEY-090,DUTY,Raw honey from India is covered by a US antidumping duty order with punitive per-exporter rates. Landed cost can exceed the retail price.,US DOC Antidumping Order A-533-903 (Raw Honey from India),1,Turkish Baklava Made With Honey by Cookie Craft,PENDING,,,
Bags & Premixes|DEFAULT-REVIEW,Bags & Premixes,DEFAULT-REVIEW,,No rule matched this SKU. Unknown items are held for review rather than listed.,Policy: conservative default,1,Blue Tokai Easy Pour Vienna Dark Roast Coffee Bags (Bold & Strong),PENDING,,,
Cold Coffee & Ice Tea|KW-HONEY-090,Cold Coffee & Ice Tea,KW-HONEY-090,DUTY,Raw honey from India is covered by a US antidumping duty order with punitive per-exporter rates. Landed cost can exceed the retail price.,US DOC Antidumping Order A-533-903 (Raw Honey from India),1,Odd Fellows Fig & Honey Kombucha,PENDING,,,
Green Tea|KW-AYURVEDA-041,Green Tea,KW-AYURVEDA-041,US_IMPORT,"Ayurvedic preparations are treated as unapproved drugs when they carry therapeutic claims, and some carry heavy-metal (lead/mercury) import alerts. Clear per-brand with a label review.",21 U.S.C. 321(g) (drug definition); FDA Import Alert 66-41; DSHEA 21 U.S.C. 350b,1,CARE Ashwagandha Spiced Green Tea,PENDING,,,
