brand,n_products,n_in_stock,median_price,min_price,max_price
Amul,198,85,99.5,10.0,700.0
Whole Farm,189,123,70.0,15.0,526.0
Voylla,188,14,359.0,139.0,1699.0
Tekcool,178,102,349.0,165.0,1999.0
Freshbury,176,89,68.0,14.0,296.0
Designs & You,174,22,329.0,199.0,2459.0
Edel,155,98,219.0,59.0,619.0
FunBlast,154,58,299.0,139.0,1999.0
Haldiram's,140,72,80.0,20.0,682.0
MARS Cosmetics,137,105,196.0,59.0,1305.0
Penguin Publishers,134,7,299.0,79.0,1199.0
GUBB,131,63,179.0,62.0,999.0
Satyam Kraft,130,20,299.0,99.0,1200.0
Vembley,127,41,379.0,199.0,2499.0
GIVA,111,14,1869.0,509.0,8399.0
Lifelong,110,15,536.5,59.0,4999.0
HomeEssentials,101,43,689.0,269.0,2999.0
Tata Sampann,101,61,99.0,32.0,903.0
Habere India,100,11,599.0,149.0,5599.0
Jewels Galaxy,99,8,329.0,199.0,1499.0
Salty,96,4,599.0,229.0,1419.0
Swiss Beauty,95,59,261.0,65.0,808.0
boAt,95,14,1599.0,122.0,14990.0
Boldfit,91,13,399.0,99.0,1999.0
DailyObjects,91,16,1499.0,213.0,7499.0
Carlton London,90,22,799.0,379.0,5490.0
Faces Canada,89,73,189.0,89.0,849.0
YouBella,89,11,349.0,139.0,3399.0
RENEE,85,53,400.0,89.0,1500.0
Slainte,81,54,399.0,179.0,1999.0
Catch,80,56,75.0,15.0,262.0
Tied Ribbons,79,4,399.0,199.0,3749.0
Sohum,78,28,109.0,19.0,549.0
Gleva,77,14,209.0,139.0,749.0
Longway,77,9,1249.0,249.0,9781.0
ServDharm,77,31,89.0,31.0,1499.0
Slovic,77,25,349.0,180.0,2399.0
,74,39,42.0,13.0,300.0
Party Propz,74,11,149.0,43.0,999.0
Fablue,72,40,299.0,175.0,1195.0
Minimalist,72,52,584.0,199.0,1079.0
Jockey,70,8,499.0,159.0,1119.0
L'Oreal Paris,69,41,405.0,143.0,1838.0
Mother Dairy,69,28,38.0,10.0,645.0
Panash,69,6,789.0,249.0,3749.0
Let's Try,68,48,85.5,30.0,390.0
Portronics,68,9,481.5,99.0,8999.0
DesiDiya,67,17,409.0,161.0,4999.0
Palmonas,67,6,1259.0,669.0,3226.0
Shanya,66,40,199.0,99.0,999.0
Wonder House,66,3,151.0,49.0,1499.0
Zedak,66,25,299.0,189.0,845.0
Kidology,65,37,299.0,99.0,998.0
Vega,65,40,199.0,85.0,2699.0
Multibrite,64,21,199.0,139.0,399.0
Auradecor,62,12,279.0,59.0,3499.0
Lakme,61,41,262.0,105.0,1080.0
Noise,61,4,1799.0,999.0,7999.0
Yu,61,29,95.0,30.0,274.0
RiteBite,59,21,110.0,45.0,672.0
Shubh,59,0,69.0,29.0,199.0
Wazdorf,58,22,249.0,179.0,699.0
Farmley,57,26,169.0,29.0,1003.0
Flyngo,57,19,455.0,199.0,1499.0
Bianca,56,0,1099.0,179.0,3399.0
Happilo,56,22,301.0,37.0,1203.0
Miss Nails,56,45,235.0,99.0,1039.0
HashWOW,55,12,559.0,99.0,7999.0
Pepe Jeans Innerfashion,55,0,499.0,181.0,2299.0
Paper Boat,54,37,59.0,40.0,1259.0
The Baker's Dozen,54,29,89.0,33.0,214.0
Ekhasa,53,7,499.0,249.0,2999.0
Haus & Kinder,52,14,1099.0,249.0,2599.0
Nautica,52,8,1999.0,709.0,10999.0
ReeQ,52,11,479.0,199.0,1999.0
4700BC,51,21,54.0,27.0,776.0
Unigen,51,32,499.0,159.0,1999.0
Paperpep,50,16,99.0,69.0,260.0
Adidas,49,3,1239.0,179.0,7999.0
Dettol,49,26,152.0,34.0,387.0
Insight Cosmetics,49,37,165.0,59.0,380.0
Toyshine,49,17,279.0,69.0,2999.0
Unniyarcha,49,2,1499.0,499.0,4175.0
Himalaya,48,31,146.0,36.0,765.0
Phool,48,6,149.0,99.0,799.0
Rajdhani,48,37,95.5,37.0,188.0
Aksharveda,47,7,319.0,79.0,1600.0
Maple Press,47,7,125.0,89.0,739.0
Zulaxy,47,25,299.0,199.0,1199.0
Chandar,46,8,169.0,39.0,1149.0
Colgate,46,29,152.0,30.0,261.0
Orika,46,30,92.5,31.0,366.0
Too Yumm,46,24,49.0,24.0,110.0
24 Mantra Organic,45,17,220.0,37.0,803.0
GOBOULT,45,0,1499.0,299.0,9999.0
Mad Over Print,45,21,139.0,49.0,1299.0
Organic Tattva,45,33,102.0,37.0,1207.0
Am Safe-X,44,23,299.0,178.0,399.0
Kimirica,44,12,840.0,315.0,2961.0
Shree Rakhi,44,0,69.0,29.0,199.0
Storescent,44,27,299.0,149.0,999.0
Aurum,43,0,49.0,29.0,169.0
Dot & Key,43,21,374.0,199.0,1071.0
Epigamia,43,24,90.0,25.0,466.0
Fortune,43,32,181.0,38.0,1020.0
Home Sizzler,43,31,399.0,179.0,599.0
Bikano,42,26,115.5,26.0,441.0
Britannia,42,21,45.0,15.0,189.0
House of Quirk,42,6,799.0,199.0,2499.0
Raw Pressery,42,33,102.0,49.0,796.0
Shubhkart,42,18,72.0,12.0,539.0
Yellow Chimes,42,9,499.0,199.0,1662.0
Zavya,42,14,1774.0,689.0,5799.0
Cutting Edge,41,16,349.0,197.0,1333.0
La French,41,23,399.0,199.0,999.0
Patanjali,41,28,120.0,30.0,1075.0
trueBrowns,41,3,399.0,289.0,1199.0
Artstreet,40,10,249.0,149.0,1500.0
BeastLife,40,21,545.0,210.0,3999.0
Crax,40,26,34.0,20.0,95.0
Hammer,40,28,574.0,169.0,8999.0
Lakeer,40,29,255.0,199.0,389.0
Plum,40,15,459.0,90.0,1147.0
Dabur,39,19,168.0,48.0,427.0
Open Secret,39,15,99.0,27.0,1136.0
Prasuma,39,11,216.0,85.0,399.0
Teckle,39,3,299.0,199.0,1999.0
Bunsak,38,14,152.0,89.0,499.0
Fabindia,38,5,1199.0,199.0,1799.0
Fingerprint,38,3,157.0,79.0,899.0
IRIS,38,0,574.0,132.0,1949.0
Mirada,38,20,443.5,149.0,899.0
Aashirvaad,37,24,117.0,20.0,588.0
Enamor,37,0,749.0,272.0,1825.0
Evaa Enterprises,37,25,399.0,179.0,4299.0
Just Lil Things,37,0,299.0,129.0,509.0
Majestique,37,12,249.0,149.0,699.0
Nu Republic,37,6,799.0,94.0,6999.0
Sanfe,37,17,179.0,49.0,599.0
Whole Farm Grocery,37,23,133.0,20.0,537.0
Wonderchef,37,6,1200.0,149.0,5000.0
Ailkin,36,22,564.0,189.0,6299.0
CutTales,36,13,448.5,249.0,2999.0
Lavie,36,4,1149.0,460.0,4999.0
Maybelline New York,36,32,513.0,150.0,999.0
Sweet Karam Coffee,36,21,92.0,54.0,377.0
Yoga Bar,36,18,171.5,39.0,869.0
Zouk,36,3,1227.5,249.0,4283.0
Elle 18,35,24,62.0,62.0,345.0
FruBon,35,13,60.0,11.0,330.0
Go Zero,35,19,99.0,48.0,380.0
Tinums,35,14,229.0,139.0,493.0
Zeneme,35,8,369.0,199.0,1999.0
English Oven,34,17,50.0,20.0,175.0
MasterChow,34,12,133.5,38.0,293.0
Plix,34,9,542.5,60.0,1159.0
Satvik,34,1,199.0,49.0,749.0
Ugaoo,34,9,289.0,89.0,769.0
Ajmal,33,28,849.0,199.0,3999.0
Dove,33,21,324.0,62.0,618.0
Jimmy's,33,17,60.0,54.0,1151.0
Limestone,33,19,429.0,299.0,499.0
Mamaearth,33,14,299.0,92.0,677.0
Philips Lighting,33,3,349.0,69.0,1369.0
Shubhika,33,4,79.0,39.0,229.0
Wonderland Foods,33,15,299.0,39.0,971.0
Chheda's,32,13,55.0,29.0,189.0
Kidara,32,14,499.0,289.0,6999.0
McCain,32,15,160.5,88.0,347.0
New Dawn,32,16,259.0,105.0,700.0
One94Store,32,9,324.0,179.0,589.0
Shimmers,32,14,379.0,259.0,899.0
Slurrp Farm,32,12,177.0,34.0,299.0
The Whole Truth,32,23,254.5,79.0,5849.0
Underneat,32,5,1219.0,399.0,2299.0
Wingreens Farms,32,19,135.0,36.0,398.0
Avyaan Rakhi,31,0,99.0,49.0,259.0
Cpensus,31,21,499.0,249.0,1899.0
Fadman,31,14,289.0,229.0,799.0
Godrej Aer,31,9,99.0,63.0,529.0
Harpic,31,17,196.0,93.0,632.0
Mangat Ram,31,26,106.0,59.0,203.0
Nature Vit,31,5,199.0,150.0,799.0
Nilu's Collection,31,9,299.0,249.0,1500.0
O.P.I,31,23,523.0,484.0,1056.0
Parage,31,14,395.0,279.0,989.0
XYXX,31,4,499.0,180.0,999.0
Aakriti,30,15,245.0,125.0,349.0
Beauté Secrets,30,16,297.5,149.0,554.0
Blue Heaven,30,23,173.0,49.0,389.0
Cello,30,7,474.0,40.0,2139.0
Creative Space,30,16,79.5,30.0,399.0
Hindcraft,30,8,599.0,399.0,1999.0
Kellogg's,30,19,195.0,30.0,684.0
Mangaldeep,30,18,83.5,54.0,275.0
Meatzza,30,8,289.0,157.0,625.0
MuscleBlaze,30,13,713.5,119.0,3999.0
NEA,30,11,484.0,184.0,1499.0
Nubilous,30,15,249.0,199.0,499.0
Pansari,30,22,156.5,33.0,966.0
Pinwheel Publication,30,2,114.0,79.0,225.0
RUSH,30,24,199.0,149.0,579.0
Rousrie,30,13,399.0,229.0,1999.0
The Derma Co,30,18,321.0,149.0,877.0
Abhinn,29,0,459.0,99.0,2149.0
Bare Anatomy,29,7,697.0,213.0,1118.0
Cornitos,29,5,89.0,43.0,755.0
Cycle,29,19,112.0,10.0,999.0
Durex,29,17,340.0,99.0,4125.0
FIMS Fashion,29,14,495.0,249.0,1799.0
Fastrack Bags,29,1,1249.0,699.0,2995.0
ITC Master Chef,29,6,169.0,105.0,576.0
Scotch Brite,29,18,169.0,20.0,2499.0
Shalimar,29,18,299.0,94.0,799.0
Supersox,29,11,339.0,249.0,999.0
Travalate,29,17,464.0,172.0,1398.0
myTrident,29,8,649.0,229.0,3999.0
Act II,28,16,53.5,19.0,248.0
Ching's Secret,28,16,81.0,30.0,198.0
Clovia,28,8,442.5,299.0,1199.0
Elegant Weavers,28,2,536.0,139.0,1999.0
India Gate,28,19,226.0,50.0,1252.0
Just Party,28,9,274.0,149.0,599.0
Surf Excel,28,21,375.0,10.0,1385.0
WishCare,28,8,567.0,129.0,1999.0
7Stars,27,13,289.0,189.0,399.0
Borosil,27,1,599.0,279.0,1890.0
DiaCraft,27,1,199.0,69.0,1019.0
Drape My Home,27,5,599.0,399.0,1799.0
Dubstep,27,4,599.0,89.0,5999.0
Foxtale,27,10,291.0,146.0,937.0
French Essence,27,13,199.0,155.0,319.0
Hocco,27,8,100.0,50.0,342.0
Mothercare,27,0,799.0,255.0,2499.0
Värde,27,8,500.0,199.0,1500.0
Bikaji,26,10,108.5,34.0,301.0
Bold Care,26,19,272.5,99.0,1999.0
Coca-Cola,26,12,134.0,30.0,399.0
Country Delight,26,6,69.0,39.0,608.0
Everest,26,22,72.5,36.0,190.0
GO DESi,26,9,123.0,49.0,230.0
Harper Collins,26,2,280.0,109.0,769.0
Hemito,26,10,329.0,199.0,1299.0
I Jewels,26,2,674.0,229.0,2499.0
Nostrae By Ekhasa,26,8,499.0,299.0,1499.0
Nutraj,26,12,340.5,125.0,980.0
Ornalight,26,13,324.0,179.0,1999.0
Paradyes,26,1,581.0,198.0,1645.0
Sleepy Owl,26,17,140.0,99.0,631.0
SuperYou,26,20,58.0,37.0,2399.0
Unibic,26,10,93.5,25.0,366.0
Worldone,26,11,76.0,26.0,279.0
iD,26,6,73.5,49.0,232.0
Ambrane,25,7,399.0,149.0,2499.0
Beco,25,15,160.0,69.0,499.0
Bronson Professional,25,9,179.0,76.0,1000.0
Chumbak,25,9,599.0,299.0,1999.0
Delichic,25,8,253.0,109.0,615.0
Dream Living,25,1,699.0,149.0,3599.0
Get-A-Way,25,11,96.0,70.0,427.0
Hershey's,25,20,135.0,36.0,376.0
Homestrap,25,2,359.0,129.0,1999.0
Hp,25,2,863.0,379.0,61079.0
Lazer,25,15,329.0,149.0,1499.0
LuvLap,25,8,280.0,80.0,2399.0
Marvel,25,0,89.0,29.0,249.0
MomsHome,25,4,699.0,299.0,5999.0
Nua,25,18,206.0,79.0,380.0
Organic Box,25,22,289.0,149.0,699.0
Plum BodyLovin',25,8,509.0,270.0,989.0
Saffola,25,16,217.0,20.0,1302.0
Sounce,25,6,699.0,119.0,2299.0
True Elements,25,8,172.0,93.0,832.0
TrustBasket,25,3,326.0,101.0,1129.0
Vaseline,25,19,228.0,104.0,510.0
Voiish,25,10,189.0,99.0,399.0
Arrabi,24,6,499.0,399.0,2329.0
Cadbury Dairy Milk Silk,24,17,203.0,99.0,550.0
Caprese,24,0,1504.0,549.0,5999.0
Citizen,24,4,429.0,149.0,779.0
ExclusiveLane,24,4,1234.0,349.0,3249.0
FCUK,24,0,499.0,278.0,1199.0
Fruitri,24,17,359.0,229.0,1499.0
Gillette,24,9,379.5,71.0,3097.0
Gluman,24,6,314.0,199.0,549.0
Gourav,24,7,335.0,149.0,1385.0
Granotone,24,10,299.5,170.0,799.0
Havells,24,3,1254.0,249.0,6290.0
Havmor,24,4,80.0,31.0,315.0
MCaffeine,24,7,374.0,181.0,799.0
Nat Habit,24,11,264.0,138.0,645.0
Nayasa,24,6,244.0,79.0,569.0
Streax,24,9,179.5,46.0,496.0
Sugar Pop,24,20,178.0,90.0,680.0
Vidhyadevam,24,14,232.0,164.0,499.0
AMAYU,23,10,389.0,169.0,869.0
Bonjour,23,0,329.0,155.0,509.0
FauXL,23,0,499.0,185.0,999.0
Gala,23,17,195.0,34.0,1399.0
Harvest Gold,23,13,45.0,10.0,70.0
Hello Friend,23,2,300.0,149.0,749.0
Home Elegance by myTRIDENT,23,0,929.0,399.0,2899.0
Home Lane,23,13,244.0,139.0,1781.0
Lay's,23,1,39.0,20.0,197.0
Nutty Gritties,23,5,293.0,31.0,1009.0
Parachute Advansed,23,11,200.0,90.0,830.0
Picfest,23,7,109.0,49.0,303.0
Pilgrim,23,16,340.0,198.0,809.0
Real,23,10,110.0,76.0,352.0
Rooted,23,10,179.0,32.0,379.0
Saya,23,11,249.0,139.0,799.0
The Face Shop,23,19,285.0,75.0,1147.0
Zebronics,23,9,299.0,119.0,7999.0
Aatmana,22,5,359.0,179.0,4299.0
Baskin Robbins,22,11,92.5,55.0,454.0
Bersache,22,15,399.0,299.0,699.0
Chigy Wooh,22,18,1149.0,349.0,2499.0
Daawat,22,16,259.5,57.0,832.0
Dr. Oetker,22,13,95.0,39.0,195.0
Eat Better Co,22,18,88.0,57.0,399.0
Ezypac,22,8,113.0,49.0,289.0
HyFun,22,2,150.0,99.0,227.0
Hyphen,22,8,603.0,284.0,1353.0
KOPA,22,0,1499.0,147.0,2299.0
Kressa,22,18,172.0,120.0,519.0
Kwality Wall's,22,10,128.0,30.0,325.0
Levi's,22,4,460.5,253.0,3299.0
Maggi,22,17,67.5,20.0,175.0
Matra,22,12,179.0,99.0,549.0
Monster,22,13,294.0,125.0,299.0
Pampers,22,17,899.0,440.0,1910.0
Unify,22,13,392.0,279.0,699.0
Veeba,22,14,108.0,41.0,209.0
WonderStand,22,13,459.0,299.0,2499.0
Babique,21,7,209.0,99.0,429.0
Bartisans,21,16,299.0,255.0,595.0
Bingo,21,9,37.0,19.0,100.0
Coco Crush,21,12,299.0,188.0,599.0
Cream Bell,21,7,60.0,20.0,299.0
Devavo,21,16,249.0,225.0,295.0
Eveready,21,8,199.0,39.0,1190.0
Faber-Castell,21,10,110.0,28.0,308.0
Hair Drama Co.,21,8,349.0,210.0,599.0
Hilary Rhoda,21,15,199.0,119.0,303.0
Lal,21,11,149.0,59.0,319.0
Nivea,21,10,199.0,98.0,449.0
Queens Jewels,21,5,300.0,189.0,1280.0
RawFruit,21,8,749.0,299.0,1799.0
Revlon,21,13,237.0,200.0,427.0
Speedex,21,13,499.0,369.0,1199.0
Theobroma,21,8,198.0,57.0,695.0
Typsy Beauty,21,15,420.0,199.0,1349.0
URGO,21,9,99.0,69.0,489.0
Uniformer,21,6,699.0,299.0,2000.0
VGR,21,4,1499.0,699.0,3799.0
Warmfinity,21,12,260.0,199.0,599.0
averX,21,14,224.0,149.0,499.0
Amul Gold,20,11,82.5,20.0,270.0
Ariel,20,13,532.5,144.0,1449.0
Biotique,20,6,235.5,99.0,750.0
Bombay Shaving Company,20,13,454.0,99.0,2199.0
Cetaphil,20,8,740.5,99.0,1912.0
Del Monte,20,13,153.5,51.0,633.0
Derm Ease,20,15,174.0,110.0,299.0
Ecoright,20,0,879.0,379.0,3999.0
Eduway,20,9,194.0,142.0,599.0
Estailo,20,13,299.0,249.0,329.0
Fastrack,20,13,679.0,439.0,4495.0
Femora,20,5,319.5,148.0,1073.0
Hari Darshan,20,14,82.0,24.0,369.0
Jabsons,20,13,79.0,57.0,120.0
Kyari,20,4,149.0,67.0,499.0
L'Oréal Professionnel,20,9,1469.0,665.0,2589.0
MTR,20,13,93.5,51.0,157.0
Milky Mist,20,7,78.0,31.0,330.0
Mother's Recipe,20,8,65.0,27.0,190.0
"Organic India, A TATA Product -",20,10,236.0,77.0,655.0
SPS,20,15,299.0,194.0,599.0
Safari,20,0,1741.5,269.0,7140.0
Skinn by Titan,20,14,1174.0,599.0,2995.0
Snapin,20,9,100.0,49.0,292.0
StyFun,20,9,495.0,249.0,1299.0
Travel Blue,20,1,974.5,506.0,16000.0
Vadilal,20,9,60.0,48.0,333.0
Vesara,20,3,699.0,299.0,2299.0
Aravi,19,7,92.0,9.0,459.0
Bezente,19,7,199.0,149.0,349.0
Cerrito,19,7,199.0,199.0,249.0
Classmate,19,4,50.0,20.0,100.0
Corepac,19,7,79.0,49.0,168.0
Fabelle,19,15,592.0,125.0,1310.0
Fanta,19,15,209.0,40.0,240.0
Godrej Yummiez,19,6,169.0,117.0,280.0
Irida Naturals,19,9,475.0,269.0,899.0
KLOY,19,3,159.0,99.0,699.0
Larah by Borosil,19,0,329.0,179.0,1399.0
Louis Stitch,19,5,1499.0,299.0,1499.0
Majik,19,11,249.0,199.0,499.0
Orient Electric,19,4,289.0,51.0,7990.0
Park Avenue,19,12,402.0,75.0,899.0
Parkash Candles,19,2,239.0,49.0,2499.0
Quarant,19,12,299.0,239.0,599.0
Red Bull,19,11,169.0,125.0,690.0
Tattvalogy,19,7,230.0,165.0,470.0
Teal By Chumbak,19,2,1017.0,518.0,1923.0
The Health Factory,19,7,60.0,38.0,145.0
Ubon,19,13,599.0,179.0,1999.0
Valenium,19,7,779.0,349.0,2999.0
Vim,19,10,175.0,30.0,419.0
Wintex,19,5,99.0,39.0,309.0
Antson,18,5,229.0,169.0,499.0
AuraCam,18,11,195.0,195.0,880.0
Blue Tokai,18,7,414.5,139.0,698.0
Chase Protein,18,11,219.5,116.0,1499.0
Dobra,18,17,143.0,45.0,207.0
Gulab Sweets,18,6,115.5,45.0,263.0
Herb Essential,18,7,193.5,125.0,250.0
Lenskart Vincent Chase,18,4,880.0,475.0,1999.0
Milton,18,2,799.0,159.0,3999.0
Mr. Merchant,18,10,279.0,229.0,289.0
Nova Nova,18,15,104.0,60.0,244.0
Pepsi,18,12,169.0,40.0,259.0
Phab,18,9,98.0,49.0,1245.0
Philips Home,18,2,2447.0,749.0,9995.0
Pintola,18,13,275.0,130.0,717.0
Prestige,18,3,1399.0,279.0,2419.0
Sensodyne,18,9,156.5,65.0,389.0
Story@Home,18,5,1049.0,299.0,3999.0
The Select Aisle,18,14,91.5,30.0,244.0
Tresemme,18,15,245.5,170.0,548.0
Welspun,18,2,379.0,49.0,1499.0
Agaro,17,1,1099.0,99.0,2969.0
Amul Tru,17,7,257.0,50.0,285.0
Bella Vita,17,6,499.0,189.0,599.0
Bonn,17,7,48.0,32.0,60.0
Chemist At Play,17,7,399.0,213.0,1199.0
Chocozone,17,7,225.0,185.0,1599.0
Chukde,17,12,78.0,44.0,309.0
Crystal,17,7,79.0,51.0,227.0
D'lecta,17,11,135.0,69.0,380.0
Digismart,17,0,1599.0,429.0,8990.0
Dr Trust,17,3,649.0,167.0,5999.0
Ekam,17,4,271.0,88.0,749.0
Engage,17,11,327.0,169.0,657.0
FNP,17,1,339.0,69.0,749.0
Honest Home,17,8,175.0,55.0,319.0
Moi Soi,17,8,99.0,34.0,170.0
NIC,17,2,297.0,84.0,400.0
Nissin,17,13,60.0,58.0,273.0
Nongshim,17,13,131.0,80.0,535.0
Noor Skincare,17,15,225.0,165.0,475.0
Om Sweets,17,8,160.0,65.0,551.0
Parax,17,6,229.0,69.0,799.0
Pee Safe,17,11,171.0,89.0,277.0
Philips,17,7,1649.0,465.0,4495.0
Speedo,17,1,999.0,699.0,2999.0
The Body Shop,17,5,851.0,490.0,2597.0
Tyohaar,17,2,250.0,179.0,999.0
Wembley,17,8,229.0,99.0,899.0
Winkies,17,12,80.0,23.0,143.0
All Out,16,15,172.5,10.0,514.0
B Natural,16,13,82.5,57.0,221.0
Bath & Body Works,16,11,939.0,460.0,3749.0
Cadbury Dairy Milk,16,15,66.5,25.0,149.0
Carlington,16,8,1399.0,1099.0,4999.0
Damensch,16,2,537.5,329.0,1049.0
Decathlon Domyos,16,0,589.0,399.0,1999.0
Digitek,16,1,1149.0,299.0,8995.0
Emami Healthy & Tasty,16,6,81.5,37.0,186.0
FlowerAura,16,2,279.0,49.0,569.0
Flyloons,16,8,149.0,129.0,199.0
Fraganote,16,8,1199.0,1199.0,1199.0
Frozen Fun,16,7,190.0,99.0,210.0
Goldmedal,16,5,206.5,17.0,461.0
Guess,16,9,3639.0,1029.0,6149.0
Hind Yugm,16,2,214.0,159.0,839.0
Jovees Herbal,16,7,244.0,190.0,362.0
Kapiva,16,6,581.0,243.0,1399.0
Kissan,16,14,70.0,25.0,327.0
Knorr,16,14,61.0,49.0,71.0
Lakme 9To5,16,14,521.0,247.0,900.0
Leafy Tales,16,0,352.0,89.0,1999.0
Lizol,16,6,273.5,131.0,881.0
MDH,16,12,95.0,30.0,200.0
MOM,16,7,62.0,38.0,378.0
Mimo,16,3,116.0,40.0,310.0
Minus Thirty,16,11,160.0,96.0,280.0
Mush,16,6,699.0,379.0,999.0
Natureland Organics,16,10,143.0,45.0,1723.0
Nestasia,16,0,970.0,490.0,1617.0
O3+,16,9,265.0,125.0,830.0
Pesca,16,5,337.0,199.0,699.0
Reliable,16,7,349.0,199.0,1999.0
SG,16,0,567.5,159.0,1199.0
Sepoy & Co.,16,13,99.0,54.0,168.0
Skore,16,13,948.5,80.0,2499.0
Soulflower,16,2,445.0,199.0,1200.0
Sunfeast Dark Fantasy,16,11,54.5,15.0,184.0
Swiss Military,16,7,1355.0,495.0,4280.0
Theater,16,3,711.0,192.0,3135.0
Ttyohar,16,0,399.0,129.0,1299.0
VRB Dec,16,4,1249.0,198.0,1249.0
Victoria's Secret,16,4,2159.0,999.0,6299.0
Whisper,16,13,184.5,80.0,411.0
Zeyu,16,11,208.0,124.0,399.0
Adify,15,6,499.0,199.0,1299.0
Anveshan,15,3,384.0,179.0,7602.0
Astroyogi,15,7,699.0,189.0,1099.0
AweStuffs,15,5,345.0,198.0,999.0
Awsum,15,7,92.0,28.0,200.0
BBlunt,15,2,379.0,299.0,720.0
Bajaj,15,6,369.0,89.0,7990.0
Be Safe Forever,15,8,450.0,195.0,790.0
Brauch,15,7,399.0,199.0,1199.0
Cock,15,0,59.0,39.0,79.0
Confirtino,15,10,369.0,199.0,549.0
Daadi's,15,6,123.0,81.0,207.0
Decathlon Nabaiji,15,2,649.0,149.0,2349.0
Denver,15,7,269.0,169.0,577.0
Figment,15,4,199.0,169.0,499.0
HAZEL,15,1,271.0,111.0,460.0
Hershey's Kisses,15,12,84.0,54.0,224.0
Homemo,15,8,479.0,197.0,1999.0
Jazz and Sizzle,15,3,289.0,179.0,2499.0
Keya,15,10,85.0,53.0,200.0
Label She,15,0,599.0,599.0,599.0
Leezu's,15,10,998.0,199.0,2599.0
NVR,15,0,1999.0,999.0,1999.0
Nescafe,15,10,75.0,41.0,470.0
Nurturing Green,15,7,255.0,129.0,559.0
OnePlus,15,2,2799.0,699.0,6499.0
Puramate,15,10,42.0,23.0,80.0
Rare Combee Group,15,7,499.0,299.0,699.0
Reynolds,15,2,50.0,25.0,299.0
Royal Mart,15,9,229.0,169.0,252.0
SkinSide,15,8,225.0,99.0,299.0
Stanley,15,2,329.0,69.0,899.0
The Better Home,15,4,749.0,299.0,1999.0
Two Brothers,15,11,378.0,98.0,896.0
Ausha,14,3,1199.0,399.0,6999.0
Azah,14,5,254.0,79.0,1699.0
Bambino,14,6,78.5,41.0,210.0
Be Bodywise,14,9,631.5,199.0,976.0
Beardo,14,10,475.0,192.0,1737.0
Birch & Co.,14,0,299.0,199.0,1299.0
Britannia NutriChoice,14,8,53.0,19.0,136.0
Caketale,14,0,204.5,60.0,282.0
Carmesi,14,5,265.5,99.0,409.0
Choko La,14,10,506.0,289.0,1500.0
Cosco,14,2,466.5,75.0,2589.0
Crestal Industries,14,8,178.5,99.0,399.0
D-FIX,14,14,198.0,170.0,399.0
Deconstruct,14,8,481.5,194.0,823.0
HomeCloud,14,7,299.0,284.0,999.0
Homemade Love,14,9,280.0,205.0,374.0
Impulse,14,1,1024.0,649.0,1999.0
KK,14,2,249.0,179.0,599.0
Kent,14,1,2301.0,899.0,19000.0
King Krab,14,1,379.0,99.0,749.0
Kobbet,14,6,334.0,199.0,675.0
Laneige,14,11,1074.5,600.0,1420.0
Little Joys,14,10,599.0,299.0,1174.0
MamyPoko Pants,14,8,608.5,382.0,823.0
Mevo,14,11,404.0,239.0,949.0
Modern Kitchens,14,4,73.5,42.0,151.0
Mr. Makhana,14,2,92.5,47.0,248.0
OZiva,14,3,1329.0,299.0,2499.0
Odonil,14,12,99.0,62.0,188.0
Ojorey,14,6,279.0,199.0,499.0
Oreo,14,11,76.0,30.0,350.0
Parle,14,10,35.0,22.0,180.0
Pluckk,14,10,124.0,32.0,460.0
Plush,14,4,202.0,110.0,534.0
Pringles,14,8,101.0,51.0,274.0
Realme,14,1,2399.0,1599.0,32999.0
Rock.it,14,0,1199.0,795.0,1899.0
Roseate,14,12,349.0,199.0,399.0
Royal Son,14,0,499.0,332.0,1499.0
Ryze,14,7,144.0,68.0,384.0
Stayfree,14,8,135.0,83.0,524.0
Activa,13,0,2990.0,1129.0,6990.0
Ant Esports,13,3,399.0,119.0,3699.0
Ayuvya,13,6,499.0,199.0,1449.0
Bauli,13,6,23.0,15.0,62.0
Bella Vita Organic,13,4,549.0,199.0,949.0
Cetaplast,13,7,349.0,199.0,399.0
Comfort,13,7,359.0,55.0,405.0
DOMS,13,3,125.0,30.0,300.0
Disney,13,0,99.0,49.0,899.0
Ecofynd,13,8,299.0,189.0,2099.0
Fast&Up,13,9,162.0,62.0,570.0
Flair,13,2,60.0,25.0,889.0
For,13,6,599.0,399.0,2999.0
Freecultr,13,0,899.0,449.0,3499.0
Good Knight,13,13,180.0,10.0,458.0
Groovydudz,13,5,369.0,169.0,999.0
Hello Tempayy,13,8,129.0,89.0,159.0
Homerz,13,5,399.0,249.0,999.0
Impetus,13,3,299.0,249.0,999.0
KACO,13,2,259.0,100.0,499.0
Klotthe,13,6,489.0,459.0,3329.0
Krishna's Herbal & Ayurveda,13,7,530.0,110.0,1100.0
Kurvi,13,3,199.0,140.0,249.0
Lexton,13,0,399.0,99.0,2999.0
Lindt Lindor,13,7,549.0,195.0,2399.0
Mila Beauté,13,8,224.0,123.0,280.0
Mogu Mogu,13,10,73.0,73.0,194.0
MyMuse,13,6,1201.0,349.0,5499.0
Mylo,13,11,429.0,199.0,649.0
Newtone,13,7,229.0,149.0,539.0
Nuovi,13,5,100.0,48.0,275.0
Only Earth,13,9,64.0,43.0,229.0
Papboo,13,1,297.0,149.0,599.0
Quench,13,8,225.0,88.0,630.0
Sehaz Artworks,13,5,299.0,289.0,749.0
Snickers,13,9,127.0,45.0,480.0
Stash Pro,13,11,90.0,35.0,350.0
Tetley,13,5,175.0,99.0,554.0
Tide,13,9,299.0,121.0,1370.0
Troovy,13,7,45.0,38.0,190.0
Tulips,13,8,117.0,37.0,265.0
UAPAN,13,0,399.0,159.0,1999.0
Uniball,13,4,240.0,60.0,1200.0
Webby,13,13,399.0,179.0,699.0
Yippee,13,6,49.0,27.0,151.0
Zappfresh,13,7,299.0,149.0,1000.0
Abu Haami,12,8,195.0,99.0,695.0
Aganta,12,7,699.0,399.0,2299.0
Apsara,12,6,55.0,15.0,250.0
Archies,12,1,69.0,69.0,499.0
Artinci,12,8,279.5,235.0,399.0
Bazana,12,7,351.0,219.0,819.0
Beyond Snack,12,6,55.0,39.0,82.0
Bloomsbury,12,0,494.0,279.0,2989.0
Bombay Banta,12,11,114.0,29.0,227.0
Britannia Laughing Cow,12,7,125.0,75.0,391.0
Cadbury Bournville,12,10,126.0,55.0,379.0
Classi Bio,12,6,119.0,69.0,139.0
Creme Castle,12,5,199.0,99.0,299.0
Diwas by Manyavar,12,0,999.0,399.0,1399.0
Eastern,12,10,65.0,35.0,94.0
Fedus,12,7,449.0,219.0,2999.0
Footprints,12,0,399.0,299.0,999.0
Giani's,12,6,70.0,40.0,257.0
Har Ghar Puja,12,1,249.0,225.0,1999.0
Hit,12,7,255.0,20.0,470.0
Homeda,12,6,271.0,169.0,400.0
Huggies,12,4,332.0,180.0,755.0
Indus Valley,12,4,323.5,225.0,1243.0
JBL,12,1,3999.0,799.0,13999.0
Karachi Bakery,12,11,167.0,45.0,549.0
KitKat Delights,12,9,172.0,90.0,375.0
Livyor,12,6,387.0,142.0,849.0
LoveChild Masaba,12,7,1054.0,219.0,1974.0
Mokobara,12,1,3351.5,1298.0,6799.0
Moxie Beauty,12,10,484.0,124.0,659.0
Multani,12,7,154.0,119.0,199.0
Nooky,12,11,322.0,109.0,999.0
Origami,12,6,204.0,69.0,459.0
PS ProSupps,12,0,1099.0,799.0,1899.0
Pilot,12,4,80.0,50.0,400.0
Protein Chef,12,7,75.0,49.0,99.0
Sage Crafts,12,1,199.0,149.0,499.0
Savlon,12,7,125.0,59.0,280.0
Sirona,12,4,210.0,84.0,573.0
Skullcandy,12,4,1274.0,450.0,9999.0
Star,12,6,274.5,149.0,399.0
Supply6,12,6,454.0,54.0,1829.0
Tauffa,12,9,299.0,259.0,520.0
Tipsy Tiger,12,7,100.5,79.0,455.0
Urban Jungle,12,1,4745.0,1995.0,13999.0
Ustraa,12,1,656.0,208.0,1155.0
Vicks,12,7,97.5,50.0,205.0
Vivatra,12,2,349.0,149.0,799.0
Wagh Bakri,12,8,165.0,99.0,614.0
Westland,12,0,187.0,49.0,399.0
WickedGud,12,4,84.0,42.0,175.0
Wild Stone,12,5,350.0,199.0,715.0
Wingz,12,6,135.0,64.0,453.0
Xech,12,1,1149.0,299.0,5499.0
Zoff,12,8,69.0,25.0,198.0
Aristocrat,11,0,1609.0,599.0,9950.0
Artistque,11,4,249.0,199.0,299.0
Attar Ayurveda,11,6,249.0,175.0,485.0
Avvatar,11,7,3423.0,59.0,4443.0
Awenest,11,9,199.0,159.0,899.0
Bisleri,11,3,127.0,20.0,289.0
Bla Bli Blu,11,7,525.0,220.0,785.0
Bombae,11,3,498.0,95.0,3999.0
Brooke Bond Red Label,11,8,130.0,45.0,519.0
Bryan & Candy,11,5,600.0,300.0,1120.0
Cavin's,11,8,36.0,18.0,143.0
Coolberg,11,8,109.0,67.0,109.0
DC,11,0,69.0,49.0,169.0
Daffodil Plus,11,5,220.0,139.0,699.0
Dhani Pure,11,6,194.0,110.0,264.0
Disano,11,8,99.0,79.0,275.0
Dreamland Publications,11,1,149.0,109.0,324.0
DroliaFresh,11,3,399.0,299.0,499.0
Fine Touch,11,10,26.0,15.0,49.0
Garnier,11,7,204.0,35.0,263.0
Genie,11,0,1799.0,999.0,3081.0
GiftCovery,11,0,200.0,179.0,250.0
Gits,11,6,88.0,62.0,188.0
Goyal's,11,11,589.0,189.0,799.0
Gush Beauty,11,1,499.0,149.0,799.0
Halonix,11,0,249.0,49.0,2500.0
Homefoil,11,3,299.0,180.0,780.0
Huber & Holly,11,4,200.0,50.0,405.0
Innisfree,11,9,130.0,130.0,900.0
Juarez,11,1,299.0,199.0,2099.0
Khari Foods,11,5,219.0,120.0,599.0
Kidsmate,11,7,999.0,849.0,2499.0
Kwality Wall's Magnum,11,6,88.0,60.0,213.0
Linensutra,11,0,299.0,239.0,399.0
Little's,11,8,255.0,75.0,616.0
Livon,11,8,238.0,119.0,665.0
Lyra Women's Wear,11,2,360.0,250.0,499.0
Magic Pot,11,5,35.0,35.0,35.0
McVitie's,11,7,60.0,20.0,320.0
Mother Sparsh,11,6,204.0,86.0,593.0
Nestle KitKat,11,8,120.0,30.0,366.0
Nestle a+,11,4,54.0,25.0,203.0
O'cean,11,7,76.0,66.0,110.0
OAIR,11,2,1099.0,898.0,4500.0
PHC,11,10,73.0,40.0,125.0
PIPO,11,0,129.0,90.0,225.0
Paraayan.com,11,5,269.0,149.0,999.0
Paseo,11,1,180.0,39.0,540.0
Pep Nails,11,8,506.0,50.0,1196.0
Quirksmith,11,0,1150.0,600.0,2299.0
Real Activ,11,5,133.0,40.0,276.0
Samyang,11,6,150.0,130.0,750.0
SaveMore,11,9,80.0,51.0,419.0
Schwarzkopf Professional,11,3,1012.0,581.0,1104.0
Skybags,11,0,1959.0,629.0,6666.0
Softouch,11,4,199.0,55.0,329.0
Solara,11,1,699.0,299.0,2499.0
Strauss,11,0,649.0,379.0,1849.0
Striff,11,2,259.0,89.0,1499.0
Sundrop,11,7,149.0,99.0,669.0
Sunfeast Farmlite,11,7,72.0,26.0,107.0
SuperBottoms,11,1,465.0,279.0,799.0
Tata Simply Better,11,6,59.0,50.0,1429.0
The Func. Lab,11,3,1250.0,525.0,2999.0
Tops,11,9,70.0,30.0,144.0
UrbanGabru,11,4,349.0,259.0,750.0
Veet,11,9,171.0,74.0,283.0
Wellcore,11,5,569.0,199.0,1399.0
Whimsy,11,3,499.0,299.0,2499.0
APFEN,10,8,424.0,249.0,799.0
Alpenliebe,10,7,102.0,47.0,225.0
Anand,10,1,182.0,144.0,264.0
Beloxy,10,7,297.0,249.0,1499.0
Blue Tribe Foods,10,4,175.5,140.0,300.0
Bongchie,10,10,52.5,30.0,125.0
Chaayos,10,8,148.0,59.0,177.0
Chokhi Dhani,10,4,194.0,150.0,270.0
Chupa Chups,10,5,47.0,29.0,160.0
Crazy Kids,10,0,109.0,69.0,199.0
Dabur Hajmola,10,9,67.5,54.0,240.0
Didier & Frank,10,9,174.0,99.0,499.0
Doritos,10,1,42.0,26.0,72.0
Double Horse,10,4,88.0,45.0,478.0
Duracell,10,10,202.0,47.0,1099.0
EAT Anytime,10,7,237.0,175.0,449.0
ENN,10,3,324.5,132.0,507.0
Everyuth,10,6,136.0,59.0,315.0
FAE Beauty,10,7,546.5,349.0,1119.0
FURR,10,6,174.0,89.0,999.0
Fiama,10,6,202.0,63.0,489.0
Forest Essentials,10,4,2107.5,595.0,2975.0
Galaxy,10,7,117.0,62.0,899.0
Gillette Venus,10,7,353.5,109.0,730.0
Grameen,10,5,79.5,76.0,257.0
Hansaplast,10,6,129.5,37.0,414.0
Hide & Seek,10,4,72.5,26.0,121.0
Hk Vitals,10,8,604.0,299.0,1229.0
Huesland,10,1,999.0,279.0,2499.0
Imeco,10,5,159.0,89.0,199.0
Imfresh,10,5,599.0,349.0,849.0
India Today English,10,2,100.0,100.0,200.0
KUQ,10,4,449.0,239.0,999.0
Kacool,10,4,489.0,229.0,999.0
Kadence,10,1,549.0,299.0,4000.0
Kallisto,10,1,394.5,299.0,3000.0
Kisaansay,10,6,391.5,150.0,869.0
Lacto Calamine,10,7,101.5,49.0,275.0
Lipton,10,6,178.0,42.0,520.0
Luxor,10,3,112.0,20.0,499.0
Manforce,10,7,110.0,83.0,440.0
Mitra,10,1,89.0,49.0,279.0
MorivaHomes,10,6,299.0,249.0,1499.0
Mortein,10,6,220.0,86.0,520.0
NHR,10,9,499.0,299.0,899.0
Natural Diet,10,7,249.0,249.0,399.0
Nicotex,10,8,149.0,75.0,540.0
Nivea Men,10,4,209.0,129.0,229.0
Nivia,10,2,238.5,149.0,1236.0
Noto,10,5,116.5,99.0,332.0
Nutrich,10,0,152.5,62.0,241.0
OG Luxury,10,6,539.0,310.0,999.0
Pears,10,10,298.0,52.0,357.0
Puma,10,0,477.0,212.0,999.0
Quace,10,0,374.0,149.0,1499.0
Raw Alchemy,10,8,265.0,205.0,475.0
Rin,10,8,158.5,10.0,436.0
Ritter Sport,10,7,319.0,119.0,441.0
Roop Sagar,10,8,27.0,24.0,219.0
Santoor,10,8,145.0,82.0,178.0
Sardar,10,2,364.0,194.0,450.0
Shri Jain Ji,10,6,159.0,135.0,184.0
Snackible,10,8,46.5,33.0,112.0
SocksXpress,10,0,366.5,197.0,599.0
Sofy,10,6,187.5,102.0,349.0
Spinbot,10,1,849.0,289.0,2999.0
StarAndDaisy,10,2,849.0,299.0,1999.0
Svasti,10,2,214.0,29.0,499.0
The Man Company,10,6,426.5,228.0,949.0
Tong Garden,10,7,187.0,42.0,487.0
Tonymoly,10,5,100.0,99.0,1425.0
Underated,10,3,246.0,242.0,248.0
Vesta Homes,10,3,594.0,199.0,999.0
Weikfield,10,8,46.0,30.0,95.0
Wipro,10,1,1190.0,69.0,4800.0
Wow!,10,3,140.0,51.0,451.0
Xtrim,10,1,274.0,147.0,1000.0
Yellow Diamond,10,6,29.0,23.0,153.0
Zyro,10,5,53.0,53.0,76.0
eCraftIndia,10,0,1249.0,299.0,2999.0
10on,9,6,99.0,61.0,199.0
7 Bazaari,9,7,289.0,189.0,629.0
Aarunya Creations,9,5,102.0,99.0,289.0
Aegon,9,2,299.0,135.0,399.0
American Tourister,9,1,2300.0,621.0,11850.0
Amul Kool,9,6,30.0,25.0,40.0
Baker's Loaf,9,2,86.0,62.0,114.0
Bandhan,9,3,79.0,59.0,169.0
BearHugs,9,1,49.0,49.0,99.0
BoldEdge,9,6,875.0,565.0,1800.0
Bombucha,9,7,169.0,168.0,240.0
Bournvita,9,5,383.0,29.0,828.0
Britannia Good Day,9,4,65.0,25.0,142.0
Britannia Treat,9,2,27.0,20.0,80.0
Buildskill,9,1,329.0,189.0,529.0
Cadbury Celebrations,9,4,194.0,50.0,437.0
Cello Writing,9,0,69.0,50.0,200.0
Chubsy Knits,9,4,249.0,225.0,599.0
Cinthol,9,6,154.0,99.0,279.0
Colorbar,9,6,184.0,91.0,468.0
Conscious Food,9,1,130.0,67.0,452.0
Craloft,9,1,495.0,349.0,1198.0
Cremica,9,7,59.0,19.0,196.0
Daily life FOREVER52,9,8,539.0,207.0,1530.0
DearJoy,9,4,1000.0,220.0,1000.0
Dhampur Green,9,8,120.0,98.0,168.0
Fatmug,9,0,1299.0,399.0,14999.0
Ferrero Rocher,9,5,255.0,170.0,896.0
Fix My Curls,9,2,450.0,285.0,950.0
Floreal,9,4,369.0,299.0,899.0
ForMen,9,3,199.0,99.0,429.0
Fresca,9,8,43.0,43.0,104.0
Gainda,9,7,99.0,40.0,459.0
Garnier Color Naturals,9,7,204.0,109.0,349.0
Glam21,9,8,239.0,199.0,289.0
Glucon-D,9,7,121.0,41.0,386.0
HYUE,9,3,299.0,206.0,2495.0
Habanero,9,7,180.0,51.0,240.0
Hell Energy,9,6,60.0,60.0,236.0
Johnson's,9,7,179.0,71.0,310.0
Kastner,9,7,275.0,199.0,1499.0
Kettle Studio,9,4,99.0,47.0,99.0
Kores,9,2,150.0,25.0,200.0
Kurkure,9,3,20.0,20.0,30.0
Manforce Epic,9,5,225.0,68.0,1323.0
Mannlich,9,7,309.0,239.0,389.0
May & Co.,9,9,150.0,150.0,1999.0
Mee Mee,9,6,258.0,187.0,1399.0
MevaBite,9,5,86.0,51.0,419.0
MyRoyals,9,1,299.0,129.0,349.0
Nestle Cerelac,9,5,290.0,245.0,339.0
Oral-B,9,6,123.0,43.0,598.0
Parker,9,2,415.0,170.0,1133.0
Pond's,9,6,272.0,187.0,340.0
Provogue,9,2,2850.0,1199.0,3255.0
Raj Comics,9,4,79.0,79.0,209.0
Real Thai,9,4,195.0,62.0,263.0
Royalkart,9,3,399.0,199.0,4000.0
Sapphire,9,5,315.0,113.0,630.0
Sassoon,9,3,729.0,299.0,799.0
Schwarzkopf,9,4,487.0,350.0,600.0
Seoulskin,9,5,449.0,299.0,499.0
Shadani,9,7,276.0,165.0,299.0
Shark,9,2,1299.0,189.0,4299.0
Sipologie,9,2,690.0,399.0,799.0
Skynup,9,2,499.0,349.0,2199.0
So Good,9,8,146.0,67.0,255.0
SpecialYou,9,4,399.0,268.0,597.0
St. D'Vence,9,5,379.0,299.0,599.0
Striders,9,2,219.0,59.0,1299.0
Tata,9,7,58.0,29.0,360.0
Tata 1mg,9,4,499.0,56.0,2198.0
Tata Tea Gold,9,6,92.0,50.0,653.0
The Economist,9,5,700.0,700.0,750.0
The Wellness Shop,9,5,399.0,379.0,699.0
To Be Honest,9,1,135.0,108.0,231.0
Tommy Hilfiger,9,2,3299.0,1559.0,8659.0
Tota,9,1,39.0,29.0,149.0
UltraCare PRO,9,1,2096.0,999.0,4999.0
Unibic Swaadesi,9,7,142.0,105.0,259.0
Urban Platter,9,5,243.0,146.0,538.0
Utopia Bedding,9,0,1899.0,1799.0,4999.0
Vilvah Store,9,7,590.0,290.0,750.0
WaterScience,9,0,795.0,335.0,2295.0
Wewel,9,5,499.0,299.0,599.0
Wild Oak,9,4,399.0,399.0,399.0
Yardley,9,6,455.0,161.0,560.0
Yum Yum,9,7,325.0,199.0,499.0
Zandu,9,7,115.0,46.0,205.0
Ace Blend,8,3,949.0,129.0,1499.0
Airwick,8,2,390.0,281.0,718.0
AmazXp,8,7,289.0,199.0,399.0
Apple,8,5,1799.0,1649.0,57900.0
Aqualogica,8,1,458.5,199.0,762.0
Astrotalk,8,1,699.0,499.0,899.0
Aveeno,8,0,825.0,297.0,2207.0
Badshah,8,4,71.0,26.0,74.0
Beautynx,8,2,694.0,249.0,1999.0
Besque,8,3,474.0,299.0,999.0
Bru,8,4,128.5,40.0,373.0
Bumtum,8,4,490.5,208.0,561.0
Camel,8,2,110.0,30.0,799.0
Camlin,8,4,95.0,15.0,190.0
Caresmith,8,0,1699.5,999.0,4000.0
Carnivore,8,1,180.0,160.0,331.0
ClayCo.,8,2,749.0,411.0,1099.0
Coir Garden,8,2,229.0,107.0,999.0
Command,8,1,194.0,99.0,264.0
Conscious Chemist,8,4,290.0,247.0,599.0
Dalda,8,5,184.0,127.0,965.0
Dhara,8,5,203.5,166.0,998.0
Dimpy Stuff,8,0,254.0,209.0,379.0
Elowen,8,4,279.0,169.0,999.0
EvoFox,8,1,1749.0,199.0,3499.0
Fitbox Sports,8,4,280.0,175.0,499.0
Fogg,8,0,349.0,199.0,493.0
Friends,8,3,424.0,179.0,789.0
Fujifilm,8,1,8500.0,799.0,9499.0
GOAT Life,8,8,119.0,69.0,241.0
Gadre,8,3,220.5,119.0,340.0
Glen,8,2,2345.5,1395.0,6995.0
Go,8,6,114.5,100.0,319.0
Goeld,8,0,97.0,85.0,154.0
Green Earth,8,7,34.5,21.0,75.0
Hachette,8,1,334.0,219.0,507.0
Hair Pure,8,3,329.5,225.0,479.0
Hen Fruit,8,2,151.0,90.0,400.0
Hi Life,8,5,239.0,175.0,399.0
Hira,8,5,449.0,449.0,649.0
Horlicks,8,5,320.0,264.0,676.0
HyperFoods,8,4,524.0,249.0,895.0
Imvelo Green Your Hygiene,8,5,187.0,159.0,385.0
JK,8,1,101.5,38.0,295.0
KILRR,8,5,70.0,70.0,138.0
Kama Ayurveda,8,4,1521.5,1095.0,2195.0
King Toyz,8,5,619.0,399.0,1999.0
Licious,8,1,212.0,80.0,359.0
Litt,8,2,250.5,101.0,499.0
Lo Foods,8,2,184.0,99.0,299.0
Lotte,8,0,98.0,20.0,152.0
Loyka,8,6,162.5,95.0,547.0
MAK,8,6,299.0,219.0,399.0
Mancode,8,4,232.0,179.0,249.0
Matrix,8,1,550.0,355.0,1250.0
Mevano,8,5,374.0,349.0,699.0
Midazzle,8,5,192.0,123.0,224.0
Mooz,8,5,152.0,110.0,310.0
Mr. Right,8,2,439.0,279.0,899.0
MyFitness,8,8,281.0,148.0,440.0
Nakpro,8,1,2124.5,620.0,3600.0
Nasher Miles,8,0,1449.0,890.0,4495.0
Naturali,8,2,414.0,269.0,522.0
Nescafe Classic,8,5,195.0,124.0,810.0
Nestle Munch,8,8,47.0,20.0,151.0
Nokia,8,0,1889.0,1199.0,4999.0
Ocean,8,0,639.0,369.0,1199.0
On1y,8,5,111.0,61.0,284.0
Organic Chakki,8,3,296.0,249.0,449.0
Origami So Soft,8,5,274.0,89.0,366.0
Oxi Fresh,8,5,182.0,112.0,279.0
Pack N Wrap,8,5,75.0,69.0,179.0
Perfora,8,7,172.5,90.0,2347.0
Peter Jones Eyewear,8,4,799.0,639.0,2799.0
Pierre Cardin,8,1,325.0,175.0,500.0
Pillsbury,8,7,244.5,75.0,557.0
PlayStation,8,0,5524.5,3999.0,6849.0
Poko Loko,8,3,59.0,50.0,65.0
Pot and Bloom,8,1,159.0,139.0,519.0
Prelly,8,1,649.0,299.0,2499.0
QIBOX,8,7,479.0,249.0,1099.0
Redken,8,7,2400.0,1770.0,6603.0
SOIE,8,1,533.0,390.0,1155.0
Salsalito,8,5,184.0,99.0,349.0
ShineXPro,8,2,399.0,269.0,2699.0
Sleepsia,8,5,399.0,399.0,1299.0
Sprite,8,2,154.0,38.0,219.0
Staze,8,3,269.0,99.0,845.0
Surili,8,2,220.5,207.0,450.0
Tata Tea Premium,8,3,198.5,45.0,592.0
Tencha,8,5,349.0,299.0,879.0
The Cinnamon Kitchen,8,6,180.5,85.0,301.0
ThriveCo,8,3,449.0,179.0,749.0
ToyTales,8,2,324.0,149.0,799.0
Trendy Home,8,2,322.0,125.0,1300.0
Trunativ,8,1,2649.0,249.0,4499.0
Uttam Sugar,8,5,80.0,34.0,361.0
VarietyHome,8,5,274.0,199.0,499.0
Venky's,8,0,315.0,162.0,425.0
VniQ,8,4,289.0,199.0,399.0
WAAN,8,1,99.0,79.0,299.0
WBC WorldBeautyCare,8,5,822.0,599.0,1399.0
Warner Bros.,8,0,149.0,49.0,249.0
What's Up Wellness,8,2,625.5,399.0,1189.0
Wow! Momo,8,2,200.5,169.0,280.0
Wynhard,8,6,349.0,228.0,848.0
Xiaomi,8,1,1499.0,499.0,2449.0
925 Siller,7,0,1399.0,899.0,2699.0
Adtala,7,1,999.0,189.0,1999.0
Aer Plug,7,5,249.0,179.0,249.0
As-It-Is,7,0,1792.0,443.0,3479.0
Atlantis,7,2,249.0,180.0,325.0
Baygon,7,5,200.0,115.0,289.0
Bellofox,7,2,499.0,399.0,1299.0
Billebon,7,4,299.0,189.0,699.0
Bingo Mad Angles,7,3,20.0,19.0,73.0
Borges,7,4,635.0,191.0,5615.0
Brustro,7,2,405.0,120.0,463.0
Buckle Up,7,3,799.0,399.0,849.0
CeraVe,7,0,950.0,323.0,1520.0
Chicco,7,2,144.0,64.0,505.0
Claret,7,1,259.0,139.0,390.0
Classmate Pulse,7,1,140.0,76.0,180.0
Clinic Plus,7,6,212.0,118.0,528.0
Cream Pot,7,0,198.0,180.0,293.0
Dr Physio,7,1,1405.0,899.0,3750.0
Dr.Rashel,7,6,249.0,199.0,359.0
Dukes Waffy,7,5,30.0,30.0,98.0
EM5,7,0,249.0,199.0,1499.0
Eco Soul,7,6,119.0,99.0,199.0
Ecolink,7,0,370.0,139.0,3059.0
Enliwish,7,4,745.0,550.0,1399.0
Eno,7,5,60.0,58.0,176.0
Evian,7,5,210.0,90.0,320.0
Exo,7,4,56.0,18.0,138.0
Fevicol,7,6,60.0,57.0,110.0
Forcado,7,3,229.0,198.0,298.0
Freshcon,7,2,70.0,40.0,137.0
Freshwrapp,7,2,135.0,53.0,559.0
G.Fidel,7,1,179.0,99.0,299.0
GKD,7,5,339.0,289.0,619.0
Garden,7,3,50.0,44.0,58.0
Garnier Skin Naturals,7,5,279.0,144.0,549.0
Genuily,7,3,319.0,169.0,499.0
Giggles,7,0,429.0,87.0,683.0
Gladful,7,2,699.0,89.0,1119.0
Gourmia,7,0,294.0,59.0,411.0
Greenvale Eco Products,7,4,109.0,69.0,309.0
Healthy Master,7,1,169.0,99.0,234.0
Herbal Strategi,7,5,249.0,85.0,449.0
Homies,7,1,329.0,289.0,399.0
Hommade,7,3,63.0,23.0,154.0
House of Veda,7,3,210.0,195.0,785.0
IGP,7,1,209.0,99.0,559.0
Impact,7,4,150.0,150.0,400.0
Infino,7,1,220.0,77.0,392.0
Involve,7,7,389.0,389.0,549.0
JS,7,4,347.0,175.0,547.0
Jade Forest,7,6,54.0,54.0,54.0
Jaguar,7,6,3299.0,445.0,3669.0
Kare In,7,1,295.0,173.0,558.0
Kids Mandi,7,7,579.0,199.0,1699.0
Kinder,7,3,117.0,23.0,447.0
Leosportz,7,2,349.0,279.0,1499.0
Lino Perros,7,1,1999.0,999.0,5995.0
Lux,7,6,158.0,99.0,273.0
Lux Nitro,7,1,285.0,181.0,599.0
Maggi Spicy,7,7,100.0,65.0,100.0
Makeup Revolution,7,6,725.0,357.0,1736.0
Meaty Story,7,0,315.0,215.0,575.0
Mentos,7,2,92.0,47.0,172.0
Miduty,7,3,1400.0,199.0,2054.0
Mistique,7,0,280.0,210.0,499.0
Morovik,7,1,499.0,199.0,799.0
Mr Muscle,7,4,180.0,31.0,286.0
Mr. Munchies,7,3,154.0,132.0,163.0
NAFA,7,3,399.0,249.0,999.0
Nataraj,7,0,75.0,30.0,150.0
Navneet,7,4,71.0,43.0,187.0
Neodrift,7,2,649.0,399.0,1399.0
Niine,7,4,162.0,91.0,251.0
Nuuk,7,0,3299.0,1299.0,5299.0
OHAYO,7,1,245.0,229.0,249.0
Oleev Kitchen,7,1,80.0,59.0,1930.0
One Living,7,4,329.0,299.0,399.0
Optimum Nutrition (ON),7,5,1079.0,549.0,4896.0
Organic B,7,5,210.0,160.0,399.0
Orion,7,5,83.0,76.0,216.0
Palak Greens,7,1,349.0,199.0,599.0
Parle-G,7,3,49.0,20.0,134.0
Prans Retails,7,1,79.0,79.0,189.0
Protinex,7,1,1268.0,565.0,2431.0
Pulse,7,1,54.0,46.0,56.0
Quick Click Goods,7,4,159.0,139.0,195.0
Raj,7,4,170.0,170.0,230.0
Ramji,7,3,58.0,34.0,73.0
Roopak's,7,4,400.0,400.0,400.0
SPT,7,4,85.0,63.0,141.0
Safal,7,3,117.0,37.0,207.0
Sam And Marshall,7,2,1499.0,999.0,2500.0
Scotch,7,2,187.0,45.0,332.0
Shrego,7,7,189.0,189.0,399.0
Smoodh,7,5,18.0,18.0,90.0
Sober Monkey,7,4,380.0,213.0,999.0
Softdreams,7,7,299.0,159.0,399.0
Sojanya,7,0,749.0,749.0,2499.0
Sugar,7,3,473.0,174.0,1096.0
Svish On The Go,7,2,199.0,199.0,459.0
Tata Coffee,7,3,56.0,54.0,166.0
Tatvahills,7,0,329.0,199.0,449.0
The Decorshed,7,2,299.0,155.0,999.0
The Gourmet Jar,7,0,329.0,229.0,375.0
The Week India,7,0,80.0,80.0,80.0
Titan,7,3,5945.0,3185.0,8295.0
Tropicana,7,2,103.0,90.0,120.0
VOKKA,7,5,419.0,229.0,1293.0
VVV,7,3,129.0,69.0,259.0
Vibhuticrafts,7,2,290.0,229.0,331.0
Villain,7,5,496.0,300.0,640.0
Vitalogy,7,5,269.0,149.0,299.0
Webby Toys,7,5,179.0,129.0,1029.0
Yoho,7,3,599.0,499.0,1149.0
Zanskar,7,5,439.0,399.0,529.0
Zed Black,7,4,76.0,67.0,143.0
Zoci Voci,7,3,699.0,699.0,1500.0
iD Fresh,7,4,66.0,30.0,99.0
Abbie's,6,2,257.5,99.0,375.0
Abzorbzap,6,3,109.0,79.0,149.0
Accessorize London,6,0,2036.5,349.0,5695.0
Agapi,6,4,54.0,52.0,188.0
Avimee Herbal,6,5,487.5,249.0,650.0
B-FIT,6,1,247.0,209.0,410.0
BSR Living,6,3,288.0,188.0,799.0
Barosi,6,3,873.0,236.0,3839.0
Basic,6,6,105.0,89.0,137.0
Be Neude,6,0,480.0,360.0,524.0
Bepro,6,1,374.0,159.0,699.0
Beyond Gifts,6,6,295.0,295.0,299.0
Birthday Popper,6,1,399.0,299.0,899.0
Blaze Up,6,6,199.0,189.0,599.0
Bonzila,6,2,499.0,449.0,599.0
Bosch,6,0,429.0,311.0,589.0
Brooke Bond Taj Mahal,6,4,216.0,50.0,544.0
CLARA,6,1,3048.5,1699.0,3798.0
Cadbury 5 Star,6,4,47.5,20.0,147.0
Call Me Chunky,6,0,113.0,113.0,113.0
Careforce,6,0,286.5,159.0,698.0
Chanak,6,6,549.0,239.0,1249.0
Cherry Blossom,6,2,113.0,91.0,210.0
Closeup,6,5,145.0,117.0,250.0
Clove Oral Care,6,5,249.5,183.0,276.0
Colin,6,4,233.5,120.0,317.0
Cosmix,6,3,1240.0,129.0,2350.0
Cult,6,1,348.5,179.0,999.0
Davidoff,6,4,577.0,450.0,813.0
Deepak,6,6,66.0,15.0,104.0
Dev Aastha,6,1,2998.5,1199.0,4999.0
Doodhvale Farms,6,3,299.0,89.0,1149.0
Dranks,6,5,299.0,299.0,500.0
Dream Care,6,0,659.0,659.0,899.0
D’Decor,6,0,2349.0,449.0,2699.0
Earth Rhythm,6,3,328.0,173.0,477.0
Eatopia,6,5,299.0,149.0,449.0
Eco Sense,6,0,329.0,329.0,389.0
Eggoz,6,2,151.0,87.0,386.0
Elecious,6,1,189.0,151.0,199.0
Exciting Lives,6,3,374.0,299.0,549.0
Fabskin,6,3,235.0,189.0,299.0
Fackelmann,6,2,220.0,106.0,939.0
Feel Good Club,6,4,142.0,120.0,158.0
Fevicryl,6,3,213.5,107.0,389.0
Finish,6,1,515.0,290.0,1700.0
Frontier,6,4,260.0,196.0,359.0
Fundoolabs,6,2,364.0,89.0,529.0
GM Foods,6,4,82.5,46.0,97.0
GNC,6,0,954.5,349.0,1649.0
Gift Aura,6,2,344.0,219.0,849.0
Giordano,6,3,1039.0,621.0,2079.0
Glamveda,6,1,285.0,175.0,949.0
Godiva,6,6,149.0,149.0,149.0
Gold Art India,6,0,498.0,389.0,799.0
Golwyn,6,5,574.5,175.0,899.0
Gongloo,6,6,214.0,189.0,249.0
Hair Originals,6,3,699.0,625.0,1599.0
Hamdard,6,5,97.5,39.0,280.0
Harrison,6,3,282.5,118.0,447.0
Hashtag Eyewear,6,3,749.0,599.0,1999.0
Hellmann's,6,3,42.0,40.0,170.0
Himalayan,6,4,274.0,59.0,1599.0
Home Fresh,6,5,149.0,114.0,244.0
House Of Beauty,6,3,512.0,239.0,611.0
Hungritos,6,2,126.0,90.0,225.0
IHP,6,3,294.0,149.0,499.0
Imagimake,6,2,359.0,179.0,1169.0
Inde Wild,6,3,948.5,499.0,2185.0
India Today Hindi,6,2,60.0,60.0,75.0
John Players,6,0,598.0,289.0,999.0
Kara,6,4,103.5,45.0,153.0
Keventer,6,0,238.5,165.0,370.0
Khadi Natural,6,4,86.0,86.0,408.0
Kokila,6,1,830.0,169.0,830.0
Kritilife,6,0,425.0,290.0,1200.0
Labrada,6,0,999.0,699.0,1749.0
Lauret Blanc,6,5,199.0,179.0,199.0
Le-Figaro,6,3,347.0,199.0,900.0
Lenskart BLU,6,0,646.5,413.0,3500.0
Lindt Excellence,6,5,599.0,599.0,599.0
Lotus Biscoff,6,2,194.5,30.0,674.0
Love Beauty & Planet,6,3,341.5,196.0,627.0
MSchief,6,3,2438.5,1508.0,5470.0
Maison Perrier,6,6,184.0,179.0,189.0
Meditive,6,0,887.0,699.0,3999.0
Mocemsa,6,3,350.0,300.0,990.0
Mueras,6,4,254.0,149.0,299.0
Naturals,6,0,441.0,441.0,521.0
Nestle,6,5,85.0,40.0,299.0
Nexlev,6,0,1799.0,799.0,9999.0
Nuluv,6,0,399.0,249.0,699.0
Nutrilin,6,0,244.0,159.0,549.0
Odomos,6,6,116.5,77.0,379.0
Omay Foods,6,2,89.5,49.0,230.0
Open,6,2,100.0,100.0,100.0
Org.,6,2,524.0,499.0,749.0
Organic Nation,6,5,209.0,189.0,285.0
Parle Monaco,6,1,69.5,35.0,131.0
PrettyKrafts,6,2,378.5,180.0,649.0
Prime Pick,6,0,899.0,349.0,2500.0
Prolicious,6,3,305.0,250.0,840.0
Prolyte,6,4,32.0,22.0,32.0
REFFO,6,1,399.0,299.0,1499.0
REWOP,6,5,349.0,279.0,449.0
Redmi,6,0,13499.0,10999.0,26999.0
Ricekraft,6,2,422.0,299.0,525.0
Right Shift,6,4,75.5,64.0,135.0
Safe Harvest,6,5,102.5,51.0,557.0
Samsidhi,6,0,349.0,169.0,599.0
Sartaj,6,4,309.0,185.0,495.0
Saucery,6,4,181.5,119.0,254.0
Schweppes,6,2,79.5,60.0,159.0
Shivaji,6,4,299.0,179.0,525.0
Shryoan,6,6,214.0,179.0,749.0
Shubh Sanskaar,6,3,120.0,49.0,199.0
Simon & Schuster Publishers,6,1,386.5,279.0,599.0
Siya Fruits And Vegetables,6,3,51.0,25.0,157.0
Slow Churn,6,0,375.0,335.0,375.0
Smoor,6,6,203.0,80.0,626.0
Sotrue,6,1,302.0,99.0,1030.0
Sour Punk,6,3,40.0,40.0,111.0
Sportstar,6,4,125.0,125.0,699.0
Sposito,6,1,224.0,199.0,399.0
Sugar Free D'Lite,6,5,93.5,59.0,378.0
Suhana,6,3,46.0,40.0,54.0
Sunfeast,6,6,31.5,25.0,40.0
Sunsilk,6,2,233.0,173.0,263.0
Swad,6,0,399.0,239.0,499.0
TULUA,6,4,127.0,65.0,295.0
Taali,6,5,54.0,50.0,62.0
Tata Tea Agni,6,3,195.0,65.0,330.0
Teen Digest,6,2,50.0,50.0,50.0
The Achaar Library,6,2,190.0,190.0,275.0
The Brooklyn Creamery,6,0,102.0,87.0,255.0
The Hindu - Young World,6,3,20.0,20.0,20.0
The Homemate,6,1,196.0,172.0,549.0
The Old Natural,6,4,234.0,149.0,249.0
Tiara,6,4,238.5,155.0,299.0
TigerNotes,6,0,192.5,89.0,225.0
Toblerone,6,4,299.0,299.0,549.0
Toyo Kombucha,6,6,95.0,79.0,95.0
Trishul,6,6,91.5,49.0,369.0
True Flair,6,3,324.0,249.0,699.0
True Story,6,4,76.5,67.0,299.0
VLCC,6,2,491.5,235.0,825.0
Vanish,6,5,244.5,80.0,254.0
Varkaus,6,1,282.5,167.0,399.0
Wai Wai,6,5,54.0,44.0,89.0
Welme,6,1,299.0,265.0,2999.0
Werfit,6,2,224.0,175.0,399.0
Xjarvis,6,2,189.0,129.0,249.0
YellowHome,6,2,202.0,165.0,279.0
Youva,6,2,70.5,40.0,158.0
Zuacc,6,5,499.0,495.0,599.0
green toys,6,1,499.0,229.0,499.0
soundcore by Anker,6,0,2364.0,1099.0,8499.0
truTRTL,6,2,869.0,449.0,999.0
7UP,5,5,169.0,25.0,229.0
Aazol,5,3,245.0,179.0,399.0
Abhi,5,2,126.0,108.0,163.0
Abrexo,5,4,389.0,249.0,419.0
Absolut Mixers,5,5,121.0,69.0,121.0
Acme Poshan,5,0,216.0,144.0,456.0
Agrileaf,5,0,299.0,189.0,499.0
Alpino,5,4,365.0,165.0,520.0
Anchor,5,0,369.0,99.0,879.0
Anekaant,5,0,1199.0,999.0,3199.0
Apex,5,5,649.0,279.0,735.0
Assembly,5,1,1249.0,799.0,4499.0
Axe,5,4,900.0,225.0,900.0
BRB,5,4,35.0,35.0,39.0
Baby Go,5,0,999.0,387.0,1499.0
BabyPro,5,2,799.0,199.0,869.0
Bagrry's,5,1,217.0,89.0,299.0
Baidyanath,5,4,320.0,198.0,658.0
Being Bania,5,3,229.0,189.0,249.0
Black Beast Nutrition,5,5,1399.0,519.0,1399.0
Boba Bhai,5,4,89.0,89.0,89.0
Bolt,5,0,899.0,499.0,1299.0
Borecha,5,3,76.0,65.0,77.0
Bosco,5,0,899.0,449.0,2999.0
Breckelle's,5,1,1399.0,499.0,2699.0
Britannia 5050,5,3,46.0,26.0,89.0
Buttr,5,3,299.0,299.0,399.0
CIR,5,3,296.0,259.0,514.0
CMF by Nothing,5,0,2999.0,2099.0,3999.0
CP Plus,5,0,2699.0,2399.0,2949.0
Cadbury,5,4,120.0,34.0,295.0
Cadbury Chocobakes,5,5,70.0,60.0,122.0
Calvadoss,5,0,360.0,299.0,399.0
Campus,5,0,749.0,559.0,999.0
Caruso Italy,5,2,395.0,299.0,395.0
Chitale,5,0,119.0,96.0,229.0
Cocoyaya,5,4,40.0,30.0,3990.0
Colors Queen,5,4,349.0,149.0,649.0
Contraband,5,5,1488.0,1271.0,2200.0
Cote D'or,5,4,540.0,450.0,540.0
Cozy Nose,5,5,329.0,299.0,449.0
CraftTray,5,2,699.0,299.0,699.0
Creeva,5,1,649.0,199.0,1699.0
Curl Up,5,0,561.0,485.0,1244.0
DOKi,5,0,100.0,96.0,199.0
Dapr.,5,3,675.0,425.0,675.0
Darkins,5,5,204.0,186.0,222.0
Dasher,5,4,469.0,297.0,469.0
Decathlon,5,1,485.0,299.0,799.0
Delishh,5,3,452.0,145.0,528.0
Denzuu,5,3,160.0,160.0,300.0
Dermatouch,5,4,189.0,123.0,199.0
Dr. Bio,5,0,115.0,59.0,189.0
Dr. Brown's,5,2,749.0,749.0,1249.0
Dr. Sanaya,5,2,1999.0,249.0,5500.0
Dry Fruit Hub,5,3,399.0,225.0,479.0
E.Wedel,5,1,199.0,149.0,199.0
Ekta,5,2,349.0,169.0,539.0
FEGSY,5,1,888.0,575.0,999.0
Fackelmann Happy Kitchen,5,4,109.0,39.0,268.0
Famyo,5,0,389.0,389.0,3499.0
FemiSafe,5,5,229.0,149.0,389.0
Fibrevo,5,3,249.0,149.0,413.0
Fortune Xpert,5,2,179.0,169.0,920.0
Frido,5,0,1239.0,826.0,2180.0
Frooti,5,1,79.0,10.0,99.0
Furnofy,5,0,1099.0,699.0,1499.0
GKY,5,0,299.0,269.0,699.0
Gauflora,5,0,559.0,559.0,559.0
Ghadi,5,3,124.0,10.0,214.0
Glassence,5,5,299.0,249.0,349.0
Gowardhan,5,5,416.0,105.0,777.0
Green Piece,5,0,369.0,329.0,379.0
HB Bakers Choice,5,5,170.0,149.0,199.0
Hamdard Khaalis,5,1,49.0,32.0,216.0
HarperCollins India,5,0,299.0,199.0,1996.0
Harveys,5,3,80.0,59.0,80.0
Havintha,5,4,249.0,220.0,320.0
Home Kouzina,5,3,199.0,125.0,199.0
Honey Bunny,5,3,509.0,499.0,547.0
Honitus,5,3,107.0,80.0,324.0
HotGown,5,4,299.0,299.0,299.0
House Wrap,5,5,199.0,189.0,549.0
House of EX,5,0,4999.0,1999.0,7999.0
Hully Gully,5,4,70.0,70.0,70.0
IFB Essentials,5,3,324.0,180.0,625.0
Ilearnngrow,5,0,239.0,139.0,379.0
Indica,5,1,47.0,35.0,140.0
Indomade,5,5,170.0,135.0,191.0
Indomie,5,0,23.0,20.0,115.0
JARS Collections,5,0,99.0,69.0,149.0
JN,5,2,499.0,449.0,749.0
Jameson,5,4,121.0,78.0,121.0
Jaypee Plus,5,1,745.0,325.0,775.0
John Jacobs,5,0,1999.0,1986.0,2231.0
KMJSA,5,0,298.0,199.0,398.0
Kab's Jackpot,5,3,52.0,35.0,52.0
Kangaro,5,4,106.0,60.0,195.0
Kayline,5,5,189.0,169.0,319.0
Kerrato Hair Fibres,5,1,750.0,485.0,940.0
Keventers,5,0,109.0,88.0,119.0
Khetika,5,2,45.0,42.0,99.0
Kinder Joy,5,4,150.0,50.0,150.0
Krvvy,5,2,599.0,359.0,1499.0
Ksheer Sagar,5,0,126.0,111.0,213.0
Kwality Wall's Cornetto,5,3,40.0,35.0,70.0
L'Occitane,5,2,2549.0,1200.0,4300.0
La Carne,5,0,257.0,171.0,370.0
La Pink,5,5,339.0,249.0,349.0
Legal Bribe,5,1,575.0,425.0,1999.0
Liberty Shoes,5,2,563.0,365.0,799.0
Lijjat,5,1,80.0,80.0,115.0
Liquid IV,5,3,349.0,298.0,1076.0
London Dairy,5,0,135.0,133.0,144.0
Lotus Herbals,5,3,192.0,159.0,300.0
M-Seal,5,5,59.0,29.0,75.0
MAHARISHI ayurveda,5,2,209.0,199.0,709.0
Maiva Pro,5,0,99.0,99.0,1699.0
MakeMeeBold,5,0,2399.0,249.0,2599.0
Manam Chocolate,5,5,495.0,475.0,745.0
Mangalam,5,4,265.0,143.0,299.0
McGraw Hill,5,0,1095.0,825.0,1225.0
Mercely's,5,0,179.0,149.0,219.0
Milka,5,5,327.0,327.0,327.0
Mirinda,5,2,50.0,40.0,169.0
Mirza Sahab,5,1,160.0,160.0,190.0
Miss Highness,5,1,2229.0,1749.0,4999.0
MisterVeg,5,5,190.0,190.0,199.0
Moody,5,1,400.0,224.0,510.0
Moody Girl,5,5,399.0,399.0,399.0
Mountain Dew,5,2,96.0,40.0,199.0
Mystiq Living,5,2,287.0,199.0,469.0
Nature Fresh,5,3,218.0,143.0,914.0
Navratna,5,5,149.0,92.0,209.0
Nestle Lactogen,5,4,460.0,460.0,580.0
Nike,5,3,609.0,324.0,1721.0
Nirmalaya,5,0,152.0,144.0,979.0
Nirula's,5,1,114.0,114.0,114.0
Nisara,5,3,599.0,399.0,799.0
Noirdate,5,5,379.0,379.0,379.0
Nourish,5,4,51.0,37.0,113.0
Nutrabay,5,0,691.0,300.0,1799.0
NutriPro,5,3,1299.0,299.0,5000.0
Palmolive,5,5,195.0,128.0,436.0
Paras,5,5,609.0,155.0,681.0
Peppy,5,4,60.0,43.0,4999.0
Phlavar,5,0,299.0,245.0,1199.0
Pieces and Accents,5,0,1599.0,770.0,2499.0
Pletheon,5,0,449.0,199.0,1299.0
Pokryt,5,1,999.0,245.0,999.0
Polyfix,5,3,299.0,199.0,399.0
Prime,5,4,149.0,149.0,199.0
Pro Nature,5,2,79.0,70.0,157.0
Propsicle,5,3,349.0,199.0,999.0
Protouch,5,3,1999.0,269.0,2199.0
Pujashree,5,0,199.0,115.0,479.0
PureFlowTape,5,3,699.0,599.0,999.0
Ramsons,5,1,595.0,280.0,849.0
Ratan Brooms,5,2,99.0,59.0,139.0
Re' Equil,5,2,281.0,280.0,660.0
Red Rock Deli,5,2,54.0,51.0,125.0
Red Tape,5,3,959.0,839.0,1049.0
Revital,5,2,31.0,31.0,518.0
Rey Naturals,5,3,299.0,249.0,499.0
Romsons,5,3,57.0,43.0,375.0
Rosique,5,1,499.0,199.0,1499.0
Rumeha,5,1,99.0,69.0,99.0
Saamagree,5,0,189.0,169.0,349.0
Salve,5,2,299.0,299.0,399.0
Samisha,5,0,265.0,205.0,280.0
Satmola,5,4,50.0,50.0,60.0
Secret Alchemist,5,4,1200.0,700.0,1400.0
Shift,5,4,349.0,175.0,349.0
Similac,5,3,645.0,580.0,950.0
Simmply,5,0,86.0,56.0,95.0
Simple,5,3,360.0,232.0,490.0
Skrill,5,1,899.0,279.0,999.0
Skyria,5,1,899.0,599.0,1899.0
SleepRabbit,5,3,449.0,299.0,899.0
Sofit,5,3,37.0,37.0,145.0
Spartan,5,1,249.0,129.0,500.0
StyleMake,5,3,1599.0,699.0,2349.0
Sunfeast Mom's Magic,5,5,34.0,29.0,130.0
Suroskie,5,3,699.0,599.0,1305.0
Suryaviva,5,1,1199.0,299.0,1799.0
TNT,5,4,1499.0,599.0,1799.0
TWM,5,0,259.0,159.0,310.0
Talia & Sage,5,3,299.0,189.0,489.0
The Bamboo Bae,5,5,199.0,179.0,349.0
The Kalaa Store,5,0,299.0,239.0,479.0
Toreto,5,3,159.0,99.0,399.0
Tuco Kids,5,0,362.0,101.0,500.0
Twinings,5,1,353.0,142.0,378.0
Udupi Munch,5,2,48.0,44.0,50.0
United Colors Of Benetton,5,2,1866.0,482.0,2627.0
Urban Fest,5,1,119.0,79.0,529.0
Urban Space,5,0,1169.0,799.0,1999.0
Urban Yog,5,1,399.0,279.0,499.0
VAMA,5,1,398.0,248.0,498.0
Vimal,5,4,265.0,169.0,335.0
Wellbeing Nutrition,5,2,1199.0,460.0,5989.0
Wholicious,5,1,187.0,157.0,255.0
WildHorn,5,2,499.0,499.0,499.0
Wildflower Naturals,5,5,692.0,346.0,1189.0
XTCY,5,4,99.0,90.0,99.0
Xclamation,5,5,71.0,66.0,71.0
Yellocut,5,0,299.0,199.0,449.0
Yodley,5,5,179.0,179.0,179.0
got2b,5,3,630.0,315.0,675.0
myPAPERCLIP,5,0,325.0,208.0,695.0
&Done,4,2,387.0,249.0,1599.0
1950 origins,4,0,551.0,456.0,664.0
AND,4,4,634.0,179.0,799.0
Aafarin,4,1,517.0,340.0,1799.0
Aasaan Decor,4,1,556.0,371.0,596.0
Aashirvaad Svasti,4,4,676.5,466.0,778.0
Aava,4,4,184.5,75.0,660.0
Adil Qadri,4,3,799.5,400.0,1350.0
Agranik,4,3,209.0,159.0,269.0
Air Wear,4,1,562.5,499.0,999.0
Alps Goodness,4,1,354.5,110.0,729.0
Alterati,4,3,210.0,210.0,250.0
Amazon,4,2,5374.0,4499.0,6499.0
Amezo,4,0,485.0,475.0,525.0
Amma's Special,4,1,58.0,55.0,99.0
Amul Kool Cafe,4,2,30.0,30.0,35.0
Appy Fizz,4,3,40.0,34.0,100.0
Aptamil,4,4,1010.0,1010.0,1010.0
Aqueria,4,0,349.0,299.0,399.0
Arata,4,0,319.0,229.0,599.0
Artarium,4,3,1099.0,699.0,1499.0
Atmosphere Studio,4,3,222.0,136.0,250.0
Atovio,4,0,5649.0,799.0,7999.0
BB Bharat Bazaar,4,4,189.5,176.0,230.0
BOBO,4,0,1749.0,1299.0,2699.0
Bab Louie & Co.,4,0,414.0,329.0,499.0
Bare Wear,4,4,899.0,799.0,1099.0
Beauty of Joseon,4,2,1400.0,700.0,1420.0
BeeBaby,4,1,235.0,206.0,270.0
Beotkkot,4,2,239.0,199.0,749.0
Better Nutrition,4,3,237.5,106.0,649.0
Beveromatic,4,3,649.0,469.0,1349.0
Bevzilla,4,1,142.5,90.0,365.0
Bharat Organics,4,1,68.5,59.0,322.0
Bingo Tedhe Medhe,4,1,63.5,16.0,111.0
Bionfit,4,1,249.0,199.0,1299.0
Biotique Natural Makeup,4,3,114.5,102.0,275.0
Blue Tree,4,0,1499.0,1499.0,1499.0
Bodycare,4,0,577.5,297.0,798.0
Boomer,4,2,46.0,45.0,126.0
Britannia Marie Gold,4,0,63.0,29.0,124.0
Britannia Milk Bikis,4,1,54.5,30.0,104.0
Britannia Pure Magic,4,0,69.0,26.0,102.0
Bru Gold,4,2,199.5,99.0,486.0
Bunvox,4,3,334.0,249.0,399.0
Caddle & Toes,4,4,539.0,260.0,1999.0
California Skin+,4,2,240.0,149.0,295.0
Cambay Tiger,4,1,183.5,176.0,249.0
Candyman,4,0,48.5,45.0,50.0
Case-Magic,4,0,189.0,189.0,999.0
Casio,4,1,1120.0,495.0,1695.0
Catwalk,4,0,125.0,125.0,125.0
Celsera,4,2,349.0,249.0,499.0
Chand Suraj,4,3,189.0,179.0,199.0
Cheetos,4,0,147.0,41.0,469.0
Chef's Basket,4,1,83.0,83.0,99.0
Chillfi,4,4,70.0,55.0,85.0
Choki Choki,4,4,27.0,25.0,113.0
Chuk,4,2,101.5,69.0,169.0
Classmate Verite,4,1,125.0,100.0,125.0
Clean & Clear,4,4,238.0,206.0,300.0
Cloudsell India,4,0,599.0,599.0,999.0
Continental,4,2,100.0,86.0,130.0
Cremeitalia,4,1,222.0,189.0,301.0
Crompton,4,0,662.0,175.0,1175.0
Cynvexa,4,2,299.0,249.0,349.0
DNV,4,1,43.5,31.0,57.0
Daak Vaak,4,0,244.0,189.0,299.0
Dancing Panda,4,0,599.0,479.0,1099.0
Darshanam,4,1,289.0,249.0,299.0
Decathlon Quechua,4,0,849.0,389.0,1499.0
Delulu,4,4,99.0,99.0,282.0
Dermicool,4,2,139.0,119.0,139.0
Dhampure,4,3,63.5,34.0,363.0
Dietfest,4,1,579.0,149.0,699.0
Divine Bite,4,2,280.0,260.0,280.0
Dokro,4,1,1024.0,399.0,1299.0
Dr. Sheth's,4,0,606.0,269.0,877.0
Dream Beauty,4,3,494.0,299.0,849.0
Dukes,4,2,38.5,24.0,114.0
Dyazo,4,0,949.0,299.0,999.0
ETUDE,4,2,326.0,247.0,720.0
Earth Chakra,4,2,799.0,499.0,1199.0
Ecofira,4,0,307.5,200.0,350.0
Emigel Professional,4,2,374.0,279.0,699.0
Entisi Chocolatier,4,2,349.0,129.0,499.0
Envy,4,2,239.0,179.0,299.0
Eume,4,0,2999.5,1999.0,5999.0
Evereve,4,2,220.0,200.0,240.0
Fabeato,4,2,282.0,250.0,560.0
Fabinaliv,4,3,544.5,349.0,549.0
Feel Fresh,4,2,79.5,42.0,95.0
Fevikwik,4,3,62.5,40.0,80.0
Fixderma,4,3,389.5,347.0,1307.0
Flurys,4,0,225.0,192.0,488.0
Frabia,4,2,169.0,99.0,249.0
Fragrance & Beyond,4,2,699.0,599.0,1499.0
Fun Flips,4,4,44.0,43.0,45.0
GO24,4,0,692.5,270.0,799.0
Ghar Soaps,4,3,279.0,171.0,369.0
Girnar,4,3,135.0,100.0,135.0
Glosspops,4,4,1692.5,1585.0,1875.0
Godrej Expert,4,4,30.0,30.0,30.0
Godrej Fab,4,4,172.0,99.0,415.0
Godrej No.1,4,0,131.0,115.0,147.0
Golden Prize,4,2,525.0,480.0,570.0
Grihokon,4,3,259.0,212.0,449.0
HOLLYLAND,4,3,8749.0,4399.0,12199.0
Happi Planet,4,2,199.0,199.0,360.0
Happy Squirrel,4,0,212.5,185.0,250.0
Happydent,4,1,46.0,46.0,86.0
Head & Shoulders,4,0,218.0,218.0,498.0
Healthfab,4,3,299.0,299.0,299.0
Healthgenie,4,0,1074.0,898.0,2999.0
Heinz,4,3,230.0,148.0,271.0
Her Essentials,4,1,1299.0,549.0,1899.0
Herbaa,4,1,359.0,299.0,689.0
Hershey's Exotic Dark,4,3,149.5,147.0,224.0
Hilex,4,3,293.0,249.0,369.0
Himalayan Natives,4,2,144.5,80.0,942.0
Hookup,4,1,599.0,399.0,599.0
I AM by Dolly Jain,4,0,1730.0,1730.0,1730.0
IFFCO Urban Gardens,4,1,344.0,299.0,449.0
Ikonic Professional,4,2,612.0,379.0,4250.0
Indulekha,4,3,287.5,135.0,490.0
Innovate Stationery,4,3,159.5,150.0,169.0
Irazmo,4,3,849.0,849.0,899.0
Jaggic,4,2,177.5,170.0,195.0
Jivo,4,3,320.0,171.0,609.0
Judge,4,1,579.0,179.0,859.0
Just Herbs,4,0,149.0,149.0,149.0
Jute Cottage,4,1,534.0,299.0,599.0
KLF,4,4,112.0,31.0,181.0
Kaidoo,4,2,154.0,149.0,199.0
Kaku Fancy Dresses,4,0,750.0,499.0,1000.0
Kanwarjis Confectioners,4,3,264.0,239.0,565.0
Kesh King,4,2,321.5,179.0,448.0
Kiddysafe,4,3,374.0,349.0,475.0
Kilobeaters,4,2,299.0,294.0,339.0
Koparo Clean,4,1,197.0,89.0,430.0
Krishi Cress,4,2,218.0,97.0,296.0
LIT,4,4,180.0,25.0,349.0
La Americana,4,3,53.5,47.0,73.0
Lahori,4,1,240.0,20.0,240.0
Lapcare,4,3,789.0,399.0,979.0
Lattafa,4,2,4284.0,4079.0,5500.0
Leosoft,4,3,448.5,369.0,599.0
Lindt,4,2,437.0,275.0,599.0
Listerine,4,3,205.5,178.0,366.0
Little Rituals,4,1,576.5,500.0,646.0
Llum,4,4,329.0,329.0,329.0
Loacker,4,1,200.0,174.0,209.0
MAYOR,4,1,289.0,219.0,1699.0
Malkist,4,2,41.0,19.0,57.0
Man Matters,4,0,599.0,299.0,949.0
Manna,4,3,162.5,104.0,278.0
Masai Homes,4,2,474.0,399.0,699.0
Mateya,4,0,210.0,199.0,225.0
Mattel,4,2,170.0,128.0,239.0
Mivi,4,0,1599.0,699.0,2999.0
Motorwax,4,2,287.0,245.0,495.0
MuscleTech,4,2,1674.0,499.0,4799.0
My Soul Adult Store,4,4,164.0,129.0,269.0
Mysore Sandal,4,4,111.5,42.0,245.0
Naalsa,4,2,252.0,144.0,299.0
Namyaa,4,3,202.0,95.0,349.0
Native Again Heritage,4,1,214.0,209.0,329.0
Nature's Solutions,4,0,149.0,129.0,169.0
Neha,4,2,70.0,40.0,200.0
Nestle NAN PRO,4,3,775.0,775.0,775.0
NeuroGum,4,3,209.0,209.0,209.0
Nippo,4,3,77.0,65.0,149.0
Not Rocket Science,4,3,133.0,133.0,399.0
Nutnberry,4,4,547.0,285.0,899.0
Nutrirootz,4,2,329.0,149.0,499.0
Nuvie,4,3,99.0,89.0,110.0
Nuvy,4,3,299.5,199.0,359.0
Nuzzle,4,2,324.0,299.0,1599.0
Nycil,4,3,143.0,143.0,150.0
O'yes,4,4,50.0,50.0,50.0
Odd Fellows,4,1,189.0,169.0,199.0
Odeon,4,0,315.0,315.0,399.0
Ohonesty,4,2,399.0,349.0,449.0
Om Books International,4,0,189.0,99.0,489.0
Organic Soul,4,4,170.5,154.0,179.0
Organic Zing,4,1,230.5,199.0,244.0
Origami Klassic,4,2,94.0,65.0,309.0
Outlook English,4,0,100.0,100.0,100.0
PHD,4,3,607.5,278.0,686.0
Pamperbug,4,1,217.0,199.0,259.0
Panchhi,4,3,188.0,150.0,237.0
Panda's Box,4,0,802.0,779.0,803.0
Parachute,4,2,307.0,180.0,475.0
Parul Garg,4,2,470.0,325.0,990.0
Patang,4,3,170.0,165.0,210.0
Peepul Tree,4,0,724.0,449.0,1299.0
Pepsodent,4,1,107.0,90.0,156.0
Philips Avent,4,3,467.5,388.0,585.0
Pigeon Baby,4,2,201.5,95.0,341.0
Pinq Polka,4,3,906.0,791.0,1407.0
Police,4,1,3301.0,2709.0,3673.0
Popbar,4,0,124.0,59.0,705.0
Pork Passion,4,0,281.0,188.0,354.0
Pride of Cows,4,4,189.0,99.0,1968.0
Puramio,4,3,306.5,273.0,330.0
Puraroma,4,1,819.0,779.0,869.0
Purastep,4,2,349.0,299.0,399.0
Pureheart,4,0,899.0,105.0,1299.0
Pusht Organic,4,1,290.0,220.0,375.0
QIPS,4,0,222.0,121.0,939.0
Qiroko,4,0,684.0,349.0,999.0
Radhu & Kabby,4,1,204.5,149.0,399.0
Rasasi,4,1,3509.0,2300.0,5789.0
Raw,4,2,90.0,50.0,150.0
Raybrite  Lighting Sense,4,0,449.0,299.0,699.0
Real Cheers,4,3,75.0,60.0,90.0
Real Nut,4,3,395.0,395.0,399.0
Reebok,4,0,314.5,299.0,330.0
Repeat Gud,4,3,192.0,185.0,255.0
Riddhika Ventures,4,0,99.0,99.0,99.0
Roasty Tasty,4,3,199.0,189.0,199.0
Roseate Farms,4,1,1110.0,695.0,1415.0
Rosier,4,1,540.0,115.0,1199.0
S Chand,4,0,724.5,545.0,899.0
SOHI,4,0,1367.0,739.0,1691.0
SanDisk,4,3,14494.0,2639.0,33999.0
Sandpuppy,4,0,524.0,399.0,649.0
Sapphire Dry Nuts,4,3,369.0,285.0,379.0
Saptrishi,4,0,79.0,74.0,159.0
Sarkar,4,0,1499.0,1499.0,2499.0
Sattvik Earth,4,1,182.0,119.0,194.0
Satvikveda,4,1,210.0,199.0,249.0
Schwarzkopf Taft,4,1,487.0,460.0,525.0
Secret Of Vedas,4,2,314.0,269.0,329.0
Secret Temptation,4,2,270.0,177.0,568.0
Set Wet,4,3,111.0,85.0,234.0
Setu,4,0,800.0,266.0,1199.0
Sexsea,4,3,649.0,599.0,699.0
Shasha,4,2,62.0,24.0,77.0
Shatayushi Farms,4,3,37.0,23.0,96.0
Sheaffer,4,3,1000.0,950.0,1595.0
Sheeras,4,2,148.5,139.0,169.0
Shesha Ayurveda,4,1,274.5,199.0,399.0
Shoegr,4,2,486.5,249.0,699.0
Shrida,4,2,287.0,199.0,1099.0
Shuffle,4,0,99.0,79.0,99.0
Smith & Jones,4,2,64.5,43.0,67.0
Soex,4,3,100.0,100.0,100.0
Softspun,4,2,239.0,112.0,339.0
Soi Flamecraft,4,0,424.5,350.0,650.0
Sony,4,0,2640.0,549.0,4490.0
Starbucks,4,1,300.0,271.0,300.0
Storia,4,2,162.0,40.0,1145.0
Storite,4,0,349.0,299.0,599.0
Sumeru,4,0,168.0,123.0,211.0
Sunblaze,4,2,694.0,394.0,790.0
Svasthyaa,4,4,229.0,199.0,229.0
Sweetmate,4,3,299.0,209.0,319.0
Switz,4,0,109.5,99.0,225.0
Syruppo,4,2,485.0,213.0,485.0
T.T.,4,3,294.0,249.0,329.0
TABS,4,4,474.0,349.0,1499.0
TMI Colman,4,3,78.5,20.0,247.0
TNW The Natural Wash,4,0,559.0,363.0,743.0
Teddyy,4,2,471.0,159.0,491.0
TerraToss,4,1,249.0,199.0,399.0
Testo,4,3,60.0,60.0,105.0
The American Waffle Co,4,4,399.0,399.0,399.0
The Aroma Factory,4,0,299.0,299.0,299.0
The Bean Co Roasters,4,1,523.0,495.0,580.0
The Cradle Box,4,0,1449.0,1299.0,1999.0
The Perfume Co.,4,3,299.0,299.0,1499.0
The True Tomato,4,4,239.0,239.0,255.0
Thick Fiber,4,3,840.0,550.0,984.0
Thums Up,4,2,42.5,38.0,94.0
Tirtir,4,1,1125.0,350.0,2050.0
Topcan,4,1,414.0,396.0,475.0
Treo,4,0,369.0,269.0,839.0
Trident,4,1,160.0,151.0,160.0
Truth & Hair,4,1,615.0,430.0,750.0
Umami Brew,4,2,149.0,149.0,149.0
Unplug,4,1,1497.0,150.0,5499.0
Urban Kong,4,0,499.0,399.0,499.0
Vedic Tatva,4,1,394.5,249.0,499.0
Veigo,4,2,370.0,349.0,399.0
Veraku,4,2,273.0,237.0,343.0
Vestta,4,3,175.0,161.0,577.0
Viash,4,4,249.0,139.0,299.0
Viopatch,4,1,397.5,395.0,499.0
Vishv Books,4,0,205.0,200.0,350.0
Volini,4,4,156.0,48.0,186.0
Wall Wizard,4,1,1075.0,370.0,1499.0
Yajnas,4,2,412.0,223.0,699.0
Yalla Delights,4,0,495.0,495.0,495.0
Youth Robe,4,1,154.0,135.0,169.0
Zaicus,4,1,749.0,499.0,899.0
Zip Zoop,4,2,574.0,299.0,799.0
Zlade,4,0,2249.0,1499.0,3999.0
Zoop,4,1,945.0,795.0,1195.0
Zunvolt,4,0,824.5,459.0,1899.0
aroma,4,1,449.0,299.0,499.0
2PM,3,1,39.0,39.0,50.0
3 Lines,3,1,495.0,395.0,795.0
99pandit,3,2,245.0,199.0,250.0
AGIS,3,3,899.0,479.0,899.0
Abis Pro,3,0,179.0,139.0,199.0
Afnan,3,2,4489.0,4329.0,6119.0
Agro Mantra,3,1,147.0,143.0,169.0
Ah-ssa,3,0,109.0,109.0,135.0
Alaina,3,1,149.0,149.0,210.0
Allure,3,3,185.0,137.0,265.0
Alpenliebe Juzt Jelly,3,3,52.0,47.0,100.0
Alt Co,3,3,227.0,66.0,240.0
Amar International,3,1,65.0,57.0,65.0
Amaya Decors,3,0,899.0,652.0,1499.0
Amish,3,1,329.0,279.0,329.0
Amulspray,3,2,263.0,255.0,510.0
Anamaya,3,2,190.0,186.0,199.0
Ananda,3,2,300.0,78.0,593.0
Anmol Aahar,3,1,189.0,189.0,189.0
Annie,3,3,335.0,279.0,499.0
Anomeo,3,0,443.0,295.0,596.0
Antinorm,3,2,899.0,799.0,1199.0
Anua,3,2,2000.0,1650.0,2000.0
Aquacolor,3,0,188.0,188.0,844.0
Arihant Books,3,0,355.0,215.0,2810.0
Armaf,3,2,5337.0,261.0,6800.0
Asaya,3,2,425.0,270.0,760.0
Asian Aura,3,1,419.0,335.0,599.0
Athelas,3,2,199.0,149.0,299.0
Avolt,3,0,60.0,39.0,60.0
Azebon,3,2,259.0,259.0,299.0
BOOHZ,3,3,115.0,115.0,115.0
Baby Dove,3,2,184.0,137.0,303.0
Backbay,3,3,119.0,119.0,129.0
Bail Kolhu,3,3,212.0,207.0,1062.0
Bake,3,1,299.0,279.0,349.0
Bakemate,3,1,349.0,129.0,449.0
Bansiwala,3,3,215.0,119.0,219.0
Barbie,3,2,761.0,428.0,854.0
Bare Necessities,3,0,999.0,259.0,1459.0
Barilla,3,0,399.0,320.0,399.0
Barista,3,3,495.0,390.0,495.0
Be Me,3,0,275.0,239.0,3099.0
Be.,3,2,749.0,749.0,2149.0
Bebe,3,3,66.0,63.0,75.0
Beej Spices,3,1,479.0,135.0,520.0
Bili Hu Coffees,3,1,649.0,375.0,674.0
Bio Code,3,2,825.0,699.0,999.0
Biodance,3,2,400.0,400.0,400.0
Bioderma,3,2,549.0,522.0,1599.0
Bitamin,3,1,309.0,154.0,479.0
Blackboar,3,2,499.0,99.0,549.0
Blendart,3,1,179.0,159.0,279.0
BluHeat,3,2,349.0,279.0,349.0
Britannia Good Day Chunkies,3,1,40.0,40.0,72.0
Britannia Treat Jim Jam,3,1,90.0,36.0,97.0
Bubz,3,2,570.0,570.0,570.0
Bulfyss,3,1,359.0,319.0,409.0
BulkHunt,3,0,600.0,245.0,600.0
Business Today,3,0,200.0,200.0,200.0
Cadbury Choclairs,3,3,114.0,50.0,180.0
Cadbury Fuse,3,3,78.0,45.0,107.0
Cadbury Gems,3,3,42.0,20.0,90.0
CamPure,3,3,239.0,219.0,239.0
CandiExotics,3,3,183.0,183.0,199.0
Careswipe,3,1,349.0,149.0,399.0
Caribou,3,1,1098.0,298.0,1450.0
Carpe Victus,3,1,249.0,79.0,249.0
Celestaire,3,2,243.0,149.0,329.0
Centrum,3,3,54.0,54.0,461.0
Centy Toys,3,2,289.0,279.0,309.0
Chacha Chaudhary,3,2,125.0,70.0,125.0
Chakmak,3,1,235.0,149.0,799.0
Chandan,3,2,50.0,45.0,190.0
Chevalier,3,2,390.0,390.0,490.0
Chic & Grace,3,1,249.0,239.0,299.0
Chocoville,3,3,233.0,213.0,257.0
Chopard,3,0,3819.0,2849.0,4419.0
Colombian Brew Coffee,3,2,99.0,93.0,105.0
Complan,3,3,66.0,66.0,306.0
Cookie Craft,3,1,359.0,279.0,360.0
Cookieman,3,0,89.0,70.0,372.0
Cornitos Pop n Crunch,3,1,252.0,238.0,273.0
Cuddlenest,3,3,399.0,399.0,1159.0
Curryit,3,2,49.0,49.0,69.0
DMB Sweets,3,2,128.0,99.0,188.0
Dabur Amla,3,1,97.0,59.0,135.0
Dadev,3,1,455.0,245.0,495.0
Daffodil,3,0,599.0,499.0,599.0
Dam Good Fish,3,0,152.0,152.0,157.0
Decathlon Kiprun,3,0,399.0,399.0,799.0
Delfi,3,2,300.0,300.0,300.0
DeliBohemi,3,1,189.0,169.0,219.0
Dell,3,0,6599.0,309.0,15574.0
Devaaya,3,3,469.0,346.0,564.0
Devsudh,3,0,425.0,389.0,525.0
Dine Clean,3,2,650.0,310.0,699.0
Dish Brite,3,3,145.0,135.0,194.0
Dispovan,3,0,66.0,51.0,110.0
Dollar,3,0,398.0,398.0,599.0
Domex,3,1,373.0,200.0,373.0
Downey,3,1,599.0,499.0,999.0
Dr Arya,3,1,219.0,219.0,229.0
Dr. Ortho,3,1,360.0,276.0,720.0
Earthen Story,3,2,299.0,270.0,299.0
Earthy Bliss,3,0,179.0,169.0,189.0
Eden & Brooks,3,3,289.0,223.0,299.0
Elan Vivre,3,3,599.0,599.0,620.0
Elemnt,3,3,309.0,279.0,649.0
Elevate,3,3,360.0,360.0,360.0
Elvan,3,3,124.0,117.0,124.0
Enchant Home,3,0,499.0,499.0,799.0
Engage On,3,2,69.0,67.0,69.0
Epigamia Origins,3,0,112.0,38.0,112.0
Erthri,3,0,210.0,115.0,365.0
Evervess,3,2,58.0,58.0,58.0
Fashion clouds,3,3,349.0,250.0,399.0
Fena,3,3,92.0,84.0,337.0
Fevistik,3,2,35.0,25.0,40.0
Figaro,3,2,351.0,206.0,372.0
Filixtrue,3,1,253.0,203.0,317.0
Fitness Friends,3,0,389.0,199.0,480.0
Flair Creative,3,0,50.0,50.0,50.0
Flicka,3,3,855.0,234.0,1614.0
Forbes India,3,0,200.0,200.0,200.0
Freedom,3,0,195.0,191.0,367.0
Frendo,3,1,219.0,219.0,699.0
Fresh Brew Co.,3,2,495.0,495.0,495.0
Freshville,3,3,275.0,197.0,275.0
Frizty,3,0,1199.0,1099.0,1599.0
Frontline,3,0,150.0,150.0,150.0
Fumato,3,0,1299.0,1199.0,2849.0
Funskool,3,3,380.0,217.0,900.0
Garnier Men,3,3,240.0,240.0,240.0
Gas O Fast,3,1,59.0,54.0,150.0
Gatorade,3,1,50.0,50.0,50.0
Gimi Gimi,3,2,42.0,42.0,42.0
Girish,3,1,289.0,249.0,1094.0
Glun,3,0,99.0,99.0,149.0
Go colors,3,0,899.0,599.0,899.0
Grainzz,3,2,279.0,279.0,279.0
GreenTokri,3,2,249.0,219.0,319.0
Gresbond by Kajaria,3,1,180.0,99.0,299.0
Gulab,3,2,314.0,231.0,1289.0
Gunsberg,3,3,89.0,89.0,99.0
HMD,3,0,2239.0,1499.0,2239.0
HOME BUD by Kushal,3,1,320.0,239.0,450.0
Habibs Orgamatics,3,0,249.0,179.0,599.0
Hado,3,1,120.0,120.0,120.0
Haka,3,2,499.0,349.0,499.0
Hampa,3,3,435.0,399.0,1099.0
Hari Setu,3,0,350.0,350.0,350.0
Healthfarm,3,0,699.0,599.0,699.0
Heeralal's,3,3,199.0,180.0,280.0
Helios,3,1,90.0,81.0,270.0
Herbal Brews,3,3,449.0,299.0,599.0
Hexafun,3,0,390.0,290.0,599.0
Hide & Seek Milano,3,0,51.0,51.0,100.0
Hiffin,3,0,2999.0,999.0,4499.0
Himalaya Wellness,3,2,210.0,25.0,450.0
Hindflame,3,1,1999.0,1099.0,7499.0
Hindson,3,2,498.0,398.0,698.0
Hiphop,3,2,289.0,199.0,299.0
Hold Up,3,0,249.0,169.0,299.0
Home Blend,3,2,350.0,340.0,599.0
House of Himalayas,3,0,198.0,195.0,279.0
Hueclo,3,0,49.0,49.0,49.0
ITC Nimyle,3,0,310.0,111.0,370.0
ITEMY,3,1,395.0,199.0,495.0
Indian Secrets,3,2,199.0,199.0,375.0
Indra Sugandh Bhandar,3,2,380.0,380.0,429.0
Indulgeo Essentials,3,1,337.0,330.0,1239.0
Jaipur Ace,3,2,389.0,229.0,449.0
Jashnewala,3,1,299.0,179.0,300.0
Jaspo,3,1,299.0,99.0,379.0
Jawai,3,2,229.0,229.0,249.0
Jewar,3,2,400.0,350.0,2378.0
Joker & Witch,3,0,1199.0,289.0,5499.0
Joy,3,3,232.0,158.0,235.0
Kalprishi,3,1,95.0,71.0,151.0
Kapiva Ayurveda,3,1,343.0,284.0,537.0
Kashmir Premium Harvest,3,3,416.0,356.0,499.0
Kavi The Poetry-Art Project,3,0,899.0,599.0,999.0
Kenaz,3,2,499.0,499.0,499.0
Kibi Kibi,3,1,375.0,375.0,375.0
Kidoyz,3,3,299.0,299.0,499.0
Kiehls,3,0,2100.0,490.0,2100.0
Kingone,3,0,1499.0,1499.0,5999.0
Kinley,3,1,20.0,19.0,168.0
Kiwi,3,0,90.0,90.0,179.0
Kleenest,3,1,86.0,28.0,169.0
KlenShine,3,3,189.0,185.0,199.0
Kohinoor,3,3,388.0,149.0,488.0
Kolar,3,2,279.0,249.0,299.0
Kravio,3,1,359.0,359.0,359.0
Ksma,3,1,199.0,179.0,1999.0
Ktein,3,1,260.0,198.0,299.0
Kuber,3,1,260.0,210.0,297.0
Kwality,3,1,94.0,48.0,236.0
L.O.T Build,3,3,429.0,429.0,429.0
Layer'r,3,1,329.0,252.0,356.0
LetsShave,3,1,199.0,99.0,272.0
Lickcious,3,3,595.0,349.0,595.0
Limetro Steel,3,1,1809.0,1809.0,2699.0
Link,3,2,135.0,68.0,207.0
Liora,3,1,169.0,169.0,225.0
Lotus Make-up,3,3,260.0,156.0,458.0
Lux Inferno,3,0,538.0,538.0,539.0
MBDH Wellness Ignite,3,3,599.0,599.0,699.0
MIA&J,3,1,350.0,290.0,370.0
MRD Designer Hub,3,0,389.0,299.0,399.0
MTR 3 Minute,3,3,27.0,27.0,27.0
Maaza,3,1,70.0,38.0,80.0
Maggi Nutrilicious,3,1,101.0,30.0,140.0
Magic Pot Read N Colour,3,0,35.0,35.0,35.0
Maharaja Whiteline,3,0,799.0,599.0,999.0
Manetain,3,1,522.0,522.0,664.0
Mart Mantraa,3,3,249.0,199.0,289.0
Masaami,3,1,657.0,268.0,792.0
Masala Mandi,3,1,125.0,125.0,160.0
Mawana,3,1,113.0,80.0,390.0
Meatigo,3,2,239.0,220.0,315.0
Mediker,3,2,171.0,56.0,196.0
Medimix,3,3,148.0,93.0,214.0
Mestiere,3,3,299.0,189.0,329.0
Metallure Home,3,1,449.0,349.0,449.0
Mexim,3,1,499.0,219.0,630.0
Milkfood,3,3,302.0,296.0,597.0
Mille,3,1,1779.0,151.0,1999.0
Millets & More,3,3,50.0,48.0,50.0
Minature,3,1,279.0,269.0,319.0
Mittal Organics,3,2,249.0,199.0,349.0
Moderate,3,2,475.0,199.0,1299.0
Moov,3,3,164.0,152.0,203.0
Morde,3,3,265.0,220.0,270.0
More Light,3,3,274.0,99.0,399.0
Mountain Breeze,3,3,139.0,139.0,139.0
Mr. Choice,3,1,129.0,129.0,329.0
Muuchstac,3,3,220.0,150.0,290.0
My Pooja Box,3,0,249.0,149.0,499.0
My party suppliers,3,0,299.0,299.0,299.0
NB Crafted,3,0,249.0,199.0,399.0
NEV,3,0,479.0,349.0,1299.0
Namhya,3,2,399.0,269.0,419.0
Naturbaked,3,2,65.0,57.0,79.0
Nature Good,3,2,86.0,56.0,272.0
Nature's Choice,3,2,298.0,279.0,699.0
Nescafe Gold,3,0,662.0,399.0,1325.0
Nestle Milkybar,3,2,50.0,40.0,50.0
Nestle NAN EXCELLAPRO,3,3,915.0,915.0,950.0
Nish Hair,3,2,1899.0,1099.0,2499.0
Nolan West,3,0,299.0,299.0,299.0
Numour,3,0,6999.0,6500.0,6999.0
Nutella,3,2,239.0,187.0,722.0
Nutralite,3,1,290.0,63.0,309.0
Nutrela,3,3,50.0,48.0,50.0
Nutri Harvest,3,2,350.0,349.0,355.0
Nytarra,3,2,439.0,329.0,495.0
Olaplex,3,2,2950.0,2950.0,3200.0
Old Hill,3,3,425.0,340.0,635.0
Old Spice,3,2,199.0,71.0,310.0
Oleev,3,1,268.0,181.0,1360.0
One Science Nutrition,3,1,999.0,699.0,999.0
Orbit,3,3,50.0,50.0,128.0
Ortho + Rest,3,1,469.0,449.0,499.0
Oye Happy,3,0,129.0,69.0,169.0
Oye Makhnaa,3,2,135.0,135.0,135.0
PLOVO,3,1,230.0,179.0,499.0
Pan Macmillan,3,0,550.0,417.0,699.0
Pantene,3,2,232.0,229.0,305.0
Paperkraft,3,0,350.0,335.0,350.0
Paramdhyey,3,2,299.0,225.0,449.0
Parle Krackjack,3,1,64.0,35.0,121.0
Parle Melody,3,2,90.0,50.0,100.0
Party Midlinkerz,3,1,999.0,349.0,999.0
Pearlpet,3,1,360.0,285.0,375.0
Pebble,3,0,5499.0,3999.0,5999.0
Perrier,3,1,325.0,195.0,769.0
Personal Touch Skincare,3,1,129.0,125.0,199.0
Phitku,3,3,749.0,749.0,749.0
Pigeon,3,1,1458.0,189.0,1495.0
Pitambari,3,2,96.0,50.0,194.0
Poshio,3,0,819.0,178.0,819.0
Pro Organic Life,3,2,258.0,239.0,289.0
Pro365,3,1,279.0,159.0,499.0
Prolume,3,0,132.0,98.0,400.0
Pudin Hara,3,2,63.0,54.0,132.0
Pure Roots Herbals,3,1,220.0,210.0,279.0
Purecuts,3,0,109.0,79.0,179.0
Pyoura,3,1,349.0,230.0,349.0
Qubo,3,1,9990.0,2890.0,17990.0
Quesla,3,3,299.0,299.0,349.0
RAS Luxury Skincare,3,2,927.0,879.0,1341.0
Raj Super White,3,2,199.0,199.0,269.0
Rajnigandha,3,3,260.0,210.0,350.0
Ralfhsenses,3,3,150.0,150.0,425.0
Ramano's,3,2,640.0,640.0,640.0
Rangeela,3,3,106.0,25.0,122.0
Rasna,3,3,71.0,71.0,71.0
Reese's,3,2,273.0,273.0,273.0
Regaliz,3,3,760.0,675.0,1165.0
Relow,3,2,220.0,210.0,220.0
Rexona,3,1,120.0,114.0,195.0
Ronnie Coleman,3,0,2499.0,2299.0,3399.0
Rooh Afza,3,2,170.0,30.0,293.0
Rooted Delights,3,0,115.0,115.0,115.0
Roxmac,3,2,299.0,299.0,349.0
Royal Dry Fruits,3,1,321.0,297.0,349.0
Rubab Men,3,0,349.0,299.0,499.0
Ruhe,3,0,986.0,986.0,1599.0
S E,3,3,349.0,329.0,399.0
SFT,3,1,339.0,289.0,349.0
SPIKY,3,1,460.0,460.0,460.0
Sadhna.co,3,0,249.0,249.0,249.0
Salpido,3,0,1999.0,1999.0,2499.0
Samsung,3,0,1609.0,999.0,9999.0
Sapana,3,1,329.0,269.0,349.0
Saptamveda,3,2,399.0,299.0,599.0
Saral Home,3,0,399.0,399.0,399.0
Sattviko,3,0,96.0,96.0,96.0
Scrop Cooler,3,1,259.0,219.0,469.0
Sebamed,3,2,560.0,520.0,605.0
Secure Steps,3,0,329.0,278.0,999.0
Selpak,3,0,588.0,332.0,669.0
SensoProx,3,1,220.0,180.0,250.0
Seung Toko,3,0,45.0,45.0,45.0
Shree Anandhaas,3,2,200.0,169.0,249.0
Shree Delight,3,2,169.0,149.0,184.0
Simply Nam,3,1,674.0,559.0,743.0
Sittella,3,3,149.0,135.0,149.0
Sjeware,3,2,169.0,169.0,179.0
Skillmatics,3,3,622.0,94.0,699.0
Skin1004,3,0,950.0,665.0,950.0
Skinroth,3,2,329.0,259.0,589.0
Skippi,3,1,143.0,143.0,247.0
Skitch,3,2,264.0,202.0,649.0
Skuviz,3,3,268.0,249.0,388.0
Skyvik,3,0,2299.0,1990.0,2499.0
SlickFix,3,1,245.0,229.0,1129.0
Slings,3,1,166.0,164.0,999.0
Sneakare,3,1,297.0,199.0,299.0
Sober & Co,3,1,60.0,60.0,240.0
Soul & Scents,3,0,599.0,599.0,599.0
Soxbae,3,1,299.0,299.0,299.0
Spring H2o,3,0,324.0,179.0,449.0
Spritz by Typsy,3,3,650.0,550.0,699.0
Sprowt,3,2,349.0,299.0,349.0
Sting,3,3,30.0,20.0,154.0
Streax Pro,3,1,323.0,179.0,451.0
Sunfeast Baked Creations,3,3,176.0,174.0,177.0
Superfuels.,3,2,299.0,299.0,399.0
Supervek,3,1,495.0,495.0,1995.0
Swarajya India,3,0,290.0,239.0,339.0
SynoCare,3,3,289.0,237.0,365.0
TP-Link,3,0,2099.0,499.0,2799.0
Table White,3,2,101.0,62.0,280.0
Tata Soulfull,3,3,65.0,50.0,65.0
Tattvic,3,0,499.0,379.0,499.0
Tea Leaf & Co.,3,1,219.0,219.0,219.0
Tedibar,3,2,375.0,300.0,656.0
Teejh,3,0,1899.0,389.0,2999.0
The Advitya,3,2,599.0,499.0,899.0
The Better J,3,2,249.0,239.0,269.0
The Egg Co.,3,1,106.0,69.0,307.0
The Fresh Livery,3,2,399.0,399.0,399.0
The Little Farm Co.,3,2,208.0,200.0,208.0
The Modern Ritual,3,0,189.0,189.0,210.0
The Natural,3,1,130.0,81.0,312.0
The Naturik Co,3,0,159.0,155.0,294.0
The Tea Trove,3,1,209.0,204.0,209.0
The Urban Eggs,3,0,94.0,54.0,264.0
Themisto,3,0,899.0,499.0,999.0
Threptin,3,1,478.0,453.0,480.0
Thrillerrr,3,0,1599.0,1199.0,2999.0
Tim Fashion,3,0,799.0,799.0,999.0
Tinker Squad,3,0,499.0,499.0,499.0
Tinkle,3,0,179.0,169.0,359.0
Top Ramen,3,1,95.0,49.0,184.0
Tri-Activ,3,0,119.0,81.0,119.0
TrueBasics,3,2,3559.0,899.0,5699.0
Trylo,3,1,479.0,379.0,660.0
Tulsi,3,2,310.0,293.0,359.0
Twisted Tails,3,1,200.0,200.0,200.0
Uncle Chipps,3,2,39.0,20.0,39.0
UniBash,3,0,699.0,599.0,999.0
Univrs,3,2,349.0,349.0,499.0
Upyogaa,3,0,349.0,299.0,799.0
Urbanfix,3,1,199.0,129.0,399.0
VIP,3,0,1869.0,280.0,2141.0
Vasmol,3,0,200.0,196.0,260.0
Vida,3,3,99.0,99.0,125.0
Vilasiya,3,2,299.0,299.0,299.0
Vogue Panash,3,1,1749.0,229.0,1749.0
Volantis,3,1,599.0,599.0,599.0
WINGO,3,3,249.0,225.0,399.0
Wellness Surgicals,3,3,100.0,68.0,132.0
Wellwith,3,3,399.0,370.0,1249.0
Whole Foods,3,1,86.0,72.0,86.0
Wild Vitamin Drink,3,1,115.0,115.0,128.0
Wildcraft,3,0,699.0,449.0,749.0
Wipness,3,2,299.0,199.0,399.0
Wonder Fresh,3,2,38.0,20.0,200.0
Wooq Organics,3,1,439.0,289.0,579.0
Wrap n Pak,3,0,199.0,199.0,219.0
Yakult,3,3,100.0,90.0,100.0
Yashgaurav,3,2,149.0,90.0,220.0
Yonex,3,1,2229.0,1309.0,3299.0
Zaycca,3,0,198.0,198.0,290.0
Zeel,3,1,689.0,149.0,999.0
Zelly,3,1,199.0,199.0,199.0
Zen Sangam,3,2,210.0,199.0,299.0
Zhola,3,1,2999.0,1299.0,4999.0
eo - Everyday Organisers,3,0,499.0,379.0,499.0
i-choose,3,2,241.0,228.0,375.0
pastaZara,3,1,262.0,194.0,388.0
3 G Clean,2,2,354.0,349.0,359.0
52 Sundaze,2,2,485.0,345.0,625.0
7 Diamonds,2,0,44.0,43.0,45.0
AA Traders,2,0,94.0,89.0,99.0
ACwO,2,0,1849.0,1699.0,1999.0
AGEasy,2,0,2108.5,1874.0,2343.0
ANT,2,0,249.0,119.0,379.0
AROMAS by MERRYLAND,2,1,249.0,249.0,249.0
AURIK,2,2,252.5,155.0,350.0
Abracadabra,2,0,1249.0,1199.0,1299.0
Absorbia,2,0,649.0,599.0,699.0
Acasa By Little Italy,2,1,320.5,313.0,328.0
Acer,2,0,8349.0,7699.0,8999.0
Acharya Prashant,2,0,199.0,199.0,199.0
Adeha,2,1,52.5,50.0,55.0
Adexpressions,2,1,499.0,499.0,499.0
Adrenaline Rush,2,0,54.0,54.0,54.0
Adulthood,2,0,198.5,198.0,199.0
Adviva,2,1,294.0,259.0,329.0
Adya Organics,2,1,339.0,339.0,339.0
Akkad Bakkad Kids,2,1,40.0,40.0,40.0
All Man,2,1,439.0,379.0,499.0
Alo Frut,2,1,250.0,235.0,265.0
Amalgama,2,0,180.0,180.0,180.0
Amar Chitra Katha,2,1,99.0,99.0,99.0
Amrith Noni,2,0,884.5,270.0,1499.0
Amrove,2,0,344.0,299.0,389.0
Amul Lite,2,1,77.5,50.0,105.0
Amul Mithai Mate,2,1,99.0,68.0,130.0
Andaah,2,1,127.5,100.0,155.0
Anjali Gold,2,2,247.5,213.0,282.0
Anjani Chirawa Wala,2,2,239.5,199.0,280.0
AnjaniputrA,2,1,299.0,299.0,299.0
Anothr,2,1,109.0,109.0,109.0
Anzi,2,1,254.0,209.0,299.0
Apis,2,1,159.0,99.0,219.0
Aquafina,2,1,50.0,20.0,80.0
Artistic Dunia,2,2,349.0,349.0,349.0
Athvion,2,0,1098.0,1098.0,1098.0
Auric,2,1,316.5,188.0,445.0
Axlon,2,2,189.0,189.0,189.0
Ayumcure,2,1,489.0,279.0,699.0
Azzaro,2,0,4725.0,4250.0,5200.0
B-G Telephone Brand,2,1,297.5,250.0,345.0
BEBOY,2,1,199.0,199.0,199.0
BIC Cello,2,0,189.0,75.0,303.0
BabyOrgano,2,0,279.0,209.0,349.0
Babyliss,2,0,5499.0,1999.0,8999.0
Bacardi,2,2,165.0,165.0,165.0
Bahubali Digiglam,2,0,162.0,149.0,175.0
Baiko,2,1,437.0,249.0,625.0
Bake King,2,1,199.0,199.0,199.0
Banner & Co,2,0,60.0,50.0,70.0
Basic Essentials,2,1,207.0,162.0,252.0
Basil,2,1,2249.0,1999.0,2499.0
Bathla,2,0,2199.0,1799.0,2599.0
Beanly,2,1,99.0,99.0,99.0
Beardhood,2,1,241.0,201.0,281.0
Berkowits,2,0,899.0,899.0,899.0
Bestum,2,1,279.0,259.0,299.0
Betty Crocker,2,2,232.0,166.0,298.0
Bhoomi Farms,2,1,44.0,40.0,48.0
Bibo,2,0,139.5,139.0,140.0
Bigen,2,2,417.5,405.0,430.0
Bigmuscles Nutrition,2,0,1848.0,1697.0,1999.0
Bigsmall,2,1,2249.0,1499.0,2999.0
Bikaneri Basket,2,2,224.0,219.0,229.0
Biluma,2,2,629.5,547.0,712.0
Bingo Hashtags,2,0,44.5,30.0,59.0
Biolage,2,2,604.0,308.0,900.0
Black + Decker,2,0,327.5,199.0,456.0
Bliss by Anju,2,0,380.0,360.0,400.0
Blueprint,2,0,1000.0,1000.0,1000.0
Bombay 99,2,1,48.0,45.0,51.0
Bombay Greens,2,0,282.0,265.0,299.0
Bontress,2,2,1041.0,807.0,1275.0
Booster,2,0,346.5,312.0,381.0
Boroline,2,1,42.5,40.0,45.0
Boroline Suthol,2,2,66.0,47.0,85.0
Boroplus,2,1,124.0,89.0,159.0
Bounty,2,0,126.5,99.0,154.0
Braun Homes,2,2,549.0,499.0,599.0
Breath Fix,2,2,599.0,599.0,599.0
Britannia Little Hearts,2,1,57.0,26.0,88.0
Briyo,2,2,335.0,295.0,375.0
Brooke Bond Taaza,2,2,155.0,60.0,250.0
Brothsmen,2,2,179.0,174.0,184.0
Bunai Ghar,2,2,364.0,349.0,379.0
Burrf,2,1,80.0,75.0,85.0
C4,2,0,1899.0,1899.0,1899.0
CARRA,2,1,239.5,230.0,249.0
CHIC,2,2,324.0,299.0,349.0
Cadbury Perk,2,1,52.5,20.0,85.0
Cadbury Temptations,2,2,110.0,110.0,110.0
Camveda,2,1,499.0,449.0,549.0
Can Pour,2,0,184.5,70.0,299.0
Candid,2,2,135.0,130.0,140.0
Candytech,2,0,574.0,349.0,799.0
Canon,2,0,695.0,595.0,795.0
Carbamide Forte,2,1,686.5,674.0,699.0
Caredone,2,1,166.0,157.0,175.0
Carryitout,2,1,224.0,199.0,249.0
Casa De Amor,2,0,524.5,350.0,699.0
Catron,2,2,724.0,349.0,1099.0
Chakna Makhna,2,1,167.0,165.0,169.0
ChicTresses,2,0,139.0,129.0,149.0
Chotiwale,2,0,207.5,170.0,245.0
Christopher,2,2,72.5,70.0,75.0
Clapjoy,2,1,599.0,499.0,699.0
Cleanfect,2,1,442.5,195.0,690.0
Cleanzo,2,2,89.5,60.0,119.0
Clear,2,0,154.0,20.0,288.0
Clipper,2,2,65.0,60.0,70.0
Cookwell,2,0,3649.5,1299.0,6000.0
Cool Pop,2,1,60.0,60.0,60.0
Cozyclean,2,2,240.5,190.0,291.0
Craftivity,2,0,173.5,138.0,209.0
Cravana,2,1,251.5,115.0,388.0
Cristiano Ronaldo,2,0,755.5,621.0,890.0
Crocon,2,1,1249.0,499.0,1999.0
Crunchy Karma,2,1,199.0,199.0,199.0
Custo,2,0,1299.0,599.0,1999.0
DEDOX,2,1,279.0,259.0,299.0
DND,2,1,266.5,234.0,299.0
Dabur Vatika,2,2,154.0,154.0,154.0
Daily Mate,2,0,226.0,163.0,289.0
Dancing Cow,2,2,360.0,240.0,480.0
David Beckham,2,1,3419.0,2709.0,4129.0
Dc Comics,2,0,669.0,569.0,769.0
Dead Honest,2,1,260.0,260.0,260.0
Decathlon Artengo,2,0,99.0,99.0,99.0
Decathlon Corength,2,0,789.0,709.0,869.0
Decathlon FLX,2,0,374.0,299.0,449.0
Dehati Pushtak,2,1,84.0,59.0,109.0
Delhi Pasand,2,0,284.0,169.0,399.0
Deli,2,0,435.0,375.0,495.0
Delight nuts,2,0,293.0,289.0,297.0
Denzour Nutrition,2,1,602.0,449.0,755.0
Desirix,2,2,329.0,199.0,459.0
Devdarshan,2,1,325.0,295.0,355.0
Dhanush Baan,2,2,205.0,175.0,235.0
Diesel,2,0,3761.5,3204.0,4319.0
Diet Tofu,2,1,44.5,35.0,54.0
Disney Pixar,2,0,199.0,149.0,249.0
Dixcy Scott Alpha Series,2,0,338.0,292.0,384.0
Djokr,2,0,501.0,501.0,501.0
Doppio By Korebi Coffee,2,2,207.5,195.0,220.0
Dosch,2,2,399.0,299.0,499.0
Dr Pepper,2,1,214.0,209.0,219.0
Dr. Morepen,2,2,299.0,249.0,349.0
DrFoot,2,0,374.0,299.0,449.0
Dras Ice,2,1,77.0,75.0,79.0
Dust Out,2,1,159.5,155.0,164.0
Dymatize,2,0,15499.0,12999.0,17999.0
Dynamite,2,1,679.0,679.0,679.0
E Everlush,2,2,220.0,195.0,245.0
EOSIO,2,0,459.0,399.0,519.0
ERZL,2,0,40.5,39.0,42.0
EaglesFord,2,1,312.0,299.0,325.0
Earth Story Farms,2,0,309.0,269.0,349.0
Earthy Fables,2,0,1699.0,1699.0,1699.0
Earthypick,2,0,187.0,169.0,205.0
Easyfit,2,0,307.5,300.0,315.0
Ecosys,2,1,512.0,425.0,599.0
Eduwation,2,1,724.0,299.0,1149.0
Eggee provita+,2,1,231.5,140.0,323.0
Ekum,2,2,164.0,159.0,169.0
Elbaa,2,2,549.0,499.0,599.0
Electrorush,2,0,120.0,120.0,120.0
Embarouge,2,1,2049.0,1999.0,2099.0
Estuary,2,0,179.0,179.0,179.0
Ethiglo,2,1,178.5,97.0,260.0
Eurowrap,2,1,199.0,199.0,199.0
Eva,2,2,268.5,178.0,359.0
Exit No Entry,2,0,279.5,260.0,299.0
Ez-life,2,1,376.5,279.0,474.0
Ezee,2,0,74.5,59.0,90.0
Farm Elements,2,1,267.0,235.0,299.0
Farm Made,2,2,226.5,154.0,299.0
Fashion Bizz,2,2,164.0,109.0,219.0
Femenest,2,1,722.0,454.0,990.0
Ferragamo,2,0,8114.0,8059.0,8169.0
Ferrero Raffaello,2,1,336.5,269.0,404.0
Fevicol MR,2,1,65.0,45.0,85.0
Fidelo,2,2,399.0,299.0,499.0
Fitelo,2,1,999.0,999.0,999.0
Flash,2,1,294.5,190.0,399.0
Flite,2,1,369.0,339.0,399.0
Floryn Decor,2,0,399.0,299.0,499.0
Foora,2,2,418.0,338.0,498.0
Fortune Pehli Dhar,2,2,245.5,232.0,259.0
Four.Five,2,0,499.0,499.0,499.0
Freemans,2,0,242.5,194.0,291.0
French Royale,2,1,849.0,599.0,1099.0
From Granny,2,0,269.0,239.0,299.0
Fruit Jump,2,1,65.0,60.0,70.0
Fruittella,2,2,34.0,34.0,34.0
Fuel One,2,0,2349.0,2299.0,2399.0
FunDough,2,2,194.0,159.0,229.0
Funny Tales,2,2,499.0,499.0,499.0
Fur Jaden,2,1,724.0,599.0,849.0
GM,2,1,164.0,129.0,199.0
Gaia,2,2,544.0,469.0,619.0
Garh Ganga Farmers,2,2,575.0,400.0,750.0
Gatsby,2,0,349.0,299.0,399.0
Gearztouch,2,2,324.0,149.0,499.0
Genone,2,0,242.0,185.0,299.0
Geonix,2,0,2199.0,399.0,3999.0
Get Snappy,2,2,949.0,899.0,999.0
Getmecraft,2,0,249.0,199.0,299.0
Giantpro,2,0,299.0,299.0,299.0
Gift Ka Dabba,2,1,238.5,199.0,278.0
Glenburn,2,2,424.5,399.0,450.0
Glow Cupid,2,1,199.0,149.0,249.0
Godrej,2,2,141.0,141.0,141.0
Godrej Ezee,2,1,329.5,250.0,409.0
Godrej Genteel,2,2,329.0,319.0,339.0
Godrej Nupur,2,1,140.0,80.0,200.0
Godrej Protekt,2,2,74.0,49.0,99.0
Godrej Real Good,2,0,229.5,219.0,240.0
Godrej Spic,2,2,124.5,94.0,155.0
Good Monk,2,2,412.0,199.0,625.0
Good Morning,2,1,199.0,199.0,199.0
Grand Pitstop,2,1,412.0,175.0,649.0
Green Gainz,2,2,199.0,199.0,199.0
Green Protein,2,2,912.0,627.0,1197.0
Greenbrrew,2,0,385.0,385.0,385.0
Greenkin,2,2,339.0,329.0,349.0
Grihshobha,2,0,70.0,68.0,72.0
Grishva,2,1,439.0,179.0,699.0
Gritzo,2,0,899.0,899.0,899.0
Guppy Mom's,2,2,354.0,349.0,359.0
GuyLian,2,1,506.0,487.0,525.0
H7 Pure Elegance,2,1,950.0,950.0,950.0
HUFT,2,0,128.0,127.0,129.0
Habitat,2,2,189.0,189.0,189.0
Hairshield,2,0,257.0,145.0,369.0
Handycrafts,2,0,256.5,256.0,257.0
Harrelz,2,2,399.0,399.0,399.0
Hasbro Gaming,2,2,599.0,199.0,999.0
Hauser,2,0,120.0,120.0,120.0
Health Fields,2,0,299.5,215.0,384.0
HealthSense India,2,0,2100.0,1700.0,2500.0
Heartfelt Art,2,0,339.0,279.0,399.0
Heka Bites,2,1,47.0,47.0,47.0
Hem,2,2,65.0,65.0,65.0
Herbal Essences,2,0,758.5,512.0,1005.0
Herbal Nawab,2,2,599.0,599.0,599.0
Hesthetic,2,0,274.0,199.0,349.0
HiFlyers,2,1,389.0,379.0,399.0
Hibiscus Monkey,2,1,718.5,655.0,782.0
Hicks,2,0,187.5,50.0,325.0
HideTheory,2,1,549.0,499.0,599.0
Highlights Genies,2,0,66.0,64.0,68.0
Himster,2,1,699.0,699.0,699.0
Hindustan Times,2,1,399.5,299.0,500.0
Holacozy,2,0,249.0,249.0,249.0
Homelites,2,1,10.0,10.0,10.0
Homemonde,2,0,1699.0,1399.0,1999.0
Homesake,2,1,1549.5,699.0,2400.0
Homez it,2,0,304.0,69.0,539.0
Homeze,2,0,324.0,299.0,349.0
Hoop,2,2,465.0,410.0,520.0
Hotchaa,2,0,236.0,202.0,270.0
Housonicenterprise,2,2,239.0,229.0,249.0
Hummingbird,2,1,324.0,249.0,399.0
Hutsy,2,1,171.0,153.0,189.0
Hydrise,2,0,299.0,299.0,299.0
I'MWow,2,0,299.0,249.0,349.0
IVillage,2,1,274.5,250.0,299.0
Ice Talk,2,2,119.0,119.0,119.0
Ika Store,2,2,399.0,399.0,399.0
Ikki,2,2,282.0,215.0,349.0
Ikonic Me,2,1,1849.0,1299.0,2399.0
Impulse coffees,2,2,424.0,149.0,699.0
Indic Wisdom,2,1,264.0,239.0,289.0
Indicow,2,1,862.0,645.0,1079.0
Indimix,2,2,121.5,100.0,143.0
Iodex,2,1,194.5,190.0,199.0
Isopure,2,1,1213.0,945.0,1481.0
Jacob's Creek,2,0,551.0,258.0,844.0
Jacques Bogart,2,1,2949.0,2919.0,2979.0
Jaquline USA,2,2,264.0,229.0,299.0
Jeevan Jyoti,2,0,199.0,199.0,199.0
Jify,2,1,259.0,259.0,259.0
Jo,2,1,120.0,120.0,120.0
Jolochip,2,2,256.5,243.0,270.0
Jus'Amazin,2,2,357.0,315.0,399.0
JusVeg,2,1,128.5,117.0,140.0
Jvapa,2,0,159.0,158.0,160.0
K - One,2,2,302.0,295.0,309.0
K1,2,2,524.0,499.0,549.0
KARBD,2,0,550.0,500.0,600.0
KLF Coconad,2,2,252.5,197.0,308.0
KLJP,2,0,999.0,999.0,999.0
Kairvi,2,0,549.0,499.0,599.0
Kalakaram,2,1,833.5,498.0,1169.0
Kamiliant,2,0,15105.0,2798.0,27412.0
Kari Kari,2,0,50.0,50.0,50.0
Kaya,2,1,188.0,188.0,188.0
Kcofoil,2,1,194.0,139.0,249.0
Keeps and Finds,2,0,499.0,499.0,499.0
Kellogg's Chocos,2,0,69.0,64.0,74.0
Keo Karpin,2,1,77.5,55.0,100.0
Kepps,2,1,187.0,187.0,187.0
Kesar,2,1,330.0,310.0,350.0
Khaitan,2,2,1474.0,1299.0,1649.0
Khowal's kitchen,2,1,364.0,359.0,369.0
Kiah Comfort,2,0,230.0,225.0,235.0
King Uncle,2,0,264.5,170.0,359.0
Kings Coffee,2,0,120.0,116.0,124.0
Kipa,2,0,899.0,899.0,899.0
Kleeno,2,2,459.0,169.0,749.0
Koka,2,2,55.0,55.0,55.0
Kolorr,2,2,699.0,599.0,799.0
Kozicare,2,2,259.0,249.0,269.0
Kreo,2,0,1424.0,1349.0,1499.0
Kéragain,2,0,999.0,999.0,999.0
LG,2,2,489.0,279.0,699.0
LSRP'S Universal Fit,2,0,2099.5,1199.0,3000.0
Labnoft,2,2,699.0,699.0,699.0
LacyLook,2,0,349.0,349.0,349.0
Laddoo Legacy,2,1,324.0,199.0,449.0
Lakme Blush & Glow,2,2,78.5,75.0,82.0
Lala Balloon,2,2,299.0,299.0,299.0
Lazy Gardener,2,1,537.0,485.0,589.0
Le Damas,2,2,1749.0,1699.0,1799.0
Lecco,2,1,399.0,299.0,499.0
Life Raksha,2,1,200.0,200.0,200.0
Lifebuoy Total 10,2,1,231.5,199.0,264.0
Light Up,2,0,494.0,449.0,539.0
Limca,2,2,69.5,40.0,99.0
Linc,2,1,75.0,50.0,100.0
Lion,2,2,148.5,126.0,171.0
Liril,2,0,222.0,154.0,290.0
Littloo,2,2,326.5,184.0,469.0
Livora,2,1,423.5,349.0,498.0
Logitech,2,0,1295.0,495.0,2095.0
Lunaer,2,1,494.0,494.0,494.0
Luxeberry,2,2,738.0,598.0,878.0
Luxehome International,2,1,459.0,449.0,469.0
Luxor Crayola,2,0,324.0,249.0,399.0
M&M Works,2,0,799.0,599.0,999.0
M&M's,2,2,170.0,170.0,170.0
MAD STREETch,2,0,874.0,249.0,1499.0
MESAI,2,1,699.0,699.0,699.0
Madhu Kunj,2,0,199.5,199.0,200.0
Madhur,2,0,190.0,65.0,315.0
Madhusudan,2,2,374.0,132.0,616.0
Magic Train,2,2,849.0,849.0,849.0
Mahakosh,2,2,170.5,146.0,195.0
Mamma Love,2,0,249.0,199.0,299.0
Manogyam,2,0,619.0,239.0,999.0
Marlit,2,0,237.5,224.0,251.0
Marvik,2,1,374.0,249.0,499.0
MasQ,2,1,264.0,249.0,279.0
Mashki,2,0,349.0,199.0,499.0
MaxKleen,2,2,139.0,99.0,179.0
Maxstar,2,0,1349.0,799.0,1899.0
Meraki by Whole Farm,2,0,389.0,209.0,569.0
Mesmerize,2,0,1200.0,1200.0,1200.0
Milatos,2,1,949.5,799.0,1100.0
Millet Bisco,2,2,274.0,249.0,299.0
Millsmor,2,0,209.5,150.0,269.0
Mittal Books,2,1,474.0,459.0,489.0
Mobatree,2,1,849.0,499.0,1199.0
Mohan Ghee,2,2,499.0,499.0,499.0
Mojoco,2,2,107.5,80.0,135.0
MomsMade,2,2,324.0,279.0,369.0
Monin,2,2,401.5,378.0,425.0
Morinaga,2,2,399.0,399.0,399.0
Morning Fresh,2,0,291.5,133.0,450.0
Morphy Richards,2,0,1224.0,999.0,1449.0
Motoring,2,1,153.5,149.0,158.0
Motorola,2,0,1649.0,1499.0,1799.0
Mozo,2,2,85.0,80.0,90.0
Mr. Apple,2,1,124.5,99.0,150.0
Mr. Cleaner,2,1,215.0,202.0,228.0
Ms Magic Secret,2,0,2899.0,2899.0,2899.0
Mugdh,2,1,524.5,499.0,550.0
Mukhaksh,2,0,374.0,299.0,449.0
Muscle Club,2,0,2099.0,2099.0,2099.0
My Soul,2,1,134.0,109.0,159.0
MyProtein,2,0,3349.0,1699.0,4999.0
Myupchar Ayurveda,2,1,295.0,195.0,395.0
NAFED,2,1,136.0,103.0,169.0
NG Kids,2,0,65.0,65.0,65.0
Nack,2,0,1080.0,1049.0,1111.0
Namah,2,0,2197.0,1795.0,2599.0
Nari Choice,2,0,200.0,151.0,249.0
Natapure,2,0,354.0,339.0,369.0
Natch,2,0,262.5,250.0,275.0
Natural Tattva,2,1,213.5,66.0,361.0
Nature Prime,2,1,439.0,379.0,499.0
Naturesum,2,0,1009.5,450.0,1569.0
Naturgized,2,1,239.0,229.0,249.0
Nescafe Roastery,2,1,750.0,750.0,750.0
Nesta Toys,2,1,474.0,474.0,474.0
Nestea,2,0,202.5,198.0,207.0
Nestle Everyday,2,0,440.0,255.0,625.0
Nestle Milkmaid,2,2,109.5,79.0,140.0
Neutrogena,2,1,629.0,210.0,1048.0
Nexxus,2,1,1499.0,999.0,1999.0
Nighthawk- Energy Drink,2,2,78.0,78.0,78.0
Nihuzo,2,1,999.0,999.0,999.0
Nillkin,2,1,1499.0,1499.0,1499.0
NinoCo,2,0,1599.0,1599.0,1599.0
Nip,2,2,37.0,29.0,45.0
Nisha,2,0,142.5,135.0,150.0
No Secrets,2,1,474.0,349.0,599.0
Nourish You,2,0,315.0,270.0,360.0
Novology,2,1,659.0,595.0,723.0
Now Healthy,2,0,40.5,40.0,41.0
NutraChips,2,0,44.0,39.0,49.0
Nutrazen,2,1,1524.5,1450.0,1599.0
Nutricrate,2,1,239.0,219.0,259.0
Nutroactive,2,2,463.0,395.0,531.0
Nuts For Us,2,0,917.0,535.0,1299.0
Nyaara,2,2,549.0,299.0,799.0
ORSL,2,2,30.0,30.0,30.0
Oasis Baklawa,2,0,445.0,395.0,495.0
Ofixo,2,1,231.0,231.0,231.0
Ojivani,2,2,207.0,199.0,215.0
Omnigel,2,1,126.0,84.0,168.0
Onpoint Wares,2,2,287.5,250.0,325.0
Orange Yolk Co.,2,2,84.5,64.0,105.0
Oreal,2,1,256.0,236.0,276.0
Organic Diet,2,1,324.0,299.0,349.0
Organic Wisdom,2,2,249.0,249.0,249.0
Orgatre,2,2,227.0,189.0,265.0
Original Gangster,2,0,85.0,80.0,90.0
Oshea Herbals,2,1,161.0,102.0,220.0
OxyGlow Herbals,2,0,324.5,289.0,360.0
PAC,2,0,695.0,395.0,995.0
PFC Foods,2,0,387.5,375.0,400.0
PG,2,1,122.5,105.0,140.0
PackSmith,2,0,141.0,141.0,141.0
Paperbees,2,0,134.0,69.0,199.0
Paperika,2,2,249.0,199.0,299.0
Paricott,2,0,257.0,249.0,265.0
Parksons Cartamundi,2,1,49.0,49.0,49.0
Parle Marie,2,0,71.5,38.0,105.0
Parle Milano,2,0,58.0,34.0,82.0
Parodontax,2,2,110.0,110.0,110.0
Pastallio,2,2,290.0,290.0,290.0
PediaSure,2,1,607.5,541.0,674.0
Pee-Buddy,2,0,233.0,175.0,291.0
Pentel,2,0,97.0,74.0,120.0
Pentonic,2,0,120.0,120.0,120.0
Pestly,2,1,275.0,275.0,275.0
Pet Saffa,2,1,158.5,107.0,210.0
Peter England,2,0,397.0,369.0,425.0
Pidilite Fevicreate,2,1,324.5,149.0,500.0
Pidilite Stainoff,2,2,72.5,50.0,95.0
Pocky,2,1,169.0,169.0,169.0
Polka,2,1,197.0,169.0,225.0
PoppiGo,2,1,149.0,149.0,149.0
Post It,2,0,82.5,80.0,85.0
Praakritik,2,0,160.5,98.0,223.0
Prabhat Prakashan,2,0,242.0,185.0,299.0
Prakash Books,2,0,269.0,229.0,309.0
Pralina Schokoladen,2,1,1049.0,799.0,1299.0
Pranah,2,0,968.0,937.0,999.0
Pratap,2,2,895.0,895.0,895.0
Preet Lite,2,2,435.0,430.0,440.0
Prega News,2,0,149.0,107.0,191.0
Prekies,2,0,2999.0,2999.0,2999.0
Pro Home,2,2,249.0,219.0,279.0
Pro Plant,2,1,57.0,53.0,61.0
Pro-ease,2,1,183.5,119.0,248.0
Prokart,2,1,214.0,179.0,249.0
Promill,2,2,162.5,135.0,190.0
Proverve,2,0,399.0,249.0,549.0
Provilac,2,1,92.0,90.0,94.0
PuChak,2,1,289.0,279.0,299.0
Puretive,2,0,334.0,299.0,369.0
Qazila,2,1,497.0,497.0,497.0
Qtways,2,0,379.5,199.0,560.0
Quaker,2,1,121.5,86.0,157.0
Quasar,2,1,669.5,649.0,690.0
R Rawls,2,0,624.5,449.0,800.0
RR Rajwada Hing,2,1,172.0,165.0,179.0
Raaga Professional,2,0,889.0,432.0,1346.0
Rabitat,2,0,974.5,650.0,1299.0
Rad Living,2,0,999.0,499.0,1499.0
Radhe Flutes,2,0,399.0,399.0,399.0
Rage Coffee,2,1,116.0,90.0,142.0
Rareamrit,2,1,548.0,398.0,698.0
Rasdek,2,1,249.5,99.0,400.0
Rasrin,2,2,189.0,179.0,199.0
Real Madrid,2,0,849.0,799.0,899.0
Red Chief,2,1,2099.0,2099.0,2099.0
Rengvo,2,1,614.0,199.0,1029.0
Revive,2,1,155.0,147.0,163.0
Rhuhee By Amisha,2,1,494.0,489.0,499.0
Rica,2,1,1425.0,1425.0,1425.0
Rishta,2,0,132.5,130.0,135.0
Rivaaj,2,1,324.5,299.0,350.0
Riya,2,1,329.0,299.0,359.0
Robotek,2,1,494.0,399.0,589.0
Rockwell,2,1,1249.0,499.0,1999.0
Roff,2,2,155.5,109.0,202.0
Ronsher,2,0,239.0,229.0,249.0
Rose Star,2,0,1149.0,299.0,1999.0
Royaltail,2,1,1499.0,499.0,2499.0
Rupa Femmora,2,0,294.5,290.0,299.0
Rustic Art,2,0,377.5,356.0,399.0
SPOY,2,1,299.0,199.0,399.0
SacredHeart Crafts,2,0,72.0,69.0,75.0
Sakoraware,2,2,249.0,229.0,269.0
Samavam,2,1,622.5,595.0,650.0
Sangya Project,2,1,1999.0,999.0,2999.0
Sani Fresh,2,0,231.5,201.0,262.0
Santarms,2,0,204.0,189.0,219.0
Sarita,2,0,64.0,64.0,64.0
Scalpe Pro,2,2,247.5,190.0,305.0
Schmitten,2,2,550.0,540.0,560.0
Scoobies,2,2,649.0,499.0,799.0
Selsun,2,1,628.0,431.0,825.0
Sesa,2,1,205.0,160.0,250.0
Shakuntlam,2,0,844.0,179.0,1509.0
Shaper Peach,2,1,799.0,799.0,799.0
Shapercult,2,1,1299.5,600.0,1999.0
Shapermen,2,1,999.0,999.0,999.0
Sharbat Rehan,2,2,195.0,170.0,220.0
Sharma Business,2,2,165.0,165.0,165.0
Shree Aanantam,2,1,649.0,499.0,799.0
Sibling,2,2,192.5,174.0,211.0
Signature,2,0,424.0,399.0,449.0
Simply Staples,2,2,209.0,189.0,229.0
Skin Elements,2,0,259.0,209.0,309.0
SkinInspired,2,0,714.0,649.0,779.0
Skinny,2,2,96.5,45.0,148.0
Skittles,2,2,50.0,50.0,50.0
Slimjim,2,2,174.5,149.0,200.0
Smiisenses,2,0,649.0,399.0,899.0
Snackians,2,2,175.0,120.0,230.0
Sneira,2,1,169.0,149.0,189.0
SnoBite,2,0,327.5,280.0,375.0
So Sweet,2,2,232.5,168.0,297.0
Society,2,1,163.0,148.0,178.0
Softy Pulps,2,2,524.0,249.0,799.0
Soni Farms,2,1,236.5,189.0,284.0
Spigen,2,0,2349.0,999.0,3699.0
Spinz,2,1,110.0,99.0,121.0
Spotzero by Milton,2,0,1389.0,1069.0,1709.0
Standard,2,0,39.0,39.0,39.0
Staywell,2,1,3499.0,1999.0,4999.0
Stic,2,1,319.0,289.0,349.0
Stroom,2,1,126.5,64.0,189.0
Sugandh,2,0,297.0,195.0,399.0
Sugar Free Gold,2,2,114.5,75.0,154.0
SunScoop,2,0,481.0,213.0,749.0
Sunbean,2,1,134.0,119.0,149.0
SundarLaxmi,2,2,259.0,249.0,269.0
Sunfeast Fantastik,2,2,110.5,71.0,150.0
Sunfeast Marie Light,2,1,71.5,28.0,115.0
Sunfeast Sliced Cake,2,2,31.0,31.0,31.0
Sunfeast Wowzers,2,0,65.5,44.0,87.0
Suvilit,2,0,59.0,49.0,69.0
Suvria,2,2,240.5,184.0,297.0
Swisse,2,0,1012.5,900.0,1125.0
Swtantra,2,1,499.0,499.0,499.0
Syvo,2,0,1249.0,899.0,1599.0
TEMPT,2,1,774.0,549.0,999.0
Tanqueray Tonic water,2,1,80.0,80.0,80.0
Tantra,2,1,374.0,349.0,399.0
Tecsox,2,0,249.0,199.0,299.0
Tell Me Why,2,0,50.0,50.0,50.0
TemptWellness,2,2,240.0,185.0,295.0
Terminator,2,1,254.0,223.0,285.0
Terrai,2,1,649.0,539.0,759.0
Thakar,2,2,282.0,265.0,299.0
The Chakki Co.,2,2,320.0,320.0,320.0
The Decor Queen,2,0,449.0,299.0,599.0
The Divine Foods,2,1,359.5,299.0,420.0
The Divine Tales,2,0,724.0,449.0,999.0
The Gift Studio,2,1,599.0,199.0,999.0
The Granules,2,1,344.0,330.0,358.0
The Healthy Binge,2,1,149.0,149.0,149.0
The Honey Co.,2,0,229.0,189.0,269.0
The Indus Valley,2,0,744.0,489.0,999.0
The Malwa Story,2,0,135.0,135.0,135.0
The Pink Foundry,2,2,449.0,404.0,494.0
The Sleep Company,2,0,1499.0,999.0,1999.0
The Sock Street,2,0,285.0,275.0,295.0
The Spotted Cow,2,0,362.5,350.0,375.0
TheVineGirl,2,1,389.0,379.0,399.0
Thirsty Towel,2,0,999.0,999.0,999.0
Tiffany,2,2,49.0,49.0,49.0
Today Tea,2,2,94.0,73.0,115.0
Tony's Chocolonely,2,1,349.0,349.0,349.0
Tops Gold,2,2,123.5,100.0,147.0
Tosca,2,2,249.0,199.0,299.0
Tots & Bubbles,2,1,124.0,99.0,149.0
Trader's Choice,2,2,372.0,365.0,379.0
Trajectory,2,0,269.0,139.0,399.0
Trawee,2,1,349.0,299.0,399.0
Tribe Kombucha,2,2,250.0,250.0,250.0
Twix,2,0,129.5,88.0,171.0
Tygot,2,2,914.0,429.0,1399.0
UMAKE,2,2,224.0,199.0,249.0
UPC,2,1,849.0,499.0,1199.0
Ultimate Ears,2,0,10492.5,9990.0,10995.0
Ultrahuman,2,2,28499.0,28499.0,28499.0
Umai,2,0,582.0,295.0,869.0
Unique,2,2,244.0,224.0,264.0
Unique Stitch,2,1,799.0,799.0,799.0
Unwrap Happiness,2,1,204.0,149.0,259.0
Unwynd,2,1,154.0,149.0,159.0
Urban Organic,2,0,374.0,249.0,499.0
Urbanmooch,2,1,267.0,199.0,335.0
V-Guard,2,0,5350.0,4400.0,6300.0
VOLO,2,0,461.5,443.0,480.0
Vahdam,2,0,425.0,425.0,425.0
Vanitha Hindi,2,1,75.0,75.0,75.0
Varklin,2,2,344.0,340.0,348.0
Vedix,2,1,389.0,329.0,449.0
Vegetal,2,0,335.0,335.0,335.0
Velvey,2,0,499.5,499.0,500.0
Vendo,2,1,231.5,198.0,265.0
Venus Brush Industries,2,2,184.0,159.0,209.0
Veoni Belle,2,2,180.0,175.0,185.0
Vicco,2,1,120.0,90.0,150.0
Vicky,2,0,509.0,424.0,594.0
Vikram Mills,2,2,306.0,204.0,408.0
Village Desi Swad,2,1,545.5,511.0,580.0
Vinci Botanicals,2,0,867.0,335.0,1399.0
Vivel,2,2,83.0,83.0,83.0
Voylla Precious,2,0,1749.0,999.0,2499.0
Wanotta,2,0,1099.0,999.0,1199.0
Weird Wolf,2,1,549.0,499.0,599.0
Wheel,2,1,183.5,87.0,280.0
Winston,2,0,2244.5,999.0,3490.0
Wipro Safewash,2,2,248.5,202.0,295.0
Wonder Killex,2,2,274.0,199.0,349.0
Woohome,2,2,299.0,299.0,299.0
Wow World of Women,2,1,174.0,169.0,179.0
Wow! Smileys,2,1,201.5,170.0,233.0
Wrigley's Doublemint,2,1,49.0,48.0,50.0
XO Curls,2,0,299.0,299.0,299.0
Xergy,2,1,374.0,349.0,399.0
Yogi Kanthika,2,0,105.0,100.0,110.0
Z. Magnetism For Men,2,0,182.0,129.0,235.0
ZEISS,2,0,299.0,199.0,399.0
Zambooree,2,1,699.0,399.0,999.0
Zebra,2,0,137.0,99.0,175.0
Zeelab Pharmacy,2,2,208.0,137.0,279.0
Zerobeli,2,0,238.5,238.0,239.0
Zespri,2,1,122.0,101.0,143.0
Zoy,2,1,199.0,199.0,199.0
playR,2,0,1149.0,1099.0,1199.0
&Stirred Cocktail Mix,1,0,595.0,595.0,595.0
100Rab,1,0,158.0,158.0,158.0
3M,1,1,110.0,110.0,110.0
4Mation,1,0,499.0,499.0,499.0
5enses Co,1,0,1599.0,1599.0,1599.0
7 Health,1,0,460.0,460.0,460.0
8AM,1,1,225.0,225.0,225.0
ABPY,1,1,298.0,298.0,298.0
ADA,1,0,1399.0,1399.0,1399.0
AMRO Beautility Needs,1,1,299.0,299.0,299.0
AUM premium,1,0,800.0,800.0,800.0
AVL Subanithra,1,1,265.0,265.0,265.0
AVL deo 'n' fresh,1,1,290.0,290.0,290.0
Aadiras,1,1,1429.0,1429.0,1429.0
Aap Ka Bazar,1,0,899.0,899.0,899.0
Aaphra,1,1,1699.0,1699.0,1699.0
Aaradhyashakti,1,0,100.0,100.0,100.0
Aartish,1,0,599.0,599.0,599.0
Abdesigns,1,0,299.0,299.0,299.0
Abeers,1,0,175.0,175.0,175.0
Adonis,1,0,439.0,439.0,439.0
Aegte,1,0,649.0,649.0,649.0
AeroFlowTape,1,0,899.0,899.0,899.0
Aeroplane,1,1,399.0,399.0,399.0
Agaate,1,0,395.0,395.0,395.0
Agni Tattva Candles,1,0,499.0,499.0,499.0
Ahaario,1,1,356.0,356.0,356.0
Ahaglow,1,1,532.0,532.0,532.0
Ahmed AL Maghribi,1,1,5299.0,5299.0,5299.0
Aikia Flavours,1,1,349.0,349.0,349.0
Aim,1,0,10.0,10.0,10.0
Air Roma,1,1,159.0,159.0,159.0
Aircloud,1,1,299.0,299.0,299.0
Airganic,1,0,279.0,279.0,279.0
Airluxe,1,0,949.0,949.0,949.0
Airpro,1,0,369.0,369.0,369.0
Aiyu Herbals,1,0,149.0,149.0,149.0
Ajanta Quartz,1,1,575.0,575.0,575.0
Akkad Bakkad Varnamala,1,1,80.0,80.0,80.0
Aktual Foodz,1,1,368.0,368.0,368.0
Al asal,1,0,349.0,349.0,349.0
Aladdin Dates,1,1,314.0,314.0,314.0
Alfrezo,1,0,260.0,260.0,260.0
Aliste,1,1,350.0,350.0,350.0
Alovedose,1,1,2999.0,2999.0,2999.0
Alternate Scents,1,0,299.0,299.0,299.0
Amayah,1,0,169.0,169.0,169.0
Amazon Prime Membership,1,1,340.0,340.0,340.0
Amazon Shopping,1,1,100.0,100.0,100.0
Ambition Kids,1,0,299.0,299.0,299.0
Ameeha,1,0,1399.0,1399.0,1399.0
American Garden,1,0,225.0,225.0,225.0
Amkette,1,0,2499.0,2499.0,2499.0
Amma's Makhana,1,1,398.0,398.0,398.0
Amrut Tulsi,1,0,135.0,135.0,135.0
Amrutanjan,1,1,75.0,75.0,75.0
Anchal,1,0,136.0,136.0,136.0
Andy Sandy,1,0,169.0,169.0,169.0
Anjali,1,1,99.0,99.0,99.0
Ankit Toys & Games,1,1,270.0,270.0,270.0
Anmol,1,1,299.0,299.0,299.0
Anorah,1,0,1199.0,1199.0,1199.0
Ansubaa,1,0,185.0,185.0,185.0
Ant Value,1,0,499.0,499.0,499.0
Anugrah,1,0,125.0,125.0,125.0
Apibee,1,1,189.0,189.0,189.0
Apjab,1,1,472.0,472.0,472.0
Apollo Diagnostics,1,1,920.0,920.0,920.0
Apollo Pharmacy,1,1,233.0,233.0,233.0
Aqua Mist,1,0,199.0,199.0,199.0
Aqualens,1,0,145.0,145.0,145.0
Aquench,1,1,299.0,299.0,299.0
Arabian Aroma,1,1,299.0,299.0,299.0
Archer Tech Lab,1,0,999.0,999.0,999.0
Ariete,1,0,7990.0,7990.0,7990.0
Ark Collectives,1,1,999.0,999.0,999.0
Arnigo,1,1,440.0,440.0,440.0
Aroma Monk,1,0,299.0,299.0,299.0
Aromahpure,1,1,219.0,219.0,219.0
Ashok,1,0,299.0,299.0,299.0
Asian Grace,1,1,99.0,99.0,99.0
Asian Paints,1,0,3999.0,3999.0,3999.0
Askprints,1,1,199.0,199.0,199.0
Atarstory,1,1,299.0,299.0,299.0
Atman Farms,1,0,259.0,259.0,259.0
Atomberg,1,1,1499.0,1499.0,1499.0
Audio Array,1,1,2249.0,2249.0,2249.0
Aura Shakti,1,0,220.0,220.0,220.0
Auravita,1,1,189.0,189.0,189.0
Aurelia,1,1,298.0,298.0,298.0
Auriglo,1,0,999.0,999.0,999.0
Aurrelis,1,0,3499.0,3499.0,3499.0
Austere Store,1,0,349.0,349.0,349.0
Avast,1,0,223.0,223.0,223.0
Avesha,1,1,499.0,499.0,499.0
Avias,1,1,2649.0,2649.0,2649.0
Awesome Craft,1,1,299.0,299.0,299.0
Axis-Y,1,1,1550.0,1550.0,1550.0
Ayurescue,1,0,749.0,749.0,749.0
Ayush Premium,1,1,849.0,849.0,849.0
B Fizz,1,1,34.0,34.0,34.0
B11,1,1,179.0,179.0,179.0
BDF,1,0,289.0,289.0,289.0
BENKO,1,0,169.0,169.0,169.0
BLUUM,1,0,226.0,226.0,226.0
BOLIN,1,1,899.0,899.0,899.0
BSOUL,1,1,150.0,150.0,150.0
Baba Ji,1,1,189.0,189.0,189.0
Babio,1,0,149.0,149.0,149.0
Baby Beauty,1,0,149.0,149.0,149.0
Baby Forest,1,1,755.0,755.0,755.0
Babyliss Pro,1,0,6999.0,6999.0,6999.0
Babymoon,1,1,549.0,549.0,549.0
Bachpan,1,0,999.0,999.0,999.0
Bagicha By Jay Shree Tea,1,0,140.0,140.0,140.0
Bagwani,1,0,539.0,539.0,539.0
Bahamas,1,1,299.0,299.0,299.0
Bakeats,1,1,140.0,140.0,140.0
Balaji 100 Hundred,1,0,250.0,250.0,250.0
Ballantines,1,0,38.0,38.0,38.0
Baltra,1,0,5860.0,5860.0,5860.0
Bambo Nature,1,0,2513.0,2513.0,2513.0
Bare Glow,1,1,329.0,329.0,329.0
Bbold,1,1,404.0,404.0,404.0
Beauty People,1,1,199.0,199.0,199.0
Beautywise,1,0,1689.0,1689.0,1689.0
Becalm,1,1,297.0,297.0,297.0
Bee & Beauty,1,1,499.0,499.0,499.0
Begin Bird,1,0,799.0,799.0,799.0
Bellardi,1,0,349.0,349.0,349.0
Belle Edge,1,0,1499.0,1499.0,1499.0
Bensten,1,1,289.0,289.0,289.0
Benzac,1,1,299.0,299.0,299.0
Bergamot Beauté,1,1,599.0,599.0,599.0
Bertolli,1,0,1199.0,1199.0,1199.0
Besties,1,1,325.0,325.0,325.0
Better Bet,1,0,499.0,499.0,499.0
BetterPlastic,1,1,899.0,899.0,899.0
Beyond Rice,1,0,385.0,385.0,385.0
Beyond Touch,1,0,899.0,899.0,899.0
Bhagirathi,1,0,70.0,70.0,70.0
Bharat Fit,1,0,459.0,459.0,459.0
Bicycle,1,0,259.0,259.0,259.0
Big Blue,1,1,100.0,100.0,100.0
Billion Dollar Club,1,1,799.0,799.0,799.0
Biogreen,1,0,345.0,345.0,345.0
Biotane,1,1,249.0,249.0,249.0
Bishanlal Babulal Bhujiawala,1,1,249.0,249.0,249.0
Bisk Farm,1,1,30.0,30.0,30.0
Biswa Bangla,1,0,409.0,409.0,409.0
Black & Green,1,0,2200.0,2200.0,2200.0
Black Box,1,1,79.0,79.0,79.0
Black Box Papers,1,0,389.0,389.0,389.0
Blaupunkt,1,0,450.0,450.0,450.0
BlendLife,1,0,3000.0,3000.0,3000.0
Blinkit,1,1,500.0,500.0,500.0
Bliss Natural,1,0,465.0,465.0,465.0
Bloq,1,1,99.0,99.0,99.0
Blu Premium,1,0,99.0,99.0,99.0
Blue Carrot,1,1,399.0,399.0,399.0
Blue Tea,1,0,339.0,339.0,339.0
Blue Tyga,1,0,1999.0,1999.0,1999.0
Blushark,1,0,549.0,549.0,549.0
Blushkar,1,0,159.0,159.0,159.0
Body Essentials,1,1,225.0,225.0,225.0
Bodyband,1,0,290.0,290.0,290.0
Boenjoy,1,0,899.0,899.0,899.0
Boho Girl,1,0,799.0,799.0,799.0
Bold Man,1,1,199.0,199.0,199.0
Bonphool,1,1,849.0,849.0,849.0
Bonvie,1,1,199.0,199.0,199.0
Boost,1,0,334.0,334.0,334.0
Boozy Bombs,1,0,399.0,399.0,399.0
Botanical Beauty,1,0,640.0,640.0,640.0
Brado Jewellery,1,0,599.0,599.0,599.0
Braun,1,0,1759.0,1759.0,1759.0
Brij-S-Care,1,0,378.0,378.0,378.0
Brijwasi,1,1,350.0,350.0,350.0
Brillare Science,1,1,328.0,328.0,328.0
Britannia Bourbon,1,1,19.0,19.0,19.0
Britannia Nice Time,1,1,25.0,25.0,25.0
Britannia Tiger Krunch,1,1,67.0,67.0,67.0
Britannia Winkin Cow,1,1,36.0,36.0,36.0
British Phytonutrients,1,1,2490.0,2490.0,2490.0
Broen,1,0,169.0,169.0,169.0
Broiden,1,0,649.0,649.0,649.0
Brooklane,1,1,250.0,250.0,250.0
Brown & Polson,1,1,38.0,38.0,38.0
Bruno Milano,1,0,3348.0,3348.0,3348.0
Built With Plants,1,1,699.0,699.0,699.0
Bye organic,1,0,249.0,249.0,249.0
Byoode,1,1,199.0,199.0,199.0
C.H.K MASALA,1,1,299.0,299.0,299.0
C9 Airwear,1,0,692.0,692.0,692.0
CARE,1,0,260.0,260.0,260.0
CERO,1,0,211.0,211.0,211.0
CGG Cosmetics,1,0,209.0,209.0,209.0
CHIAS,1,0,270.0,270.0,270.0
COSRX,1,0,1450.0,1450.0,1450.0
Cadbury Nutties,1,1,45.0,45.0,45.0
Calibar,1,1,425.0,425.0,425.0
Calmras,1,0,594.0,594.0,594.0
Camdin,1,0,399.0,399.0,399.0
Candere Gold Coin,1,1,500.0,500.0,500.0
Cannapro,1,1,60.0,60.0,60.0
Carakara,1,0,225.0,225.0,225.0
Caravan Hindi,1,1,150.0,150.0,150.0
Caraway,1,0,395.0,395.0,395.0
Careberry,1,0,599.0,599.0,599.0
Carefree,1,0,159.0,159.0,159.0
Careus Pharmaceuticals,1,0,199.0,199.0,199.0
Casinoite,1,0,869.0,869.0,869.0
Caviele Care,1,1,179.0,179.0,179.0
Center Fresh,1,0,90.0,90.0,90.0
Century,1,0,325.0,325.0,325.0
Chaebol,1,0,2499.0,2499.0,2499.0
Chai Point,1,0,185.0,185.0,185.0
Chakki Peesing,1,1,349.0,349.0,349.0
Chaman,1,1,349.0,349.0,349.0
Char Energy,1,1,349.0,349.0,349.0
Charminar,1,1,369.0,369.0,369.0
Chaska Bite,1,0,195.0,195.0,195.0
Chaxels,1,1,114.0,114.0,114.0
Chef Sports,1,0,599.0,599.0,599.0
ChefiGo,1,0,129.0,129.0,129.0
Chhokra,1,0,210.0,210.0,210.0
Chicnutrix,1,0,546.0,546.0,546.0
Chilzo,1,0,179.0,179.0,179.0
Chimp x Herbs,1,0,495.0,495.0,495.0
Cho Cho,1,1,340.0,340.0,340.0
Choco Blast,1,0,449.0,449.0,449.0
Chocobles,1,0,249.0,249.0,249.0
Chocomond,1,0,300.0,300.0,300.0
Cif,1,1,279.0,279.0,279.0
Cigibud,1,0,350.0,350.0,350.0
Cinagro,1,0,399.0,399.0,399.0
Clapbox,1,0,2450.0,2450.0,2450.0
Clarkia,1,1,179.0,179.0,179.0
Clat,1,0,399.0,399.0,399.0
Cleevo,1,1,199.0,199.0,199.0
Clenne,1,1,139.0,139.0,139.0
Clensta,1,0,549.0,549.0,549.0
Cliniqo,1,0,150.0,150.0,150.0
Clockwork,1,0,599.0,599.0,599.0
Clover,1,0,599.0,599.0,599.0
Cnergy,1,1,355.0,355.0,355.0
Cobaltbee,1,1,159.0,159.0,159.0
Coco Moco,1,1,299.0,299.0,299.0
Cocon,1,1,110.0,110.0,110.0
Coffeeza,1,0,530.0,530.0,530.0
Colonel KUSHWAHA'S,1,0,185.0,185.0,185.0
ComfortPlus,1,0,98.0,98.0,98.0
Communal,1,1,899.0,899.0,899.0
Concify,1,0,1200.0,1200.0,1200.0
Control D,1,1,40.0,40.0,40.0
Cooksafari,1,0,120.0,120.0,120.0
Coolife,1,1,299.0,299.0,299.0
Core Clean,1,0,399.0,399.0,399.0
Corvell,1,0,3499.0,3499.0,3499.0
CosIQ,1,0,299.0,299.0,299.0
Cosmic Byte,1,0,999.0,999.0,999.0
Counselor,1,0,799.0,799.0,799.0
Craftearth,1,0,299.0,299.0,299.0
Crave Green,1,0,149.0,149.0,149.0
Criksbites,1,1,249.0,249.0,249.0
Crocin,1,0,113.0,113.0,113.0
Croma,1,1,1960.0,1960.0,1960.0
Cropicon,1,0,399.0,399.0,399.0
Crumbzee,1,1,239.0,239.0,239.0
CrystalPure,1,1,109.0,109.0,109.0
Cubelelo,1,1,219.0,219.0,219.0
Cuckoo S,1,0,349.0,349.0,349.0
Cuddly Beans,1,0,149.0,149.0,149.0
Cukoo,1,0,1507.0,1507.0,1507.0
Cumin Co.,1,0,899.0,899.0,899.0
Curio Lifestyle,1,0,1400.0,1400.0,1400.0
Cuticolor,1,0,1749.0,1749.0,1749.0
Cynflees,1,0,799.0,799.0,799.0
D'you,1,0,2000.0,2000.0,2000.0
DBM Himalaya,1,1,210.0,210.0,210.0
DKNY,1,0,4349.0,4349.0,4349.0
DLECK,1,1,399.0,399.0,399.0
DaSync,1,1,230.0,230.0,230.0
Dabur GlucoPlus-C,1,1,166.0,166.0,166.0
Daichi,1,0,999.0,999.0,999.0
DailyHerbs,1,0,319.0,319.0,319.0
Daishik,1,1,68.0,68.0,68.0
Dakshyn,1,0,149.0,149.0,149.0
Dal Samarkand,1,1,249.0,249.0,249.0
Daluci,1,0,999.0,999.0,999.0
Danaram,1,1,199.0,199.0,199.0
Dazzle,1,1,49.0,49.0,49.0
Deanch,1,1,699.0,699.0,699.0
Decathlon Forclaz,1,0,129.0,129.0,129.0
Decathlon Kalenji,1,0,349.0,349.0,349.0
Decathlon Kipsta,1,1,409.0,409.0,409.0
Decathlon Olaian,1,0,289.0,289.0,289.0
Decathlon Watko,1,0,389.0,389.0,389.0
Deewal,1,0,290.0,290.0,290.0
Delicious,1,1,117.0,117.0,117.0
Deseo,1,1,425.0,425.0,425.0
Desi By Nature,1,0,489.0,489.0,489.0
Desi Treat,1,1,219.0,219.0,219.0
DesignLand,1,1,495.0,495.0,495.0
Desire,1,0,414.0,414.0,414.0
Dexolac,1,1,490.0,490.0,490.0
Dhanpat Rai,1,0,695.0,695.0,695.0
Dharishah Ayurveda,1,1,349.0,349.0,349.0
Dharmanis International,1,0,269.0,269.0,269.0
Dharohar,1,1,249.0,249.0,249.0
Dhruvine,1,1,289.0,289.0,289.0
DiabeSmart,1,1,189.0,189.0,189.0
Diabexy,1,1,522.0,522.0,522.0
Diamond,1,0,130.0,130.0,130.0
Digitox Kits,1,1,499.0,499.0,499.0
Disney Frozen,1,0,499.0,499.0,499.0
Divya Sutra,1,0,169.0,169.0,169.0
Divyalok,1,1,299.0,299.0,299.0
Divyamrit,1,0,99.0,99.0,99.0
Dizzle,1,0,130.0,130.0,130.0
Dji,1,0,5999.0,5999.0,5999.0
Doctor's Choice,1,1,349.0,349.0,349.0
Domino's Pizza,1,1,220.0,220.0,220.0
Don Julio,1,1,100.0,100.0,100.0
DonVin,1,1,325.0,325.0,325.0
Doobidoo,1,1,449.0,449.0,449.0
Dr Dermic Co,1,1,549.0,549.0,549.0
Dr. Tea,1,0,199.0,199.0,199.0
Dr. Vaidya's,1,1,399.0,399.0,399.0
Dream Makeup,1,1,189.0,189.0,189.0
Dring,1,1,302.0,302.0,302.0
Drishti,1,0,180.0,180.0,180.0
Drmady,1,1,499.0,499.0,499.0
Drolia's,1,1,64.0,64.0,64.0
Duckback,1,1,395.0,395.0,395.0
Dudao,1,1,299.0,299.0,299.0
Dyanora,1,0,3199.0,3199.0,3199.0
Dyson,1,0,45900.0,45900.0,45900.0
EAT5,1,0,225.0,225.0,225.0
ERD,1,0,221.0,221.0,221.0
EXALT,1,0,499.0,499.0,499.0
EZWashSheets,1,1,350.0,350.0,350.0
Eagle,1,1,285.0,285.0,285.0
Earlift,1,1,250.0,250.0,250.0
EarthFirst,1,0,279.0,279.0,279.0
Earthy Tales,1,0,87.0,87.0,87.0
Eatons,1,0,199.0,199.0,199.0
Eco Clothing,1,0,699.0,699.0,699.0
Ecofrico,1,0,349.0,349.0,349.0
Ecosac,1,0,235.0,235.0,235.0
Ecosattva,1,1,400.0,400.0,400.0
Edufun Toys,1,1,149.0,149.0,149.0
Einstein Box,1,0,730.0,730.0,730.0
El Bueno Coffee Roasters,1,0,612.0,612.0,612.0
Elamra,1,1,499.0,499.0,499.0
Elara,1,1,595.0,595.0,595.0
Elecart,1,0,449.0,449.0,449.0
Electral,1,0,23.0,23.0,23.0
Elements,1,1,80.0,80.0,80.0
Eliesaab,1,1,4009.0,4009.0,4009.0
Elove,1,0,1299.0,1299.0,1299.0
Elver,1,0,200.0,200.0,200.0
Elvian,1,1,199.0,199.0,199.0
Ema & Emilio,1,1,999.0,999.0,999.0
Embassy Books,1,0,250.0,250.0,250.0
Embryolisse,1,1,1373.0,1373.0,1373.0
Emigel Luxe,1,1,599.0,599.0,599.0
Emperor,1,1,285.0,285.0,285.0
Enchanteur,1,1,148.0,148.0,148.0
Enerzal,1,1,53.0,53.0,53.0
Eno Chewy Bites,1,0,65.0,65.0,65.0
Enon,1,0,1599.0,1599.0,1599.0
Epitight,1,0,599.0,599.0,599.0
Esplanade,1,0,215.0,215.0,215.0
Esquire India,1,1,300.0,300.0,300.0
Essentium Phygen,1,0,175.0,175.0,175.0
Eternal Blooms,1,0,189.0,189.0,189.0
Ethiek,1,1,217.0,217.0,217.0
Ethniq,1,0,499.0,499.0,499.0
Eucerin,1,0,3780.0,3780.0,3780.0
Euphoria Jewellery Gold Coin,1,1,245.0,245.0,245.0
Eurofoil,1,1,209.0,209.0,209.0
Evaa Naturals,1,1,1749.0,1749.0,1749.0
Exposed,1,1,269.0,269.0,269.0
ExpressB,1,1,629.0,629.0,629.0
Eyetex,1,1,270.0,270.0,270.0
Eyewearlabs,1,0,3599.0,3599.0,3599.0
FCB,1,0,799.0,799.0,799.0
FEALS,1,0,175.0,175.0,175.0
Family,1,0,102.0,102.0,102.0
Fang,1,0,298.0,298.0,298.0
FarmDidi,1,0,145.0,145.0,145.0
Farmveda,1,1,145.0,145.0,145.0
Feather,1,1,399.0,399.0,399.0
Femifly,1,0,349.0,349.0,349.0
Fendo,1,0,299.0,299.0,299.0
Ferrero,1,1,458.0,458.0,458.0
Festaholic,1,1,151.0,151.0,151.0
Festivora,1,1,349.0,349.0,349.0
Fiddlys,1,1,229.0,229.0,229.0
Fidore,1,0,209.0,209.0,209.0
Fine Art,1,1,28.0,28.0,28.0
First Plant,1,0,199.0,199.0,199.0
Fitpass,1,1,425.0,425.0,425.0
Flawsome,1,0,139.0,139.0,139.0
Flexnest,1,0,1999.0,1999.0,1999.0
Flyberry,1,0,668.0,668.0,668.0
Follihair,1,0,1423.0,1423.0,1423.0
Fonsie,1,1,190.0,190.0,190.0
Food & Faith,1,1,89.0,89.0,89.0
Foodphenic,1,0,164.0,164.0,164.0
Footvital,1,0,295.0,295.0,295.0
Forest Found,1,0,699.0,699.0,699.0
Fortune Asia,1,0,500.0,500.0,500.0
Fortune India,1,1,200.0,200.0,200.0
Forus,1,0,399.0,399.0,399.0
Foyer,1,1,119.0,119.0,119.0
Frank,1,1,349.0,349.0,349.0
FreeStyle Libre,1,0,5138.0,5138.0,5138.0
Freeman,1,1,49.0,49.0,49.0
Frenchie,1,0,299.0,299.0,299.0
Freshify,1,1,222.0,222.0,222.0
Freshleaf,1,1,199.0,199.0,199.0
Fruitella,1,1,65.0,65.0,65.0
Fubs,1,1,999.0,999.0,999.0
Full Houz,1,0,199.0,199.0,199.0
Fumato by The Better Home,1,0,999.0,999.0,999.0
Fusion,1,1,199.0,199.0,199.0
Future World,1,1,980.0,980.0,980.0
Fybros,1,0,229.0,229.0,229.0
Fytika Health Care Products,1,0,599.0,599.0,599.0
G Fresh,1,0,65.0,65.0,65.0
GG,1,0,63.0,63.0,63.0
GG Copper,1,0,990.0,990.0,990.0
GIVMI,1,1,229.0,229.0,229.0
GLO Mama,1,0,699.0,699.0,699.0
GOEKA,1,0,399.0,399.0,399.0
Game Seekers,1,0,489.0,489.0,489.0
Gangotri,1,0,150.0,150.0,150.0
Garden Genie,1,0,400.0,400.0,400.0
Garima Essentials,1,0,229.0,229.0,229.0
Gayor Essentials,1,0,1099.0,1099.0,1099.0
Gemini,1,0,197.0,197.0,197.0
Genesis,1,1,239.0,239.0,239.0
GetKrrackin,1,1,349.0,349.0,349.0
Getfit,1,0,299.0,299.0,299.0
GharSe.Store,1,0,149.0,149.0,149.0
Giffy,1,1,309.0,309.0,309.0
GiftsOnn,1,0,299.0,299.0,299.0
Gipl,1,1,199.0,199.0,199.0
Gizmore,1,0,789.0,789.0,789.0
Glassy,1,0,249.0,249.0,249.0
Gleora,1,1,137.0,137.0,137.0
Glint Electric,1,0,324.0,324.0,324.0
GloveMasters,1,1,269.0,269.0,269.0
Glow & Lovely,1,1,125.0,125.0,125.0
Glucose-D,1,0,189.0,189.0,189.0
Go Garden,1,0,199.0,199.0,199.0
Go Hooked,1,0,199.0,199.0,199.0
GoMechanic,1,0,6500.0,6500.0,6500.0
Goclean,1,1,203.0,203.0,203.0
Godrej Cartini,1,1,164.0,164.0,164.0
Godrej Magic,1,1,120.0,120.0,120.0
Godrej Selfie,1,0,120.0,120.0,120.0
Golden Grain,1,0,399.0,399.0,399.0
Golden Peacock,1,0,429.0,429.0,429.0
Gomytoy,1,0,579.0,579.0,579.0
Good&Moore,1,1,348.0,348.0,348.0
Gopi Nand Bhog,1,0,135.0,135.0,135.0
Gordon's,1,0,80.0,80.0,80.0
Goyoku,1,1,334.0,334.0,334.0
Grabenord,1,1,220.0,220.0,220.0
Gramin Bytes,1,0,1589.0,1589.0,1589.0
Gramyumm,1,0,199.0,199.0,199.0
Grannyways,1,0,350.0,350.0,350.0
Greendipz,1,0,310.0,310.0,310.0
Greendot Biopak,1,0,502.0,502.0,502.0
Grenzo,1,0,497.0,497.0,497.0
Griha Product,1,1,240.0,240.0,240.0
Gud Gum,1,0,264.0,264.0,264.0
Guddie,1,0,270.0,270.0,270.0
Gudiya Toys,1,0,39.0,39.0,39.0
Gurkha,1,0,1499.0,1499.0,1499.0
Gyan Organics,1,0,499.0,499.0,499.0
Gynesutra,1,1,499.0,499.0,499.0
HARAN,1,1,265.0,265.0,265.0
HDC Siridhanya,1,0,749.0,749.0,749.0
HE,1,0,590.0,590.0,590.0
HEEVA,1,0,219.0,219.0,219.0
HINZA,1,0,199.0,199.0,199.0
Hamleys,1,0,799.0,799.0,799.0
Hanuta,1,0,199.0,199.0,199.0
Happiest Health,1,0,200.0,200.0,200.0
Happy Cultures,1,1,209.0,209.0,209.0
Hari Leaf,1,0,150.0,150.0,150.0
Haribo,1,0,299.0,299.0,299.0
Harnik,1,0,100.0,100.0,100.0
Harper Collins Publishers,1,0,599.0,599.0,599.0
Harry Potter,1,0,589.0,589.0,589.0
Haryana King,1,0,459.0,459.0,459.0
Haziro,1,0,179.0,179.0,179.0
Headshot,1,1,285.0,285.0,285.0
Healthians,1,1,220.0,220.0,220.0
HealthifyMe Smart Plan,1,0,850.0,850.0,850.0
Healthy Buddha,1,0,145.0,145.0,145.0
HealthyHey Nutrition,1,1,459.0,459.0,459.0
Heaven Gate,1,1,299.0,299.0,299.0
Heer by Giva,1,0,26899.0,26899.0,26899.0
Heineken,1,1,113.0,113.0,113.0
Helfinch,1,0,199.0,199.0,199.0
Herbal Treats by Deepika,1,0,199.0,199.0,199.0
Herbolina,1,0,265.0,265.0,265.0
Hichkie,1,0,699.0,699.0,699.0
Highlights Champs,1,0,64.0,64.0,64.0
Himalayan Hive,1,1,599.0,599.0,599.0
Hing Shakti,1,1,125.0,125.0,125.0
Hingubhai,1,1,249.0,249.0,249.0
Hipkoo Sports,1,0,1000.0,1000.0,1000.0
Holistify,1,0,900.0,900.0,900.0
Home Ethic,1,0,249.0,249.0,249.0
HomeShastra,1,0,699.0,699.0,699.0
Homelee Dekor,1,1,295.0,295.0,295.0
Homey Crochett,1,1,599.0,599.0,599.0
Honey Twigs,1,0,186.0,186.0,186.0
Honeywell,1,0,1499.0,1499.0,1499.0
Hot Wheels,1,0,703.0,703.0,703.0
Household Wrap,1,1,185.0,185.0,185.0
Houza,1,0,999.0,999.0,999.0
Hula Hoop by Foxtale,1,0,340.0,340.0,340.0
Humboldt,1,0,899.0,899.0,899.0
Humpy Farms,1,0,46.0,46.0,46.0
Hybrixx,1,0,998.0,998.0,998.0
Hyuman,1,0,110.0,110.0,110.0
Häv,1,1,199.0,199.0,199.0
I'm From,1,0,560.0,560.0,560.0
I'm Lite,1,1,108.0,108.0,108.0
IARA Golden Pearls,1,0,180.0,180.0,180.0
ILOK,1,1,239.0,239.0,239.0
Idukki Spices & Co.,1,1,289.0,289.0,289.0
Idukkigold,1,0,125.0,125.0,125.0
Ikcura,1,0,199.0,199.0,199.0
Ikrooi,1,1,569.0,569.0,569.0
Imara,1,0,999.0,999.0,999.0
Impact Water,1,0,449.0,449.0,449.0
Inatur,1,1,230.0,230.0,230.0
India's World,1,0,400.0,400.0,400.0
Indigenous Honey,1,1,679.0,679.0,679.0
Inmyo,1,1,115.0,115.0,115.0
Intex,1,0,1999.0,1999.0,1999.0
Invogue,1,0,3999.0,3999.0,3999.0
Iriko,1,0,5290.0,5290.0,5290.0
IshwarRoop,1,1,199.0,199.0,199.0
J Wellness Circle Therapy,1,1,5520.0,5520.0,5520.0
JSB,1,0,1950.0,1950.0,1950.0
Jagat,1,0,168.0,168.0,168.0
Jagat Pharma,1,1,399.0,399.0,399.0
Jai Shubam,1,0,189.0,189.0,189.0
Jaico Publishing House,1,0,290.0,290.0,290.0
Jain,1,0,165.0,165.0,165.0
Jain Shikanji,1,1,45.0,45.0,45.0
Jallan,1,0,219.0,219.0,219.0
Japam,1,0,799.0,799.0,799.0
Jarsome,1,1,499.0,499.0,499.0
Jaxpety,1,1,379.0,379.0,379.0
Jayanti,1,1,240.0,240.0,240.0
Jaypee,1,1,569.0,569.0,569.0
Jenny Denial,1,0,597.0,597.0,597.0
Jensons,1,0,449.0,449.0,449.0
Jeva,1,0,159.0,159.0,159.0
Jiva Ayurveda,1,0,220.0,220.0,220.0
Jodhana,1,1,250.0,250.0,250.0
Johnnie Walker Luxe Blended Water,1,1,350.0,350.0,350.0
Jolly Kids,1,0,350.0,350.0,350.0
Jovan,1,1,1429.0,1429.0,1429.0
Jungle Formula,1,0,250.0,250.0,250.0
Just a Leaf,1,0,234.0,234.0,234.0
Justhuman,1,1,1395.0,1395.0,1395.0
K Formula,1,1,623.0,623.0,623.0
K'triq,1,1,249.0,249.0,249.0
KAI India,1,1,79.0,79.0,79.0
KBM,1,0,99.0,99.0,99.0
KLAP,1,0,225.0,225.0,225.0
KOKOPO Foods,1,1,185.0,185.0,185.0
KORE,1,1,625.0,625.0,625.0
KS Foods,1,0,289.0,289.0,289.0
KSOAK,1,0,299.0,299.0,299.0
KVT Homes,1,0,399.0,399.0,399.0
Kabello,1,0,399.0,399.0,399.0
Kaleva,1,1,189.0,189.0,189.0
Kallisto Luxe,1,0,899.0,899.0,899.0
Kalyan Gold Coins,1,1,2000.0,2000.0,2000.0
KamaSutra,1,1,159.0,159.0,159.0
Karadi Tales,1,0,250.0,250.0,250.0
Kasika,1,0,225.0,225.0,225.0
Kasturi,1,0,259.0,259.0,259.0
Katlego,1,0,109.0,109.0,109.0
Kaweco,1,0,1795.0,1795.0,1795.0
Kayam,1,1,115.0,115.0,115.0
Kazima,1,0,199.0,199.0,199.0
Keep-It-Fresh,1,0,208.0,208.0,208.0
Kera Fine,1,0,599.0,599.0,599.0
Keramino Element.Professional,1,0,999.0,999.0,999.0
Keratine Professional,1,1,485.0,485.0,485.0
Kesar Bites,1,0,399.0,399.0,399.0
Kesardeep,1,0,1999.0,1999.0,1999.0
Kesri Tailam,1,0,249.0,249.0,249.0
Ketan Diamonds Gold Coin,1,1,2000.0,2000.0,2000.0
Keyora,1,0,1999.0,1999.0,1999.0
Kharif,1,1,550.0,550.0,550.0
Khc Kesaris,1,1,149.0,149.0,149.0
Khelspace,1,0,399.0,399.0,399.0
Khushburat,1,0,1169.0,1169.0,1169.0
Kiah Hygiene,1,0,299.0,299.0,299.0
Kikgerm,1,0,689.0,689.0,689.0
Kilavipara Heritage Farms,1,0,375.0,375.0,375.0
Kilig,1,0,29990.0,29990.0,29990.0
Kinded,1,0,549.0,549.0,549.0
King KVH,1,1,289.0,289.0,289.0
King's,1,1,135.0,135.0,135.0
Kiran,1,0,365.0,365.0,365.0
Kitchen Club,1,0,649.0,649.0,649.0
Kitchen Secret,1,0,199.0,199.0,199.0
Kitchential,1,0,295.0,295.0,295.0
Klassic,1,0,241.0,241.0,241.0
Klenzmo,1,1,212.0,212.0,212.0
Kodansha Comics,1,1,609.0,609.0,609.0
Kofol,1,1,61.0,61.0,61.0
Konquer Times,1,1,199.0,199.0,199.0
Kopiko,1,1,43.0,43.0,43.0
Kosh Veda,1,0,329.0,329.0,329.0
Kostilla,1,0,329.0,329.0,329.0
Kramson,1,1,75.0,75.0,75.0
Krishival Nuts,1,1,799.0,799.0,799.0
Kuantum Bond,1,1,599.0,599.0,599.0
Kuhl,1,1,2449.0,2449.0,2449.0
Kumari Kulture,1,0,159.0,159.0,159.0
Kumaun Hills,1,1,175.0,175.0,175.0
Kwality Eat,1,1,376.0,376.0,376.0
L.A. Girl,1,0,833.0,833.0,833.0
LAMEL,1,1,401.0,401.0,401.0
LAZYwindow,1,0,209.0,209.0,209.0
La Tableware,1,1,595.0,595.0,595.0
LaddooTales,1,1,399.0,399.0,399.0
Lady Care,1,0,549.0,549.0,549.0
Lady Fashion,1,1,285.0,285.0,285.0
Lakme Absolute,1,1,277.0,277.0,277.0
Laser,1,0,139.0,139.0,139.0
Laurier & Doucer,1,1,540.0,540.0,540.0
Lava,1,0,1299.0,1299.0,1299.0
Laxmi,1,1,189.0,189.0,189.0
Lay's Maxx,1,0,211.0,211.0,211.0
Lay's Stax,1,0,299.0,299.0,299.0
Lehar,1,1,20.0,20.0,20.0
Lemi Wash,1,0,200.0,200.0,200.0
Lenovo,1,0,589.0,589.0,589.0
Lerfot,1,0,349.0,349.0,349.0
Leriya Fashion,1,0,599.0,599.0,599.0
Li l Kiddy,1,1,249.0,249.0,249.0
Libuna,1,0,299.0,299.0,299.0
Licel,1,1,295.0,295.0,295.0
Lightning cable,1,1,399.0,399.0,399.0
Like Star,1,1,179.0,179.0,179.0
LilSupernova,1,0,1495.0,1495.0,1495.0
Lillbud,1,1,419.0,419.0,419.0
Liquations,1,0,179.0,179.0,179.0
Little Dew,1,1,195.0,195.0,195.0
Little Hands Big Hearts,1,0,500.0,500.0,500.0
Little House,1,0,349.0,349.0,349.0
LivinH,1,0,1999.0,1999.0,1999.0
Liviohome,1,1,172.0,172.0,172.0
Livskin,1,0,249.0,249.0,249.0
Liz No More,1,1,249.0,249.0,249.0
Local All Natural Soda,1,1,240.0,240.0,240.0
Local Charm,1,0,149.0,149.0,149.0
Lois Caron,1,0,399.0,399.0,399.0
Lord's Activeguard,1,1,199.0,199.0,199.0
Lotte Pepero,1,0,40.0,40.0,40.0
Louis Bayrad,1,0,369.0,369.0,369.0
Love Earth,1,1,249.0,249.0,249.0
Love Of India,1,1,749.0,749.0,749.0
Lovetc,1,1,999.0,999.0,999.0
Lucky Dice,1,1,299.0,299.0,299.0
Lux Champion,1,0,295.0,295.0,295.0
Lux Classic,1,1,289.0,289.0,289.0
Lux Venus Innerwear,1,0,327.0,327.0,327.0
Lux Venus Rainwear,1,0,121.0,121.0,121.0
Luzo,1,1,930.0,930.0,930.0
MANKU,1,1,389.0,389.0,389.0
MIREU,1,1,190.0,190.0,190.0
MPROW,1,0,499.0,499.0,499.0
MVURA,1,0,399.0,399.0,399.0
MYPB,1,0,1.0,1.0,1.0
Maati Care,1,0,220.0,220.0,220.0
Mad Over Toys,1,1,489.0,489.0,489.0
Madhubani Makhana,1,0,399.0,399.0,399.0
Mage AI,1,1,3520.0,3520.0,3520.0
Magic Pops,1,1,99.0,99.0,99.0
Magicwand,1,1,699.0,699.0,699.0
Mahadevi Ram Dev and Co,1,1,225.0,225.0,225.0
Mahavir,1,0,298.0,298.0,298.0
Mahrani,1,0,250.0,250.0,250.0
Maiva,1,0,199.0,199.0,199.0
Makanaka,1,0,485.0,485.0,485.0
Makbro,1,1,235.0,235.0,235.0
Makhayo,1,1,299.0,299.0,299.0
Makstile,1,1,399.0,399.0,399.0
Malaki,1,1,279.0,279.0,279.0
Malee,1,0,100.0,100.0,100.0
Maltesers,1,0,177.0,177.0,177.0
Mamansh,1,1,398.0,398.0,398.0
Manifest,1,0,300.0,300.0,300.0
Manor House,1,0,799.0,799.0,799.0
Manorama,1,0,339.0,339.0,339.0
Manorma,1,0,1199.0,1199.0,1199.0
Mantra,1,1,1950.0,1950.0,1950.0
Margo,1,1,181.0,181.0,181.0
Marks & Spencer,1,1,920.0,920.0,920.0
Markstor,1,1,349.0,349.0,349.0
Maroon,1,0,1999.0,1999.0,1999.0
Marvel Spiderman,1,0,399.0,399.0,399.0
Maskow Nutrition,1,1,349.0,349.0,349.0
MasterMedi,1,0,399.0,399.0,399.0
Matri,1,1,2499.0,2499.0,2499.0
Max Care,1,1,268.0,268.0,268.0
Mbepoxy,1,0,169.0,169.0,169.0
Me & Millets,1,0,169.0,169.0,169.0
Me soo yum,1,0,299.0,299.0,299.0
Mealeats,1,0,259.0,259.0,259.0
Meant,1,0,399.0,399.0,399.0
Medicube,1,0,2300.0,2300.0,2300.0
Mediwheel,1,1,213.0,213.0,213.0
Meiji Hello Panda,1,1,120.0,120.0,120.0
Melted Joy,1,1,399.0,399.0,399.0
Meyaar,1,0,999.0,999.0,999.0
Mikado,1,1,300.0,300.0,300.0
Mikanix,1,0,199.0,199.0,199.0
Milan,1,1,450.0,450.0,450.0
Milani,1,1,1650.0,1650.0,1650.0
Milex,1,0,500.0,500.0,500.0
MillD,1,0,249.0,249.0,249.0
Minitz,1,0,225.0,225.0,225.0
Mintop,1,0,1165.0,1165.0,1165.0
Minute Maid,1,0,82.0,82.0,82.0
Miresi,1,0,249.0,249.0,249.0
Mishriq,1,0,319.0,319.0,319.0
Miss Monk,1,0,359.0,359.0,359.0
Mithila Roots,1,1,365.0,365.0,365.0
Mizuberg,1,1,449.0,449.0,449.0
Moldberry,1,0,299.0,299.0,299.0
Moms DryDeli,1,0,135.0,135.0,135.0
Mom’s Therapy,1,0,459.0,459.0,459.0
Monkey Bar,1,0,299.0,299.0,299.0
Monopoly,1,0,248.0,248.0,248.0
Moon & Mount,1,0,399.0,399.0,399.0
Morhav,1,1,491.0,491.0,491.0
Moscure,1,0,1399.0,1399.0,1399.0
Mossant,1,0,78.0,78.0,78.0
Mr Pen,1,1,199.0,199.0,199.0
Mr Rice,1,1,185.0,185.0,185.0
Mr. Bomzy's Cocktail Bombs,1,0,299.0,299.0,299.0
Mr. Mogli,1,1,309.0,309.0,309.0
Mtg,1,0,450.0,450.0,450.0
Muditam Ayurveda,1,1,320.0,320.0,320.0
Mugdh.in,1,0,297.0,297.0,297.0
Mummy's Choice,1,0,259.0,259.0,259.0
Munch Fit,1,0,130.0,130.0,130.0
Munix,1,0,53.0,53.0,53.0
Murgi Compost,1,0,349.0,349.0,349.0
Mustela,1,1,501.0,501.0,501.0
Mutt of Course,1,0,99.0,99.0,99.0
My Armor,1,0,1999.0,1999.0,1999.0
My Choice,1,0,299.0,299.0,299.0
My Milestones,1,0,625.0,625.0,625.0
My Okhli,1,0,349.0,349.0,349.0
My Pahadi Dukan,1,1,699.0,699.0,699.0
MyCherry,1,0,1500.0,1500.0,1500.0
Myglamm,1,0,699.0,699.0,699.0
Myntra,1,1,500.0,500.0,500.0
Myorl-Care,1,1,632.0,632.0,632.0
Mystic Forest,1,1,220.0,220.0,220.0
Mysticmuse,1,1,214.0,214.0,214.0
NIVAH,1,1,299.0,299.0,299.0
NIVAM,1,1,249.0,249.0,249.0
NUVI Spicez,1,1,108.0,108.0,108.0
Narad-G,1,1,200.0,200.0,200.0
Narh,1,0,595.0,595.0,595.0
Native Forever,1,1,359.0,359.0,359.0
Natpra,1,0,589.0,589.0,589.0
Nature's Lap,1,1,129.0,129.0,129.0
Natures Choice Jaggery,1,0,249.0,249.0,249.0
Naturoz,1,0,340.0,340.0,340.0
Naulakha Soap,1,1,280.0,280.0,280.0
Navum,1,0,249.0,249.0,249.0
NeaToes,1,1,259.0,259.0,259.0
Neenu's Natural,1,0,209.0,209.0,209.0
Neesh,1,0,999.0,999.0,999.0
Neeta,1,0,119.0,119.0,119.0
Neodocs,1,0,699.0,699.0,699.0
Nerf,1,1,234.0,234.0,234.0
Nescafe Classic Black Roast,1,0,470.0,470.0,470.0
Nescafe Sunrise,1,0,388.0,388.0,388.0
Nestle Classic,1,1,50.0,50.0,50.0
Nestle Milo,1,1,43.0,43.0,43.0
Nestle NANGROW,1,0,570.0,570.0,570.0
Nestle Nan Lo Lac,1,1,660.0,660.0,660.0
Nestle Nestogen,1,0,285.0,285.0,285.0
Nestroots,1,0,899.0,899.0,899.0
Netmeds,1,1,230.0,230.0,230.0
Nextech,1,0,1449.0,1449.0,1449.0
Nicofree,1,1,239.0,239.0,239.0
Niconi,1,0,1399.0,1399.0,1399.0
Nicosure,1,0,249.0,249.0,249.0
Niramay Tattva,1,0,249.0,249.0,249.0
Nirogin,1,0,499.0,499.0,499.0
Nishk,1,1,449.0,449.0,449.0
Nita Mehta,1,0,220.0,220.0,220.0
NoHo,1,0,165.0,165.0,165.0
Nocap Foods,1,1,169.0,169.0,169.0
Nosy Crow,1,0,1699.0,1699.0,1699.0
Nourish Mantra,1,1,399.0,399.0,399.0
Nourish Organics,1,0,240.0,240.0,240.0
Nua Woman,1,1,390.0,390.0,390.0
Nutbeez,1,0,220.0,220.0,220.0
Nutrabud,1,0,699.0,699.0,699.0
Nutravolt,1,1,495.0,495.0,495.0
Nutree Concept,1,1,434.0,434.0,434.0
Nutriexpert,1,0,299.0,299.0,299.0
Nutrisum,1,1,96.0,96.0,96.0
Nutritjet,1,1,399.0,399.0,399.0
Nutsy Gutsy,1,0,415.0,415.0,415.0
Nutty,1,1,450.0,450.0,450.0
Nutty Yogi,1,1,302.0,302.0,302.0
Nutzee,1,0,285.0,285.0,285.0
Nuwelo,1,0,2999.0,2999.0,2999.0
Nykaa,1,1,500.0,500.0,500.0
OLV,1,0,499.0,499.0,499.0
ORUM,1,1,419.0,419.0,419.0
OTICA,1,0,649.0,649.0,649.0
OXY99,1,0,599.0,599.0,599.0
Oakter,1,1,949.0,949.0,949.0
Oaykay,1,0,260.0,260.0,260.0
Obbi,1,0,229.0,229.0,229.0
Oddenly,1,0,357.0,357.0,357.0
Oddy Uniwraps,1,0,197.0,197.0,197.0
Office Docs,1,0,599.0,599.0,599.0
Ogvan,1,1,269.0,269.0,269.0
Okamoto,1,1,217.0,217.0,217.0
Olay,1,0,560.0,560.0,560.0
Old Tree,1,0,399.0,399.0,399.0
Oli Ohh,1,1,89.0,89.0,89.0
OlivLife,1,1,249.0,249.0,249.0
Oliyer,1,0,499.0,499.0,499.0
Om Phool Batti,1,0,399.0,399.0,399.0
Omara,1,0,1799.0,1799.0,1799.0
One Wish,1,1,159.0,159.0,159.0
Oneway Happiness,1,0,249.0,249.0,249.0
Ong's,1,1,240.0,240.0,240.0
Only 1,1,0,999.0,999.0,999.0
Only Truth,1,1,269.0,269.0,269.0
Onyxneo,1,0,799.0,799.0,799.0
Opal,1,1,299.0,299.0,299.0
Orasore,1,1,269.0,269.0,269.0
Organic Acre Nutrition,1,1,219.0,219.0,219.0
Organic munch,1,1,359.0,359.0,359.0
Organigram,1,1,170.0,170.0,170.0
Organix Mantra,1,1,282.0,282.0,282.0
Origin Nutrition,1,0,129.0,129.0,129.0
Orpat,1,0,292.0,292.0,292.0
Oscar,1,0,1257.0,1257.0,1257.0
Ossden,1,1,189.0,189.0,189.0
Ossoro,1,0,199.0,199.0,199.0
Oswaal Books,1,0,1746.0,1746.0,1746.0
Oswal Publishers,1,0,599.0,599.0,599.0
Otoki,1,0,111.0,111.0,111.0
Outer Woods,1,0,899.0,899.0,899.0
Outlook Business,1,0,100.0,100.0,100.0
Outlook Hindi,1,0,50.0,50.0,50.0
Outlook Money,1,0,80.0,80.0,80.0
Overdrive,1,1,200.0,200.0,200.0
Oxford,1,1,525.0,525.0,525.0
OxyLife,1,0,161.0,161.0,161.0
Oxypop,1,1,149.0,149.0,149.0
Oxysaver,1,1,499.0,499.0,499.0
Oyaki,1,0,995.0,995.0,995.0
Oyo Baby,1,1,198.0,198.0,198.0
Oytra,1,0,299.0,299.0,299.0
Ozomax,1,0,315.0,315.0,315.0
PANINI,1,1,129.0,129.0,129.0
PC Jeweller Gold Coin,1,1,1000.0,1000.0,1000.0
Paancho,1,0,47.0,47.0,47.0
Packmate,1,0,169.0,169.0,169.0
Pahadi Harvest,1,0,285.0,285.0,285.0
Pahadi Tales,1,1,249.0,249.0,249.0
Pakhi,1,0,149.0,149.0,149.0
Paleo India,1,1,298.0,298.0,298.0
Papanata,1,1,280.0,280.0,280.0
Paperwrap,1,0,163.0,163.0,163.0
Paradyse Perfumes,1,0,299.0,299.0,299.0
Param Premium Swad Bhi Sehat Bhi,1,1,499.0,499.0,499.0
Parimal Mandir,1,0,230.0,230.0,230.0
Parle 20-20,1,0,48.0,48.0,48.0
Parle Happy Happy,1,0,67.0,67.0,67.0
Parle Kismi,1,1,44.0,44.0,44.0
Parle Mango Bite,1,0,48.0,48.0,48.0
Parle Nutricrunch,1,0,157.0,157.0,157.0
Parle Orange Bite,1,1,48.0,48.0,48.0
Parle Poppins,1,1,17.0,17.0,17.0
Pasabahce,1,0,549.0,549.0,549.0
Pashtush,1,0,5998.0,5998.0,5998.0
Pass Pass,1,0,92.0,92.0,92.0
Paula's Choice,1,0,1200.0,1200.0,1200.0
Pavya,1,0,299.0,299.0,299.0
Pearldew,1,0,190.0,190.0,190.0
Pecan,1,0,2999.0,2999.0,2999.0
Pee n Poo,1,1,235.0,235.0,235.0
Pegasus Books,1,0,299.0,299.0,299.0
Penguin Books,1,0,599.0,599.0,599.0
Pepe Jeans,1,0,269.0,269.0,269.0
PhudG,1,1,379.0,379.0,379.0
Pickle Fresh,1,1,299.0,299.0,299.0
Pickle Shickle,1,0,399.0,399.0,399.0
Pidilite,1,1,120.0,120.0,120.0
Pidilite Fevibond,1,0,55.0,55.0,55.0
Pii Tech,1,1,1750.0,1750.0,1750.0
Piknik,1,1,43.0,43.0,43.0
Pinecraft,1,0,159.0,159.0,159.0
Pink Lady,1,0,144.0,144.0,144.0
Pink Lotus,1,0,699.0,699.0,699.0
Pink Woolf,1,0,399.0,399.0,399.0
Pitaara,1,1,165.0,165.0,165.0
Planet of Toys,1,0,999.0,999.0,999.0
Playtico,1,1,349.0,349.0,349.0
Plotiv,1,0,1599.0,1599.0,1599.0
Pluffs,1,1,50.0,50.0,50.0
Plunge Skincare,1,1,349.0,349.0,349.0
Pocari Sweat,1,0,199.0,199.0,199.0
Points for Good,1,1,100.0,100.0,100.0
Pop The Party,1,0,699.0,699.0,699.0
Pop Zero,1,0,299.0,299.0,299.0
Popcube,1,0,999.0,999.0,999.0
Poppacorn,1,1,159.0,159.0,159.0
Poptail,1,0,200.0,200.0,200.0
Popware,1,0,495.0,495.0,495.0
Postman,1,1,285.0,285.0,285.0
Potencia,1,0,209.0,209.0,209.0
Powernosh,1,0,740.0,740.0,740.0
Ppnfi,1,1,309.0,309.0,309.0
Pratibha,1,0,699.0,699.0,699.0
Predator Energy,1,1,60.0,60.0,60.0
Pregawear,1,0,249.0,249.0,249.0
Prem Dulhan,1,0,179.0,179.0,179.0
Presaa,1,1,199.0,199.0,199.0
PristinePro,1,1,300.0,300.0,300.0
ProDot,1,1,265.0,265.0,265.0
ProElite,1,0,1999.0,1999.0,1999.0
Promotion,1,0,269.0,269.0,269.0
Protyze,1,1,999.0,999.0,999.0
Prustlr,1,0,449.0,449.0,449.0
Pujahome,1,1,255.0,255.0,255.0
Pure Organio,1,0,265.0,265.0,265.0
Pure Project,1,0,499.0,499.0,499.0
Pure Tree,1,0,240.0,240.0,240.0
Purique,1,1,269.0,269.0,269.0
Puro,1,1,99.0,99.0,99.0
Purpulp,1,0,459.0,459.0,459.0
Pyramid,1,0,350.0,350.0,350.0
QNT,1,1,1599.0,1599.0,1599.0
Qava,1,0,596.0,596.0,596.0
Qorfit,1,0,4444.0,4444.0,4444.0
Qudrat,1,0,249.0,249.0,249.0
Quick Dense,1,0,499.0,499.0,499.0
Quicknack,1,0,169.0,169.0,169.0
R for Rabbit,1,0,883.0,883.0,883.0
R3SET,1,1,199.0,199.0,199.0
ROMEE,1,0,530.0,530.0,530.0
ROSA,1,0,180.0,180.0,180.0
RPure,1,0,249.0,249.0,249.0
Racheyta,1,0,399.0,399.0,399.0
Radha Govind,1,0,295.0,295.0,295.0
Rahat rooh,1,0,439.0,439.0,439.0
Rajnigandha Silver Pearl,1,0,72.0,72.0,72.0
Ralph Lauren,1,1,7550.0,7550.0,7550.0
Ram Bandhu,1,0,99.0,99.0,99.0
Ramajeyam,1,1,285.0,285.0,285.0
Ramila,1,1,359.0,359.0,359.0
Ramoudhya,1,0,250.0,250.0,250.0
Ramraj Cotton,1,0,499.0,499.0,499.0
Rani,1,1,120.0,120.0,120.0
Ranjit Smart,1,1,255.0,255.0,255.0
Rare1studio,1,0,299.0,299.0,299.0
Rasaveda,1,0,199.0,199.0,199.0
Rasayanam,1,0,499.0,499.0,499.0
Ratan Plasticware,1,1,299.0,299.0,299.0
Rath,1,0,183.0,183.0,183.0
Ray No Sugar,1,1,549.0,549.0,549.0
ReCleno,1,0,215.0,215.0,215.0
Reader's Digest,1,0,125.0,125.0,125.0
Real Fruit Power,1,0,120.0,120.0,120.0
Reboot Ayurveda,1,0,1899.0,1899.0,1899.0
Redscience Nutrition,1,0,799.0,799.0,799.0
Redskull,1,1,1299.0,1299.0,1299.0
Reikved,1,0,499.0,499.0,499.0
RepelX,1,0,389.0,389.0,389.0
Rice Cake,1,1,150.0,150.0,150.0
Rinsol,1,1,135.0,135.0,135.0
Rioware,1,1,699.0,699.0,699.0
Ripped Up Nutrition,1,1,999.0,999.0,999.0
Rise for Men,1,1,499.0,499.0,499.0
Ritebite Max Protein Roots,1,0,116.0,116.0,116.0
Rivermoor,1,0,1299.0,1299.0,1299.0
Robb Report India,1,1,500.0,500.0,500.0
Robin,1,1,83.0,83.0,83.0
Roblox,1,1,931.0,931.0,931.0
Roda,1,0,250.0,250.0,250.0
Roma Puf,1,1,399.0,399.0,399.0
Rontyali,1,0,799.0,799.0,799.0
Ronzille,1,0,299.0,299.0,299.0
Roopure Harvest,1,1,169.0,169.0,169.0
Royal,1,1,119.0,119.0,119.0
Royal Grove,1,1,130.0,130.0,130.0
Royal Khajoor,1,1,50.0,50.0,50.0
Royal Sapphire,1,0,259.0,259.0,259.0
Ruby,1,0,145.0,145.0,145.0
Ruchi Gold,1,1,133.0,133.0,133.0
Rupa Publications India,1,0,480.0,480.0,480.0
Rustic Rituals,1,1,299.0,299.0,299.0
Rv Printer,1,0,250.0,250.0,250.0
S.B. Deer Brand,1,1,165.0,165.0,165.0
SHOWY,1,0,275.0,275.0,275.0
SIXIT,1,1,479.0,479.0,479.0
SKP Decor,1,0,220.0,220.0,220.0
SR's,1,1,240.0,240.0,240.0
SSNC Sunline Alaska Omega-3,1,0,499.0,499.0,499.0
SWAZE,1,0,499.0,499.0,499.0
Saar For You,1,0,299.0,299.0,299.0
Saburi,1,0,299.0,299.0,299.0
Saddle,1,0,749.0,749.0,749.0
Safe-O-Kid,1,1,269.0,269.0,269.0
Sage Bros,1,0,429.0,429.0,429.0
Sage Fable,1,1,229.0,229.0,229.0
Sahyog Wellness,1,1,749.0,749.0,749.0
Sakit,1,0,2499.0,2499.0,2499.0
Salt & Sip,1,0,499.0,499.0,499.0
Salt.,1,0,399.0,399.0,399.0
Samaroh,1,0,280.0,280.0,280.0
Sambhojanam,1,0,345.0,345.0,345.0
Sampusta,1,1,249.0,249.0,249.0
Samsara,1,0,320.0,320.0,320.0
Samsonite,1,0,10700.0,10700.0,10700.0
Sanatan Tattva,1,0,360.0,360.0,360.0
Sanbag Nature Farm,1,0,166.0,166.0,166.0
Santan,1,0,159.0,159.0,159.0
Sarefit,1,1,199.0,199.0,199.0
Sash Toys,1,1,349.0,349.0,349.0
Sassora,1,0,609.0,609.0,609.0
Sat Isabgol,1,1,158.0,158.0,158.0
Sattvic Essence,1,0,345.0,345.0,345.0
Satvyk,1,0,162.0,162.0,162.0
Satya Paul,1,0,4500.0,4500.0,4500.0
SatyaaVeda,1,0,305.0,305.0,305.0
Satyshiv,1,1,230.0,230.0,230.0
Saum,1,0,250.0,250.0,250.0
Sbooch,1,1,165.0,165.0,165.0
Scenty,1,0,599.0,599.0,599.0
Scitron,1,1,799.0,799.0,799.0
Sekyo,1,0,2990.0,2990.0,2990.0
Senerathe,1,0,179.0,179.0,179.0
Sennheiser,1,0,5990.0,5990.0,5990.0
Senor Pepito,1,0,43.0,43.0,43.0
Sera Natural,1,0,198.0,198.0,198.0
Sereko,1,1,427.0,427.0,427.0
Serveuttam,1,1,299.0,299.0,299.0
Shabari.Ai,1,0,156.0,156.0,156.0
Shah,1,1,220.0,220.0,220.0
Shakti Altar,1,0,1200.0,1200.0,1200.0
Shakti Comics,1,0,179.0,179.0,179.0
Shareat,1,1,39.0,39.0,39.0
Sharman Jain Sweets,1,0,240.0,240.0,240.0
Shatchakra,1,0,536.0,536.0,536.0
Shay,1,0,399.0,399.0,399.0
Sheeba,1,0,399.0,399.0,399.0
Sheopals,1,1,519.0,519.0,519.0
Shiva Organic,1,0,347.0,347.0,347.0
Shoeshine,1,1,199.0,199.0,199.0
Shopaarel,1,0,899.0,899.0,899.0
Shoppers Stop,1,1,500.0,500.0,500.0
Shopy Vision,1,1,480.0,480.0,480.0
Shree Daana,1,0,365.0,365.0,365.0
Shree Poshak,1,0,201.0,201.0,201.0
Shreem Vrindavan,1,0,399.0,399.0,399.0
Shri Aghanya,1,0,200.0,200.0,200.0
Shri Nand Kesari,1,1,519.0,519.0,519.0
Shrilalmahal Empire,1,0,1199.0,1199.0,1199.0
Shritoys,1,0,659.0,659.0,659.0
Shubhkariya,1,0,299.0,299.0,299.0
Shuddh Swad,1,0,299.0,299.0,299.0
Shusshh,1,0,1999.0,1999.0,1999.0
Shyft,1,0,800.0,800.0,800.0
Silaii,1,0,2999.0,2999.0,2999.0
Silicone Cart,1,1,699.0,699.0,699.0
Silver Shine,1,1,799.0,799.0,799.0
Simco,1,1,275.0,275.0,275.0
Simpletown,1,0,349.0,349.0,349.0
Simply Soho,1,1,419.0,419.0,419.0
Siridhanya,1,0,329.0,329.0,329.0
SkinQ,1,0,299.0,299.0,299.0
Skinn,1,1,475.0,475.0,475.0
Skip Hop,1,0,2699.0,2699.0,2699.0
Sleek,1,1,280.0,280.0,280.0
Slice,1,1,38.0,38.0,38.0
Smart Cook,1,1,25.0,25.0,25.0
Smart Saver,1,1,849.0,849.0,849.0
Smart and Handsome,1,1,178.0,178.0,178.0
Smartivity,1,0,499.0,499.0,499.0
Smile Foundation,1,1,445.0,445.0,445.0
Smokey Lust,1,1,325.0,325.0,325.0
Smyle,1,1,91.0,91.0,91.0
Snack It Up,1,0,279.0,279.0,279.0
Snkfy,1,1,299.0,299.0,299.0
Snutzy,1,1,199.0,199.0,199.0
Sofresh,1,1,345.0,345.0,345.0
Sokai,1,0,289.0,289.0,289.0
Solstice,1,0,699.0,699.0,699.0
Solved Labs,1,1,629.0,629.0,629.0
Sonata,1,0,1999.0,1999.0,1999.0
Soopii,1,0,185.0,185.0,185.0
Sophiya,1,1,109.0,109.0,109.0
Sopure Organics,1,1,199.0,199.0,199.0
Spaces,1,0,939.0,939.0,939.0
Sparx,1,1,339.0,339.0,339.0
Spectra,1,0,311.0,311.0,311.0
Spice Nest,1,1,199.0,199.0,199.0
Spiced Right,1,0,180.0,180.0,180.0
Spoilt,1,1,295.0,295.0,295.0
Sportzone,1,1,299.0,299.0,299.0
Spraymintt,1,1,85.0,85.0,85.0
Sri Balaji,1,0,798.0,798.0,798.0
Sri Sri Tattva,1,0,1805.0,1805.0,1805.0
Sskullhit,1,1,550.0,550.0,550.0
Ssunsu,1,0,1965.0,1965.0,1965.0
St. Dalfour,1,1,495.0,495.0,495.0
Stag,1,0,280.0,280.0,280.0
Stargaze,1,1,1299.0,1299.0,1299.0
Stazie,1,0,299.0,299.0,299.0
Steam,1,1,149.0,149.0,149.0
Steelgrip,1,0,14.0,14.0,14.0
Stevi0cal,1,0,419.0,419.0,419.0
Straw&Weave,1,0,289.0,289.0,289.0
Strokes by Namrata Mehta,1,0,399.0,399.0,399.0
Stuff Tree,1,0,399.0,399.0,399.0
Subhash Pustak Mandir,1,0,240.0,240.0,240.0
Suchali's Artisan Bakehouse,1,1,220.0,220.0,220.0
Sugar Free Green,1,0,297.0,297.0,297.0
Suhana Ambari,1,1,37.0,37.0,37.0
Sukoon,1,1,349.0,349.0,349.0
Sumukhi,1,0,100.0,100.0,100.0
Sun Shield,1,0,549.0,549.0,549.0
Sunfeast Bourbon,1,1,15.0,15.0,15.0
Sunfeast Glucose,1,0,92.0,92.0,92.0
Sunfeast Nice,1,0,22.0,22.0,22.0
Sunnac,1,1,599.0,599.0,599.0
Sunrich,1,0,165.0,165.0,165.0
Suntails,1,0,199.0,199.0,199.0
Super Mom by Apex,1,0,89.0,89.0,89.0
Superfie,1,0,1699.0,1699.0,1699.0
Supermax,1,1,219.0,219.0,219.0
Surprise Foods,1,0,220.0,220.0,220.0
Svaras,1,1,250.0,250.0,250.0
Swadesi Stuff,1,1,499.0,499.0,499.0
Swasth Grains,1,0,299.0,299.0,299.0
Swavix,1,1,199.0,199.0,199.0
Sweety By Mr Group,1,0,189.0,189.0,189.0
TEGO,1,1,1840.0,1840.0,1840.0
THR,1,0,200.0,200.0,200.0
TRP Essentials,1,1,199.0,199.0,199.0
TUGS,1,0,350.0,350.0,350.0
TYC,1,0,699.0,699.0,699.0
Taahara,1,0,1999.0,1999.0,1999.0
Taakat Hunger Bar,1,0,300.0,300.0,300.0
Tabasco,1,1,188.0,188.0,188.0
Table Brown,1,1,116.0,116.0,116.0
Taimed Hygiene,1,0,699.0,699.0,699.0
Taj Mahal Brand,1,1,275.0,275.0,275.0
Takis,1,1,159.0,159.0,159.0
Tansu,1,0,3999.0,3999.0,3999.0
Taparia,1,0,329.0,329.0,329.0
Tashi Naturals,1,1,389.0,389.0,389.0
Tata Coffee Gold,1,1,292.0,292.0,292.0
Tata Tea Gold Care,1,0,159.0,159.0,159.0
Tattva Spa,1,1,1275.0,1275.0,1275.0
Tea Culture of the World,1,0,225.0,225.0,225.0
Teahues,1,0,235.0,235.0,235.0
Teakwood Leathers,1,0,999.0,999.0,999.0
Teaseme,1,0,599.0,599.0,599.0
Teemoods,1,0,299.0,299.0,299.0
Tensifree,1,1,210.0,210.0,210.0
Terramark,1,0,540.0,540.0,540.0
Tetmosol,1,1,70.0,70.0,70.0
Textilewala,1,0,285.0,285.0,285.0
Tez,1,1,216.0,216.0,216.0
The Ace Card Company,1,1,289.0,289.0,289.0
The Bamboo Co,1,0,679.0,679.0,679.0
The Caravan,1,0,213.0,213.0,213.0
The Growing Giraffe,1,1,199.0,199.0,199.0
The Hindu,1,0,50.0,50.0,50.0
The Indian Beekeepers,1,0,498.0,498.0,498.0
The MMasala Box Co.,1,1,280.0,280.0,280.0
The Millet Company,1,1,215.0,215.0,215.0
The Nail Factory,1,1,899.0,899.0,899.0
The Organic Cosmos,1,0,629.0,629.0,629.0
The Skin Story,1,0,400.0,400.0,400.0
The Stone Aisle,1,0,99.0,99.0,99.0
The Tasty Millets,1,1,290.0,290.0,290.0
The Very Grain,1,0,350.0,350.0,350.0
Thirdbase,1,0,2199.0,2199.0,2199.0
Thread Sutra,1,1,699.0,699.0,699.0
Thrive Wellbeing,1,0,240.0,240.0,240.0
Thryve Nutrition,1,0,549.0,549.0,549.0
Tidy Sleep,1,0,198.0,198.0,198.0
Tiger,1,1,92.0,92.0,92.0
TilSona,1,1,245.0,245.0,245.0
Timalfi,1,0,2999.0,2999.0,2999.0
Time Out Popcorn,1,0,300.0,300.0,300.0
Timex,1,1,4046.0,4046.0,4046.0
Tint&Tonic,1,0,279.0,279.0,279.0
Tirumala Thati Bellam,1,0,249.0,249.0,249.0
Tombow,1,0,270.0,270.0,270.0
Tomcat,1,0,367.0,367.0,367.0
Tomcatshadow,1,0,467.0,467.0,467.0
Topps,1,1,149.0,149.0,149.0
Total Routine Co,1,1,289.0,289.0,289.0
Totalflux,1,0,167.0,167.0,167.0
Totobear,1,1,439.0,439.0,439.0
Toyco,1,1,289.0,289.0,289.0
Toygenie,1,1,249.0,249.0,249.0
Toykraftt,1,1,299.0,299.0,299.0
Toyovia,1,1,499.0,499.0,499.0
Travel Additions,1,0,1495.0,1495.0,1495.0
Travel Curry,1,1,299.0,299.0,299.0
Treelogical,1,1,399.0,399.0,399.0
Treevayu,1,1,269.0,269.0,269.0
Tressential,1,1,799.0,799.0,799.0
Treva,1,1,349.0,349.0,349.0
Triad-Barsana,1,0,600.0,600.0,600.0
Trideva,1,0,249.0,249.0,249.0
Trimfinity,1,0,999.0,999.0,999.0
Triphal,1,1,225.0,225.0,225.0
Truchicken,1,1,199.0,199.0,199.0
Truefitt & Hill,1,1,390.0,390.0,390.0
Truesnap,1,0,1995.0,1995.0,1995.0
Trulo,1,1,199.0,199.0,199.0
Trutip,1,1,139.0,139.0,139.0
Try to Karo,1,0,169.0,169.0,169.0
Turron,1,1,375.0,375.0,375.0
Tushar Gems,1,0,849.0,849.0,849.0
Twiggle,1,1,330.0,330.0,330.0
Twirtles,1,0,199.0,199.0,199.0
Two Moustaches,1,0,1595.0,1595.0,1595.0
Twohands,1,0,125.0,125.0,125.0
Tynor,1,0,747.0,747.0,747.0
U&I By TRIYAA,1,0,699.0,699.0,699.0
UB Organic,1,1,40.0,40.0,40.0
UPF,1,1,112.0,112.0,112.0
Uber,1,1,98.0,98.0,98.0
Ubisoft,1,0,4999.0,4999.0,4999.0
Ujala,1,1,90.0,90.0,90.0
Ujwala,1,0,269.0,269.0,269.0
Ullas,1,0,500.0,500.0,500.0
UltPult Tambola,1,1,224.0,224.0,224.0
UltraProlink,1,1,321.0,321.0,321.0
Ultradart,1,0,329.0,329.0,329.0
Ultramaxx,1,1,170.0,170.0,170.0
Unfltrd Luxury,1,0,699.0,699.0,699.0
UpUrFit,1,0,395.0,395.0,395.0
Urban Haat,1,0,199.0,199.0,199.0
Urban Wipe,1,1,199.0,199.0,199.0
Urbanfizzz,1,0,499.0,499.0,499.0
Urpbgift,1,0,299.0,299.0,299.0
Urvaa,1,0,999.0,999.0,999.0
Usables ORGANIC,1,0,149.0,149.0,149.0
V Star,1,0,540.0,540.0,540.0
VG-3,1,0,1199.0,1199.0,1199.0
VWash,1,1,183.0,183.0,183.0
VYNK,1,1,249.0,249.0,249.0
Vagad's,1,1,179.0,179.0,179.0
Valorant,1,1,862.0,862.0,862.0
Van Heusen,1,0,449.0,449.0,449.0
Vani Prakashan Group,1,0,269.0,269.0,269.0
Vantej,1,0,328.0,328.0,328.0
VariEx,1,0,599.0,599.0,599.0
Vasukie,1,0,359.0,359.0,359.0
Vayu Farms,1,0,199.0,199.0,199.0
Veara,1,0,399.0,399.0,399.0
Veer,1,1,219.0,219.0,219.0
Vegan Farms,1,1,48.0,48.0,48.0
Velvair,1,0,499.0,499.0,499.0
Venora,1,0,1599.0,1599.0,1599.0
Venusia,1,0,1079.0,1079.0,1079.0
Vetmoc,1,1,249.0,249.0,249.0
Vi-John,1,0,129.0,129.0,129.0
Vibhor,1,1,133.0,133.0,133.0
Vicks ZzzQuil,1,0,225.0,225.0,225.0
Victoria'S Secret Beauty,1,1,430.0,430.0,430.0
Vihomi,1,0,199.0,199.0,199.0
Vijay Sales,1,1,495.0,495.0,495.0
VillageTales,1,0,499.0,499.0,499.0
Vimaan Broom,1,1,179.0,179.0,179.0
Vistevia,1,0,280.0,280.0,280.0
Vita,1,0,703.0,703.0,703.0
Vita Etica,1,0,185.0,185.0,185.0
Vitawave,1,1,199.0,199.0,199.0
Viva Glam,1,1,799.0,799.0,799.0
Viva Rainwear,1,1,349.0,349.0,349.0
Vivilly,1,0,369.0,369.0,369.0
Vlado's Himalayan organics,1,1,762.0,762.0,762.0
Voltneex,1,1,180.0,180.0,180.0
Vrindavan Udyog,1,0,499.0,499.0,499.0
WD-40,1,1,119.0,119.0,119.0
WE (Win Everyday),1,1,389.0,389.0,389.0
Wakefit,1,0,949.0,949.0,949.0
Wall Essential,1,0,149.0,149.0,149.0
Warmth Web,1,0,1599.0,1599.0,1599.0
Water Delight,1,0,250.0,250.0,250.0
Waterleaf,1,0,249.0,249.0,249.0
WeCoCo,1,0,499.0,499.0,499.0
Wella Professionals,1,0,630.0,630.0,630.0
Wellness Tree,1,0,395.0,395.0,395.0
Wesnack,1,0,299.0,299.0,299.0
Wesol,1,0,299.0,299.0,299.0
Westfalia Fruit,1,1,149.0,149.0,149.0
Westside,1,1,250.0,250.0,250.0
White Dust Handcrafted,1,0,399.0,399.0,399.0
White Tone,1,1,110.0,110.0,110.0
Wholy,1,0,199.0,199.0,199.0
Wild Organic,1,1,227.0,227.0,227.0
Wild Rock,1,0,60.0,60.0,60.0
Wildglow,1,0,399.0,399.0,399.0
Wildly Pure,1,0,490.0,490.0,490.0
William's Wine,1,0,1250.0,1250.0,1250.0
Wiselife,1,0,1182.0,1182.0,1182.0
Wishkey,1,0,399.0,399.0,399.0
Wok Tok by Veeba,1,1,51.0,51.0,51.0
Woodward's,1,1,100.0,100.0,100.0
Woolah,1,0,399.0,399.0,399.0
Wow Skin Science,1,1,323.0,323.0,323.0
Wowoto,1,0,9999.0,9999.0,9999.0
Wrap Nest,1,0,215.0,215.0,215.0
Wrapped up Love,1,0,295.0,295.0,295.0
Wyzr,1,0,499.0,499.0,499.0
Wzatco,1,0,6990.0,6990.0,6990.0
XElectron,1,0,7999.0,7999.0,7999.0
XFyt,1,0,399.0,399.0,399.0
XLR8,1,1,475.0,475.0,475.0
XP-Pen,1,0,5999.0,5999.0,5999.0
Xo & More,1,1,599.0,599.0,599.0
YASYA,1,0,399.0,399.0,399.0
YUKI,1,1,179.0,179.0,179.0
YUMGO,1,0,160.0,160.0,160.0
Yamaha,1,0,790.0,790.0,790.0
Yamus Panchayat,1,1,120.0,120.0,120.0
Yo Green,1,0,399.0,399.0,399.0
Yopokki,1,0,295.0,295.0,295.0
YourKrishi,1,1,159.0,159.0,159.0
Yugap,1,0,299.0,299.0,299.0
Yumleys,1,1,379.0,379.0,379.0
Yummee,1,0,134.0,134.0,134.0
ZebraLearn,1,0,799.0,799.0,799.0
Zeeba,1,1,326.0,326.0,326.0
Zenma Coffee,1,0,248.0,248.0,248.0
Zig Zag,1,0,189.0,189.0,189.0
Ziggy,1,0,60.0,60.0,60.0
Zu-kini,1,0,195.0,195.0,195.0
Zunbella,1,1,699.0,699.0,699.0
Zury,1,1,200.0,200.0,200.0
charger,1,1,399.0,399.0,399.0
easy@ Home,1,0,937.0,937.0,937.0
hacuzo,1,1,240.0,240.0,240.0
iWalk,1,1,399.0,399.0,399.0
pellitory,1,0,999.0,999.0,999.0
riquenza,1,1,199.0,199.0,199.0
theWoodwhite,1,1,499.0,499.0,499.0
three60,1,0,349.0,349.0,349.0
